Started on: Sun, 07 Jun 2026 17:15:54 +0000
[mesh] Using STL: constant/triSurface/manifold.stl
[mesh] blockMesh
/*---------------------------------------------------------------------------*\
| =========                 |                                                 |
| \\      /  F ield         | OpenFOAM: The Open Source CFD Toolbox           |
|  \\    /   O peration     | Version:  2312                                  |
|   \\  /    A nd           | Website:  www.openfoam.com                      |
|    \\/     M anipulation  |                                                 |
\*---------------------------------------------------------------------------*/
Build  : _9a9aeb73-20260127 OPENFOAM=2312 patch=260127 version=2312
Arch   : "LSB;label=32;scalar=64"
Exec   : blockMesh
Date   : Jun 07 2026
Time   : 17:15:54
Host   : PC17
PID    : 13114
I/O    : uncollated
Case   : /home/kng/OpenFOAM/cfd-master-hcmut
nProcs : 1
trapFpe: Floating point exception trapping enabled (FOAM_SIGFPE).
fileModificationChecking : Monitoring run-time modified files using timeStampMaster (fileModificationSkew 5, maxFileModificationPolls 20)
allowSystemOperations : Allowing user-supplied system call operations

// * * * * * * * * * * * * * * * * * * * * * * * * * * * * * * * * * * * * * //
Create time

Creating block mesh from "system/blockMeshDict"
--> FOAM IOWarning :
    Found [v1012] 'convertToMeters' entry instead of 'scale' in dictionary "system/blockMeshDict"

    This keyword is 156 months old.

Creating block edges
No non-planar block faces defined
Creating topology blocks

Creating topology patches - from boundary section

Creating block mesh topology

Check topology

	Basic statistics
		Number of internal faces : 0
		Number of boundary faces : 6
		Number of defined boundary faces : 6
		Number of undefined boundary faces : 0
	Checking patch -> block consistency

Creating block offsets
Creating merge list (topological search)...
Deleting polyMesh directory "constant/polyMesh"

Creating polyMesh from blockMesh
Creating patches
Creating cells
Creating points with scale (1 1 1)
    Block 0 cell size :
        i : 0.0625 .. 0.0625
        j : 0.0625 .. 0.0625
        k : 0.0625 .. 0.0625

No patch pairs to merge

Writing polyMesh with 0 cellZones
----------------
Mesh Information
----------------
  boundingBox: (-0.5 -1.5 -0.5) (4.5 1.5 2.5)
  nPoints: 194481
  nCells: 184320
  nFaces: 562944
  nInternalFaces: 542976
----------------
Patches
----------------
  patch 0 (start: 542976 size: 2304) name: xMin
  patch 1 (start: 545280 size: 2304) name: xMax
  patch 2 (start: 547584 size: 3840) name: yMin
  patch 3 (start: 551424 size: 3840) name: yMax
  patch 4 (start: 555264 size: 3840) name: zMin
  patch 5 (start: 559104 size: 3840) name: zMax

End

[mesh] surfaceFeatureExtract
/*---------------------------------------------------------------------------*\
| =========                 |                                                 |
| \\      /  F ield         | OpenFOAM: The Open Source CFD Toolbox           |
|  \\    /   O peration     | Version:  2312                                  |
|   \\  /    A nd           | Website:  www.openfoam.com                      |
|    \\/     M anipulation  |                                                 |
\*---------------------------------------------------------------------------*/
Build  : _9a9aeb73-20260127 OPENFOAM=2312 patch=260127 version=2312
Arch   : "LSB;label=32;scalar=64"
Exec   : surfaceFeatureExtract
Date   : Jun 07 2026
Time   : 17:15:55
Host   : PC17
PID    : 13115
I/O    : uncollated
Case   : /home/kng/OpenFOAM/cfd-master-hcmut
nProcs : 1
trapFpe: Floating point exception trapping enabled (FOAM_SIGFPE).
fileModificationChecking : Monitoring run-time modified files using timeStampMaster (fileModificationSkew 5, maxFileModificationPolls 20)
allowSystemOperations : Allowing user-supplied system call operations

// * * * * * * * * * * * * * * * * * * * * * * * * * * * * * * * * * * * * * //
Create time


Note: Feature line extraction only valid on closed manifold surfaces

Reading surfaceFeatureExtractDict

Surfaces     : manifold.stl
Output       : manifold
Load options : offset
Write options: writeObj=yes writeVTK=off

Statistics:
Triangles    : 81934 in 5 region(s)
Vertices     : 40969
Bounding Box : (0 -1.125 -0.124988) (4 1.125 2.125)

Constructing feature set from included angle 150
Selecting edges based purely on geometric tests: no

Initial Feature set:
    points : 2
    edges  : 1411
    of which
        region edges   : 916
        external edges : 2
        internal edges : 493

Final Feature set:
    points : 1413
    of which
        convex             : 0
        concave            : 2
        mixed              : 0
        non-feature        : 1411
    edges  : 1411
    of which
        external edges     : 918
        internal edges     : 493
        flat edges         : 0
        open edges         : 0
        multiply connected : 0

Writing extendedFeatureEdgeMesh to "/home/kng/OpenFOAM/cfd-master-hcmut/constant/extendedFeatureEdgeMesh/manifold.extendedFeatureEdgeMesh"

Writing extendedEdgeMesh components to "/home/kng/OpenFOAM/cfd-master-hcmut/constant/extendedFeatureEdgeMesh/manifold"
Writing 0 convex feature points to "/home/kng/OpenFOAM/cfd-master-hcmut/constant/extendedFeatureEdgeMesh/manifold_convexFeaturePts.obj"
Writing 2 concave feature points to "/home/kng/OpenFOAM/cfd-master-hcmut/constant/extendedFeatureEdgeMesh/manifold_concaveFeaturePts.obj"
Writing 0 mixed feature points to "/home/kng/OpenFOAM/cfd-master-hcmut/constant/extendedFeatureEdgeMesh/manifold_mixedFeaturePts.obj"
Writing 0 mixed feature point structure to "/home/kng/OpenFOAM/cfd-master-hcmut/constant/extendedFeatureEdgeMesh/manifold_mixedFeaturePtsStructure.obj"
Writing 918 external edges to "/home/kng/OpenFOAM/cfd-master-hcmut/constant/extendedFeatureEdgeMesh/manifold_externalEdges.obj"
Writing 493 internal edges to "/home/kng/OpenFOAM/cfd-master-hcmut/constant/extendedFeatureEdgeMesh/manifold_internalEdges.obj"
Writing 0 flat edges to "/home/kng/OpenFOAM/cfd-master-hcmut/constant/extendedFeatureEdgeMesh/manifold_flatEdges.obj"
Writing 0 open edges to "/home/kng/OpenFOAM/cfd-master-hcmut/constant/extendedFeatureEdgeMesh/manifold_openEdges.obj"
Writing 0 multiple edges to "/home/kng/OpenFOAM/cfd-master-hcmut/constant/extendedFeatureEdgeMesh/manifold_multipleEdges.obj"
Writing 916 region edges to "/home/kng/OpenFOAM/cfd-master-hcmut/constant/extendedFeatureEdgeMesh/manifold_regionEdges.obj"
Writing 1411 edge directions to "/home/kng/OpenFOAM/cfd-master-hcmut/constant/extendedFeatureEdgeMesh/manifold_edgeDirections.obj"

Writing featureEdgeMesh to "/home/kng/OpenFOAM/cfd-master-hcmut/constant/triSurface/manifold.eMesh"
ExecutionTime = 0.2 s  ClockTime = 0 s

End

[mesh] snappyHexMesh -overwrite
/*---------------------------------------------------------------------------*\
| =========                 |                                                 |
| \\      /  F ield         | OpenFOAM: The Open Source CFD Toolbox           |
|  \\    /   O peration     | Version:  2312                                  |
|   \\  /    A nd           | Website:  www.openfoam.com                      |
|    \\/     M anipulation  |                                                 |
\*---------------------------------------------------------------------------*/
Build  : _9a9aeb73-20260127 OPENFOAM=2312 patch=260127 version=2312
Arch   : "LSB;label=32;scalar=64"
Exec   : snappyHexMesh -overwrite
Date   : Jun 07 2026
Time   : 17:15:55
Host   : PC17
PID    : 13116
I/O    : uncollated
Case   : /home/kng/OpenFOAM/cfd-master-hcmut
nProcs : 1
trapFpe: Floating point exception trapping enabled (FOAM_SIGFPE).
fileModificationChecking : Monitoring run-time modified files using timeStampMaster (fileModificationSkew 5, maxFileModificationPolls 20)
allowSystemOperations : Allowing user-supplied system call operations

// * * * * * * * * * * * * * * * * * * * * * * * * * * * * * * * * * * * * * //
Create time

Create mesh for time = 0

Read mesh in = 0.42 s

Overall mesh bounding box  : (-0.5 -1.5 -0.5) (4.5 1.5 2.5)
Relative tolerance         : 1e-06
Absolute matching distance : 6.55744e-06

Reading refinement surfaces.
Read refinement surfaces in = 0.13 s

Reading refinement shells.
Read refinement shells in = 0 s

Setting refinement level of surface to be consistent with shells.
For geometry manifold.stl detected 0 uncached triangles out of 81934
Checked shell refinement in = 0.4 s

Reading features.
Read edgeMesh manifold.eMesh
    points      : 1413
    edges       : 1411
    boundingBox : (0 -1.12444 -0.124988) (4 1.12444 2.12444)

Refinement level according to distance to "manifold.eMesh" (1413 points, 1411 edges).
    level 2 for all cells within 0 metre.
Read features in = 0 s


Determining initial surface intersections
-----------------------------------------

Edge intersection testing:
    Number of edges             : 562944
    Number of edges to retest   : 0
    Number of intersected edges : 0
Edge intersection testing:
    Number of edges             : 562944
    Number of edges to retest   : 562944
    Number of intersected edges : 2992
Calculated surface intersections in = 0.34 s

Initial mesh : cells:184320  faces:562944  points:194481
Cells per refinement level:
    0	184320
Setting refinement level of surface to be consistent with curvature.
Checked curvature refinement in = 0 s


Adding patches for surface regions
----------------------------------

Patch Type                Region                        
----- ----                ------                        
manifold:

6     patch               inlet                         
7     wall                wall                          
8     patch               outlet_33                     
9     patch               outlet_43                     
10    patch               outlet_53                     

Added patches in = 0.01 s

Edge intersection testing:
    Number of edges             : 562944
    Number of edges to retest   : 0
    Number of intersected edges : 2992
Decomposition method none [1]

Refinement phase
----------------

Found point (2 0 1) in cell 90199 on processor 0

Feature refinement iteration 0
------------------------------

Marked for refinement due to explicit features             : 93 cells.
Determined cells to refine in = 0.95 s
Selected for feature refinement : 93 cells (out of 184320)
Edge intersection testing:
    Number of edges             : 565410
    Number of edges to retest   : 4024
    Number of intersected edges : 3302
Refined mesh in = 0.28 s
After refinement feature refinement iteration 0 : cells:184971  faces:565410  points:195720
Cells per refinement level:
    0	184227
    1	744

Feature refinement iteration 1
------------------------------

Marked for refinement due to explicit features             : 191 cells.
Determined cells to refine in = 0.93 s
Selected for feature refinement : 301 cells (out of 184971)
Edge intersection testing:
    Number of edges             : 573123
    Number of edges to retest   : 12170
    Number of intersected edges : 4129
Refined mesh in = 0.26 s
After refinement feature refinement iteration 1 : cells:187078  faces:573123  points:199395
Cells per refinement level:
    0	184090
    1	1676
    2	1312

Feature refinement iteration 2
------------------------------

Marked for refinement due to explicit features             : 68 cells.
Determined cells to refine in = 0.95 s
Selected for feature refinement : 106 cells (out of 187078)
Edge intersection testing:
    Number of edges             : 575649
    Number of edges to retest   : 6367
    Number of intersected edges : 4255
Refined mesh in = 0.27 s
After refinement feature refinement iteration 2 : cells:187820  faces:575649  points:200452
Cells per refinement level:
    0	184052
    1	1912
    2	1856

Feature refinement iteration 3
------------------------------

Marked for refinement due to explicit features             : 14 cells.
Determined cells to refine in = 0.95 s
Selected for feature refinement : 19 cells (out of 187820)
Edge intersection testing:
    Number of edges             : 576081
    Number of edges to retest   : 1480
    Number of intersected edges : 4296
Refined mesh in = 0.26 s
After refinement feature refinement iteration 3 : cells:187953  faces:576081  points:200614
Cells per refinement level:
    0	184047
    1	1938
    2	1968

Feature refinement iteration 4
------------------------------

Marked for refinement due to explicit features             : 4 cells.
Determined cells to refine in = 0.95 s
Selected for feature refinement : 6 cells (out of 187953)
Edge intersection testing:
    Number of edges             : 576210
    Number of edges to retest   : 531
    Number of intersected edges : 4306
Refined mesh in = 0.27 s
After refinement feature refinement iteration 4 : cells:187995  faces:576210  points:200657
Cells per refinement level:
    0	184045
    1	1950
    2	2000

Feature refinement iteration 5
------------------------------

Marked for refinement due to explicit features             : 1 cells.
Determined cells to refine in = 0.95 s
Selected for feature refinement : 1 cells (out of 187995)
Edge intersection testing:
    Number of edges             : 576231
    Number of edges to retest   : 99
    Number of intersected edges : 4309
Refined mesh in = 0.27 s
After refinement feature refinement iteration 5 : cells:188002  faces:576231  points:200663
Cells per refinement level:
    0	184045
    1	1949
    2	2008

Feature refinement iteration 6
------------------------------

Marked for refinement due to explicit features             : 0 cells.
Determined cells to refine in = 0.96 s
Selected for feature refinement : 0 cells (out of 188002)
Stopping refining since too few cells selected.


Surface refinement iteration 0
------------------------------

Marked for refinement due to surface intersection          : 4163 cells.
Determined cells to refine in = 0.01 s
Selected for refinement : 4193 cells (out of 188002)
Edge intersection testing:
    Number of edges             : 673827
    Number of edges to retest   : 132119
    Number of intersected edges : 14136
Refined mesh in = 0.39 s
After refinement surface refinement iteration 0 : cells:217353  faces:673827  points:239482
Cells per refinement level:
    0	180496
    1	29697
    2	7160

Surface refinement iteration 1
------------------------------

Marked for refinement due to surface intersection          : 15456 cells.
Determined cells to refine in = 0.02 s
Selected for refinement : 16869 cells (out of 217353)
Edge intersection testing:
    Number of edges             : 1061313
    Number of edges to retest   : 505196
    Number of intersected edges : 47889
Refined mesh in = 0.71 s
After refinement surface refinement iteration 1 : cells:335436  faces:1061313  points:390647
Cells per refinement level:
    0	179063
    1	25725
    2	130648

Surface refinement iteration 2
------------------------------

Marked for refinement due to surface intersection          : 40 cells.
Determined cells to refine in = 0.02 s
Selected for refinement : 40 cells (out of 335436)
Edge intersection testing:
    Number of edges             : 1062153
    Number of edges to retest   : 3596
    Number of intersected edges : 47889
Refined mesh in = 0.56 s
After refinement surface refinement iteration 2 : cells:335716  faces:1062153  points:390927
Cells per refinement level:
    0	179063
    1	25685
    2	130968

Surface refinement iteration 3
------------------------------

Marked for refinement due to surface intersection          : 0 cells.
Determined cells to refine in = 0.02 s
Selected for refinement : 0 cells (out of 335716)
Stopping refining since too few cells selected.


Removing mesh beyond surface intersections
------------------------------------------

Setting cellZones according to locationsInMesh:
Location : (2 0 1)
    cellZone : none

For cellZone none found point (2 0 1) in global region 1 out of 2 regions.
--> FOAM Warning : 
    From void Foam::meshRefinement::nearestFace(const Foam::labelUList&, const Foam::bitSet&, Foam::autoPtr<Foam::mapDistribute>&, Foam::labelList&, Foam::label) const
    in file meshRefinement/meshRefinement.C at line 515
    Did not visit some faces, e.g. face 0 at (-0.4375 -1.46875 -0.46875)
Keeping all cells containing inside points
Selected for keeping : 115354 cells.
Edge intersection testing:
    Number of edges             : 389398
    Number of edges to retest   : 45836
    Number of intersected edges : 47889

Shell refinement iteration 0
----------------------------

Marked for refinement due to distance to explicit features : 0 cells.
Marked for refinement due to refinement shells             : 0 cells.
Determined cells to refine in = 0.58 s
Selected for internal refinement : 8101 cells (out of 115354)
Edge intersection testing:
    Number of edges             : 552922
    Number of edges to retest   : 378021
    Number of intersected edges : 47889
Refined mesh in = 0.42 s
After refinement shell refinement iteration 0 : cells:172061  faces:552922  points:209224
Cells per refinement level:
    0	0
    1	5775
    2	166286

Shell refinement iteration 1
----------------------------

Marked for refinement due to distance to explicit features : 0 cells.
Marked for refinement due to refinement shells             : 0 cells.
Determined cells to refine in = 0.07 s
Selected for internal refinement : 25 cells (out of 172061)
Edge intersection testing:
    Number of edges             : 553429
    Number of edges to retest   : 2633
    Number of intersected edges : 47889
Refined mesh in = 0.28 s
After refinement shell refinement iteration 1 : cells:172236  faces:553429  points:209382
Cells per refinement level:
    0	0
    1	5750
    2	166486

Shell refinement iteration 2
----------------------------

Marked for refinement due to distance to explicit features : 0 cells.
Marked for refinement due to refinement shells             : 0 cells.
Determined cells to refine in = 0.08 s
Selected for internal refinement : 0 cells (out of 172236)
Stopping refining since too few cells selected.


Dangling coarse cells refinement iteration 0
--------------------------------------------

Determined cells to refine in = 0 s
Selected for refinement : 9 cells (out of 172236)
Edge intersection testing:
    Number of edges             : 553564
    Number of edges to retest   : 1091
    Number of intersected edges : 47889
Refined mesh in = 0.27 s
After refinement coarse cell refinement iteration 0 : cells:172299  faces:553564  points:209400
Cells per refinement level:
    0	0
    1	5741
    2	166558

Dangling coarse cells refinement iteration 1
--------------------------------------------

Determined cells to refine in = 0.01 s
Selected for refinement : 0 cells (out of 172299)
Stopping refining since too few cells selected.


Dangling coarse cells refinement iteration 0
--------------------------------------------

Determined cells to refine in = 0 s
Selected for refinement : 0 cells (out of 172299)
Stopping refining since too few cells selected.


Refinement transition refinement iteration 0
--------------------------------------------

Determined cells to refine in = 0.01 s
Selected for refinement : 0 cells (out of 172299)
Stopping refining since too few cells selected.


Splitting mesh at surface intersections
---------------------------------------

Introducing baffles for 47889 faces that are intersected by the surface.

Setting cellZones according to locationsInMesh:
Location : (2 0 1)
    cellZone : none

For cellZone none found point (2 0 1) in global region 1 out of 2 regions.
Edge intersection testing:
    Number of edges             : 601453
    Number of edges to retest   : 300011
    Number of intersected edges : 95778
Created baffles in = 0.43 s


After introducing baffles : cells:172299  faces:601453  points:209400
Cells per refinement level:
    0	0
    1	5741
    2	166558

Introducing baffles to block off problem cells
----------------------------------------------

markFacesOnProblemCells : marked 76794 additional internal faces to be converted into baffles.
Analyzed problem cells in = 0.19 s


Introducing baffles to delete problem cells.

Edge intersection testing:
    Number of edges             : 678247
    Number of edges to retest   : 252844
    Number of intersected edges : 95778
Created baffles in = 0.36 s


After introducing baffles : cells:172299  faces:678247  points:209400
Cells per refinement level:
    0	0
    1	5741
    2	166558
Setting cellZones according to locationsInMesh:
Location : (2 0 1)
    cellZone : none

For cellZone none found point (2 0 1) in global region 34 out of 36720 regions.
Edge intersection testing:
    Number of edges             : 678247
    Number of edges to retest   : 349949
    Number of intersected edges : 95778

Remove unreachable sections of mesh
-----------------------------------

Keeping all cells containing points 1((2 0 1))
Selected for keeping : 111821 cells.
Edge intersection testing:
    Number of edges             : 368231
    Number of edges to retest   : 0
    Number of intersected edges : 47880
Split mesh in = 0.8 s


After subsetting : cells:111821  faces:368231  points:144995
Cells per refinement level:
    0	0
    1	5741
    2	106080

Introducing zones for interfaces
--------------------------------

Setting cellZones according to locationsInMesh:
Location : (2 0 1)
    cellZone : none

For cellZone none found point (2 0 1) in global region 0 out of 1 regions.
Setting faceZones according to neighbouring cellZones:

Edge intersection testing:
    Number of edges             : 368231
    Number of edges to retest   : 0
    Number of intersected edges : 47880

Handling cells with snap problems
---------------------------------

Introducing baffles for 47880 faces that are intersected by the surface.

Setting cellZones according to locationsInMesh:
Location : (2 0 1)
    cellZone : none

For cellZone none found point (2 0 1) in global region 0 out of 1 regions.
Edge intersection testing:
    Number of edges             : 368231
    Number of edges to retest   : 142419
    Number of intersected edges : 47880
Created baffles in = 0.46 s


After introducing baffles : cells:111821  faces:368231  points:144995
Cells per refinement level:
    0	0
    1	5741
    2	106080

Introducing baffles to block off problem cells
----------------------------------------------

markFacesOnProblemCells : marked 0 additional internal faces to be converted into baffles.
Analyzed problem cells in = 0.11 s


Introducing baffles to delete problem cells.

Created baffles in = 0.02 s


After introducing baffles : cells:111821  faces:368231  points:144995
Cells per refinement level:
    0	0
    1	5741
    2	106080
Setting cellZones according to locationsInMesh:
Location : (2 0 1)
    cellZone : none

For cellZone none found point (2 0 1) in global region 0 out of 1 regions.
Edge intersection testing:
    Number of edges             : 368231
    Number of edges to retest   : 142419
    Number of intersected edges : 47880

Remove unreachable sections of mesh
-----------------------------------

Split mesh in = 0.31 s


After subsetting : cells:111821  faces:368231  points:144995
Cells per refinement level:
    0	0
    1	5741
    2	106080

Merge free-standing baffles
---------------------------

freeStandingBaffles : detected 0 free-standing baffles out of 0

Detected free-standing baffles : 0
Merged free-standing baffles in = 0.04 s


dupNonManifoldPoints : Found : 0 non-manifold points (out of 144995)
Detected unsplittable baffles : 0

Merge refined boundary faces
----------------------------

Merging 0 sets of faces.

No faces merged ...

Merging all points on surface that
- are used by only two boundary faces and
- make an angle with a cosine of more than 0.707107.

No straight edges simplified and no points removed ...
Refined mesh : cells:111821  faces:368231  points:144995
Cells per refinement level:
    0	0
    1	5741
    2	106080
Writing mesh to time constant
Wrote mesh in = 0.25 s.
Mesh refined in = 14.86 s.

Morphing phase
--------------

Duplicating 0 points on faceZones of type boundary
Snapping to features in 15 iterations ...
Constructing mesh displacer ...
Using mesh parameters 
{
    maxNonOrtho     80;
    maxBoundarySkewness 20;
    maxInternalSkewness 4.5;
    maxConcave      80;
    minVol          1e-13;
    minTetQuality   1e-15;
    minArea         -1;
    minTwist        0.02;
    minDeterminant  0.001;
    minFaceWeight   0.05;
    minVolRatio     0.01;
    minTriangleTwist -1;
    minEdgeLength   -1;
    nSmoothScale    4;
    errorReduction  0.75;
    relaxed
    {
        maxNonOrtho     75;
    }
}


Checking initial mesh ...
Checking faces in error :
    non-orthogonality > 80  degrees                        : 0
    faces with face pyramid volume < 1e-13                 : 0
    faces with face-decomposition tet quality < 1e-15      : 0
    faces with concavity > 80  degrees                     : 0
    faces with skewness > 4.5 (internal) or 20  (boundary) : 0
    faces with interpolation weights (0..1)  < 0.05        : 0
    faces with volume ratio of neighbour cells < 0.01      : 0
    faces with face twist < 0.02                           : 0
    faces on cells with determinant < 0.001                : 0
Detected 0 illegal faces (concave, zero area or negative cell pyramid volume)
Checked initial mesh in = 0.65 s


Smoothing patch points ...
Smoothing iteration 0
Found 0 non-manifold point(s).

Scaling iteration 0
Moving mesh using displacement scaling : min:1  max:1
Checking faces in error :
    non-orthogonality > 80  degrees                        : 0
    faces with face pyramid volume < 1e-13                 : 0
    faces with face-decomposition tet quality < 1e-15      : 0
    faces with concavity > 80  degrees                     : 0
    faces with skewness > 4.5 (internal) or 20  (boundary) : 0
    faces with interpolation weights (0..1)  < 0.05        : 0
    faces with volume ratio of neighbour cells < 0.01      : 0
    faces with face twist < 0.02                           : 0
    faces on cells with determinant < 0.001                : 0
Successfully moved mesh

Smoothing iteration 1
Found 0 non-manifold point(s).

Scaling iteration 0
Moving mesh using displacement scaling : min:1  max:1
Checking faces in error :
    non-orthogonality > 80  degrees                        : 0
    faces with face pyramid volume < 1e-13                 : 0
    faces with face-decomposition tet quality < 1e-15      : 0
    faces with concavity > 80  degrees                     : 0
    faces with skewness > 4.5 (internal) or 20  (boundary) : 0
    faces with interpolation weights (0..1)  < 0.05        : 0
    faces with volume ratio of neighbour cells < 0.01      : 0
    faces with face twist < 0.02                           : 0
    faces on cells with determinant < 0.001                : 0
Successfully moved mesh

Smoothing iteration 2
Found 0 non-manifold point(s).

Scaling iteration 0
Moving mesh using displacement scaling : min:1  max:1
Checking faces in error :
    non-orthogonality > 80  degrees                        : 0
    faces with face pyramid volume < 1e-13                 : 0
    faces with face-decomposition tet quality < 1e-15      : 0
    faces with concavity > 80  degrees                     : 0
    faces with skewness > 4.5 (internal) or 20  (boundary) : 0
    faces with interpolation weights (0..1)  < 0.05        : 0
    faces with volume ratio of neighbour cells < 0.01      : 0
    faces with face twist < 0.02                           : 0
    faces on cells with determinant < 0.001                : 0
Successfully moved mesh

Patch points smoothed in = 0.76 s



Morph iteration 0
-----------------
Calculating patchDisplacement as distance to nearest surface point ...
    non-zone points : attract to nearest of all non-zone surfaces
    zone points     : attract to zone surface only

Wanted displacement : average:0.00117824 min:1.86361e-06 max:0.0086129
Calculated surface displacement in = 0.05 s


Detecting near surfaces ...
Overriding nearest with intersection of close gaps at 0 out of 47886 points.
Overriding displacement on features :
   implicit features    : false
   explicit features    : true
   multi-patch features : false

Detected 0 baffle edges out of 95768 edges.
Baffle points     : 0 of which attracted to :
    feature point : 0
    feature edge  : 0
    rest          : 0

Initially selected 408 mesh points out of 47886 for reverse attraction.
Selected 1228 mesh points out of 47886 for reverse attraction.
Stringing feature edges : changed 33 points
Stringing feature edges : changed 0 points
Attraction:
    linear   : max:(-0.00609225 0.00608823 1.57839e-08) avg:(1.84081e-06 1.06947e-07 -9.89029e-06)
    feature  : max:(0.0070073 0.00570142 -0.00664298) avg:(1.27365e-05 5.78805e-07 4.04082e-06)
Feature analysis : total master points :47886 of which attracted to :
    feature point   : 2
    feature edge    : 361
    nearest surface : 0
    rest            : 47523

--> FOAM Warning : Displacement (1.14214e-05 -1.93861e-07 -5.29798e-05) at mesh point 440 coord (1.87066 1.89843e-18 0.129341) points through the surrounding patch faces
Smoothing displacement ...
Iteration 0
Iteration 10
Iteration 20
Iteration 30
Iteration 40
Iteration 50
Iteration 60
Iteration 70
Iteration 80
Iteration 90
Displacement smoothed in = 0.55 s


Moving mesh ...

Iteration 0
Moving mesh using displacement scaling : min:1  max:1
Checking faces in error :
    non-orthogonality > 80  degrees                        : 0
    faces with face pyramid volume < 1e-13                 : 0
    faces with face-decomposition tet quality < 1e-15      : 0
    faces with concavity > 80  degrees                     : 0
    faces with skewness > 4.5 (internal) or 20  (boundary) : 0
    faces with interpolation weights (0..1)  < 0.05        : 0
    faces with volume ratio of neighbour cells < 0.01      : 0
    faces with face twist < 0.02                           : 0
    faces on cells with determinant < 0.001                : 0
Successfully moved mesh
Moved mesh in = 0.23 s



Morph iteration 1
-----------------
Calculating patchDisplacement as distance to nearest surface point ...
    non-zone points : attract to nearest of all non-zone surfaces
    zone points     : attract to zone surface only

Wanted displacement : average:0.00115431 min:1.18719e-06 max:0.00803872
Calculated surface displacement in = 0.06 s


Detecting near surfaces ...
Overriding nearest with intersection of close gaps at 0 out of 47886 points.
Overriding displacement on features :
   implicit features    : false
   explicit features    : true
   multi-patch features : false

Detected 0 baffle edges out of 95768 edges.
Baffle points     : 0 of which attracted to :
    feature point : 0
    feature edge  : 0
    rest          : 0

Initially selected 408 mesh points out of 47886 for reverse attraction.
Selected 1228 mesh points out of 47886 for reverse attraction.
Stringing feature edges : changed 33 points
Stringing feature edges : changed 0 points
Attraction:
    linear   : max:(-0.00568611 0.00568235 1.47341e-08) avg:(1.57491e-06 2.58947e-07 -9.56289e-06)
    feature  : max:(0.00654015 0.00567605 -0.00661349) avg:(1.21689e-05 3.31835e-07 3.89569e-06)
Feature analysis : total master points :47886 of which attracted to :
    feature point   : 2
    feature edge    : 361
    nearest surface : 0
    rest            : 47523

--> FOAM Warning : Displacement (2.09117e-05 -3.8367e-07 -0.000138439) at mesh point 440 coord (1.87067 -1.93861e-07 0.129288) points through the surrounding patch faces
Smoothing displacement ...
Iteration 0
Iteration 10
Iteration 20
Iteration 30
Iteration 40
Iteration 50
Iteration 60
Iteration 70
Iteration 80
Iteration 90
Displacement smoothed in = 0.57 s


Moving mesh ...

Iteration 0
Moving mesh using displacement scaling : min:1  max:1
Checking faces in error :
    non-orthogonality > 80  degrees                        : 0
    faces with face pyramid volume < 1e-13                 : 0
    faces with face-decomposition tet quality < 1e-15      : 0
    faces with concavity > 80  degrees                     : 0
    faces with skewness > 4.5 (internal) or 20  (boundary) : 0
    faces with interpolation weights (0..1)  < 0.05        : 0
    faces with volume ratio of neighbour cells < 0.01      : 0
    faces with face twist < 0.02                           : 0
    faces on cells with determinant < 0.001                : 0
Successfully moved mesh
Moved mesh in = 0.22 s



Morph iteration 2
-----------------
Calculating patchDisplacement as distance to nearest surface point ...
    non-zone points : attract to nearest of all non-zone surfaces
    zone points     : attract to zone surface only

Wanted displacement : average:0.00110265 min:6.06029e-07 max:0.00739845
Calculated surface displacement in = 0.05 s


Detecting near surfaces ...
Overriding nearest with intersection of close gaps at 0 out of 47886 points.
Overriding displacement on features :
   implicit features    : false
   explicit features    : true
   multi-patch features : false

Detected 0 baffle edges out of 95768 edges.
Baffle points     : 0 of which attracted to :
    feature point : 0
    feature edge  : 0
    rest          : 0

Initially selected 408 mesh points out of 47886 for reverse attraction.
Selected 1228 mesh points out of 47886 for reverse attraction.
Stringing feature edges : changed 33 points
Stringing feature edges : changed 0 points
Attraction:
    linear   : max:(0.000816705 -0.000201053 0.00735049) avg:(1.37517e-06 2.901e-07 -8.82263e-06)
    feature  : max:(0.00566813 0.00557503 -0.00649602) avg:(1.17515e-05 2.94635e-07 3.60825e-06)
Feature analysis : total master points :47886 of which attracted to :
    feature point   : 2
    feature edge    : 361
    nearest surface : 0
    rest            : 47523

--> FOAM Warning : Displacement (5.52654e-05 -5.59245e-07 -0.000223286) at mesh point 440 coord (1.87069 -5.77531e-07 0.129149) points through the surrounding patch faces
Smoothing displacement ...
Iteration 0
Iteration 10
Iteration 20
Iteration 30
Iteration 40
Iteration 50
Iteration 60
Iteration 70
Iteration 80
Iteration 90
Displacement smoothed in = 0.53 s


Moving mesh ...

Iteration 0
Moving mesh using displacement scaling : min:1  max:1
Checking faces in error :
    non-orthogonality > 80  degrees                        : 0
    faces with face pyramid volume < 1e-13                 : 0
    faces with face-decomposition tet quality < 1e-15      : 0
    faces with concavity > 80  degrees                     : 0
    faces with skewness > 4.5 (internal) or 20  (boundary) : 0
    faces with interpolation weights (0..1)  < 0.05        : 0
    faces with volume ratio of neighbour cells < 0.01      : 0
    faces with face twist < 0.02                           : 0
    faces on cells with determinant < 0.001                : 0
Successfully moved mesh
Moved mesh in = 0.22 s



Morph iteration 3
-----------------
Calculating patchDisplacement as distance to nearest surface point ...
    non-zone points : attract to nearest of all non-zone surfaces
    zone points     : attract to zone surface only

Wanted displacement : average:0.00102337 min:8.89229e-09 max:0.00717646
Calculated surface displacement in = 0.05 s


Detecting near surfaces ...
Overriding nearest with intersection of close gaps at 0 out of 47886 points.
Overriding displacement on features :
   implicit features    : false
   explicit features    : true
   multi-patch features : false

Detected 0 baffle edges out of 95768 edges.
Baffle points     : 0 of which attracted to :
    feature point : 0
    feature edge  : 0
    rest          : 0

Initially selected 408 mesh points out of 47886 for reverse attraction.
Selected 1228 mesh points out of 47886 for reverse attraction.
Stringing feature edges : changed 33 points
Stringing feature edges : changed 0 points
Attraction:
    linear   : max:(4.2553e-08 0.00676914 -0.00238333) avg:(1.22112e-06 1.2925e-07 -7.77474e-06)
    feature  : max:(0.00399353 0.00798153 -0.00313822) avg:(1.10325e-05 2.38916e-07 3.22714e-06)
Feature analysis : total master points :47886 of which attracted to :
    feature point   : 2
    feature edge    : 361
    nearest surface : 0
    rest            : 47523

--> FOAM Warning : Displacement (0.000101684 -7.08295e-07 -0.000309695) at mesh point 440 coord (1.87075 -1.13678e-06 0.128926) points through the surrounding patch faces
Smoothing displacement ...
Iteration 0
Iteration 10
Iteration 20
Iteration 30
Iteration 40
Iteration 50
Iteration 60
Iteration 70
Iteration 80
Iteration 90
Displacement smoothed in = 0.59 s


Moving mesh ...

Iteration 0
Moving mesh using displacement scaling : min:1  max:1
Checking faces in error :
    non-orthogonality > 80  degrees                        : 0
    faces with face pyramid volume < 1e-13                 : 0
    faces with face-decomposition tet quality < 1e-15      : 0
    faces with concavity > 80  degrees                     : 0
    faces with skewness > 4.5 (internal) or 20  (boundary) : 0
    faces with interpolation weights (0..1)  < 0.05        : 0
    faces with volume ratio of neighbour cells < 0.01      : 0
    faces with face twist < 0.02                           : 0
    faces on cells with determinant < 0.001                : 0
Successfully moved mesh
Moved mesh in = 0.21 s



Morph iteration 4
-----------------
Calculating patchDisplacement as distance to nearest surface point ...
    non-zone points : attract to nearest of all non-zone surfaces
    zone points     : attract to zone surface only

Wanted displacement : average:0.000918691 min:9.4014e-07 max:0.00683174
Calculated surface displacement in = 0.05 s


Detecting near surfaces ...
Overriding nearest with intersection of close gaps at 0 out of 47886 points.
Overriding displacement on features :
   implicit features    : false
   explicit features    : true
   multi-patch features : false

Detected 0 baffle edges out of 95768 edges.
Baffle points     : 0 of which attracted to :
    feature point : 0
    feature edge  : 0
    rest          : 0

Initially selected 408 mesh points out of 47886 for reverse attraction.
Selected 1246 mesh points out of 47886 for reverse attraction.
Stringing feature edges : changed 33 points
Stringing feature edges : changed 0 points
Attraction:
    linear   : max:(-8.67224e-05 0.00644347 -0.00226865) avg:(9.19476e-07 -1.05996e-08 -6.51525e-06)
    feature  : max:(0.00292859 0.00741307 -0.00291847) avg:(9.99637e-06 1.80978e-07 2.87867e-06)
Feature analysis : total master points :47886 of which attracted to :
    feature point   : 2
    feature edge    : 361
    nearest surface : 0
    rest            : 47523

--> FOAM Warning : Displacement (0.000153874 -8.11644e-07 -0.000389074) at mesh point 440 coord (1.87085 -1.84507e-06 0.128616) points through the surrounding patch faces
Smoothing displacement ...
Iteration 0
Iteration 10
Iteration 20
Iteration 30
Iteration 40
Iteration 50
Iteration 60
Iteration 70
Iteration 80
Iteration 90
Displacement smoothed in = 0.54 s


Moving mesh ...

Iteration 0
Moving mesh using displacement scaling : min:1  max:1
Checking faces in error :
    non-orthogonality > 80  degrees                        : 0
    faces with face pyramid volume < 1e-13                 : 0
    faces with face-decomposition tet quality < 1e-15      : 0
    faces with concavity > 80  degrees                     : 0
    faces with skewness > 4.5 (internal) or 20  (boundary) : 0
    faces with interpolation weights (0..1)  < 0.05        : 0
    faces with volume ratio of neighbour cells < 0.01      : 0
    faces with face twist < 0.02                           : 0
    faces on cells with determinant < 0.001                : 0
Successfully moved mesh
Moved mesh in = 0.23 s



Morph iteration 5
-----------------
Calculating patchDisplacement as distance to nearest surface point ...
    non-zone points : attract to nearest of all non-zone surfaces
    zone points     : attract to zone surface only

Wanted displacement : average:0.000792898 min:2.28727e-06 max:0.00625626
Calculated surface displacement in = 0.05 s


Detecting near surfaces ...
Overriding nearest with intersection of close gaps at 0 out of 47886 points.
Overriding displacement on features :
   implicit features    : false
   explicit features    : true
   multi-patch features : false

Detected 0 baffle edges out of 95768 edges.
Baffle points     : 0 of which attracted to :
    feature point : 0
    feature edge  : 0
    rest          : 0

Initially selected 408 mesh points out of 47886 for reverse attraction.
Selected 1228 mesh points out of 47886 for reverse attraction.
Stringing feature edges : changed 33 points
Stringing feature edges : changed 0 points
Attraction:
    linear   : max:(-0.00298068 0.00510973 -0.00203643) avg:(4.97175e-07 -1.37151e-07 -5.15625e-06)
    feature  : max:(0.00195239 -0.00658801 -0.00259953) avg:(8.65098e-06 1.38162e-07 2.27136e-06)
Feature analysis : total master points :47886 of which attracted to :
    feature point   : 2
    feature edge    : 361
    nearest surface : 0
    rest            : 47523

--> FOAM Warning : Displacement (-2.11649e-05 -1.53397e-05 1.45669e-05) at mesh point 72770 coord (2.07086 0.0712335 0.00638166) points through the surrounding patch faces
Smoothing displacement ...
Iteration 0
Iteration 10
Iteration 20
Iteration 30
Iteration 40
Iteration 50
Iteration 60
Iteration 70
Iteration 80
Iteration 90
Displacement smoothed in = 0.53 s


Moving mesh ...

Iteration 0
Moving mesh using displacement scaling : min:1  max:1
Checking faces in error :
    non-orthogonality > 80  degrees                        : 0
    faces with face pyramid volume < 1e-13                 : 0
    faces with face-decomposition tet quality < 1e-15      : 0
    faces with concavity > 80  degrees                     : 0
    faces with skewness > 4.5 (internal) or 20  (boundary) : 0
    faces with interpolation weights (0..1)  < 0.05        : 0
    faces with volume ratio of neighbour cells < 0.01      : 0
    faces with face twist < 0.02                           : 0
    faces on cells with determinant < 0.001                : 0
Successfully moved mesh
Moved mesh in = 0.23 s



Morph iteration 6
-----------------
Calculating patchDisplacement as distance to nearest surface point ...
    non-zone points : attract to nearest of all non-zone surfaces
    zone points     : attract to zone surface only

Wanted displacement : average:0.000650003 min:1.63392e-08 max:0.00538498
Calculated surface displacement in = 0.05 s


Detecting near surfaces ...
Overriding nearest with intersection of close gaps at 0 out of 47886 points.
Overriding displacement on features :
   implicit features    : false
   explicit features    : true
   multi-patch features : false

Detected 0 baffle edges out of 95768 edges.
Baffle points     : 0 of which attracted to :
    feature point : 0
    feature edge  : 0
    rest          : 0

Initially selected 408 mesh points out of 47886 for reverse attraction.
Selected 1228 mesh points out of 47886 for reverse attraction.
Stringing feature edges : changed 32 points
Stringing feature edges : changed 0 points
Attraction:
    linear   : max:(0.00218286 0.00167077 -0.00463052) avg:(2.43379e-07 -1.53269e-07 -3.82372e-06)
    feature  : max:(0.00324914 -0.00699842 -0.00519076) avg:(7.09358e-06 4.47659e-08 1.74632e-06)
Feature analysis : total master points :47886 of which attracted to :
    feature point   : 2
    feature edge    : 361
    nearest surface : 0
    rest            : 47523

--> FOAM Warning : Displacement (-1.08794e-05 -5.59442e-06 1.39324e-05) at mesh point 35002 coord (1.99913 0.0770843 -0.0614717) points through the surrounding patch faces
Smoothing displacement ...
Iteration 0
Iteration 10
Iteration 20
Iteration 30
Iteration 40
Iteration 50
Iteration 60
Iteration 70
Iteration 80
Iteration 90
Displacement smoothed in = 0.52 s


Moving mesh ...

Iteration 0
Moving mesh using displacement scaling : min:1  max:1
Checking faces in error :
    non-orthogonality > 80  degrees                        : 0
    faces with face pyramid volume < 1e-13                 : 0
    faces with face-decomposition tet quality < 1e-15      : 0
    faces with concavity > 80  degrees                     : 0
    faces with skewness > 4.5 (internal) or 20  (boundary) : 0
    faces with interpolation weights (0..1)  < 0.05        : 0
    faces with volume ratio of neighbour cells < 0.01      : 0
    faces with face twist < 0.02                           : 0
    faces on cells with determinant < 0.001                : 0
Successfully moved mesh
Moved mesh in = 0.22 s



Morph iteration 7
-----------------
Calculating patchDisplacement as distance to nearest surface point ...
    non-zone points : attract to nearest of all non-zone surfaces
    zone points     : attract to zone surface only

Wanted displacement : average:0.000499738 min:2.57027e-07 max:0.00471302
Calculated surface displacement in = 0.04 s


Detecting near surfaces ...
Overriding nearest with intersection of close gaps at 0 out of 47886 points.
Overriding displacement on features :
   implicit features    : false
   explicit features    : true
   multi-patch features : false

Detected 0 baffle edges out of 95768 edges.
Baffle points     : 0 of which attracted to :
    feature point : 0
    feature edge  : 0
    rest          : 0

Initially selected 408 mesh points out of 47886 for reverse attraction.
Selected 1228 mesh points out of 47886 for reverse attraction.
Stringing feature edges : changed 29 points
Stringing feature edges : changed 0 points
Attraction:
    linear   : max:(2.66553e-08 0.00458871 -0.00107532) avg:(-2.48215e-07 -9.08487e-08 -2.65165e-06)
    feature  : max:(0.00252585 -0.00402695 0.00689332) avg:(5.3031e-06 2.81161e-08 1.32128e-06)
Feature analysis : total master points :47886 of which attracted to :
    feature point   : 2
    feature edge    : 361
    nearest surface : 0
    rest            : 47523

--> FOAM Warning : Displacement (-0.000508114 -1.86311e-05 0.000139836) at mesh point 16323 coord (0.0155882 0.0157119 -0.124344) points through the surrounding patch faces
Smoothing displacement ...
Iteration 0
Iteration 10
Iteration 20
Iteration 30
Iteration 40
Iteration 50
Iteration 60
Iteration 70
Iteration 80
Iteration 90
Displacement smoothed in = 0.58 s


Moving mesh ...

Iteration 0
Moving mesh using displacement scaling : min:1  max:1
Checking faces in error :
    non-orthogonality > 80  degrees                        : 0
    faces with face pyramid volume < 1e-13                 : 0
    faces with face-decomposition tet quality < 1e-15      : 0
    faces with concavity > 80  degrees                     : 0
    faces with skewness > 4.5 (internal) or 20  (boundary) : 0
    faces with interpolation weights (0..1)  < 0.05        : 0
    faces with volume ratio of neighbour cells < 0.01      : 0
    faces with face twist < 0.02                           : 0
    faces on cells with determinant < 0.001                : 0
Successfully moved mesh
Moved mesh in = 0.22 s



Morph iteration 8
-----------------
Calculating patchDisplacement as distance to nearest surface point ...
    non-zone points : attract to nearest of all non-zone surfaces
    zone points     : attract to zone surface only

Wanted displacement : average:0.000353969 min:2.51064e-07 max:0.00395733
Calculated surface displacement in = 0.04 s


Detecting near surfaces ...
Overriding nearest with intersection of close gaps at 0 out of 47886 points.
Overriding displacement on features :
   implicit features    : false
   explicit features    : true
   multi-patch features : false

Detected 0 baffle edges out of 95768 edges.
Baffle points     : 0 of which attracted to :
    feature point : 0
    feature edge  : 0
    rest          : 0

Initially selected 408 mesh points out of 47886 for reverse attraction.
Selected 1228 mesh points out of 47886 for reverse attraction.
Stringing feature edges : changed 25 points
Stringing feature edges : changed 0 points
Attraction:
    linear   : max:(-0.003853 -4.59036e-08 -0.000902703) avg:(-7.21152e-07 -7.95431e-08 -1.69362e-06)
    feature  : max:(-0.0058804 0.00348582 -0.00218676) avg:(3.54849e-06 2.22606e-07 9.38827e-07)
Feature analysis : total master points :47886 of which attracted to :
    feature point   : 2
    feature edge    : 361
    nearest surface : 0
    rest            : 47523

--> FOAM Warning : Displacement (1.69779e-05 7.38345e-05 -3.94411e-05) at mesh point 16908 coord (-0.000369344 0.0794331 -0.0477622) points through the surrounding patch faces
Smoothing displacement ...
Iteration 0
Iteration 10
Iteration 20
Iteration 30
Iteration 40
Iteration 50
Iteration 60
Iteration 70
Iteration 80
Iteration 90
Displacement smoothed in = 0.56 s


Moving mesh ...

Iteration 0
Moving mesh using displacement scaling : min:1  max:1
Checking faces in error :
    non-orthogonality > 80  degrees                        : 0
    faces with face pyramid volume < 1e-13                 : 0
    faces with face-decomposition tet quality < 1e-15      : 0
    faces with concavity > 80  degrees                     : 0
    faces with skewness > 4.5 (internal) or 20  (boundary) : 0
    faces with interpolation weights (0..1)  < 0.05        : 0
    faces with volume ratio of neighbour cells < 0.01      : 0
    faces with face twist < 0.02                           : 0
    faces on cells with determinant < 0.001                : 0
Successfully moved mesh
Moved mesh in = 0.25 s



Morph iteration 9
-----------------
Calculating patchDisplacement as distance to nearest surface point ...
    non-zone points : attract to nearest of all non-zone surfaces
    zone points     : attract to zone surface only

Wanted displacement : average:0.000225355 min:9.70965e-09 max:0.00308128
Calculated surface displacement in = 0.04 s


Detecting near surfaces ...
Overriding nearest with intersection of close gaps at 0 out of 47886 points.
Overriding displacement on features :
   implicit features    : false
   explicit features    : true
   multi-patch features : false

Detected 0 baffle edges out of 95768 edges.
Baffle points     : 0 of which attracted to :
    feature point : 0
    feature edge  : 0
    rest          : 0

Initially selected 408 mesh points out of 47886 for reverse attraction.
Selected 1228 mesh points out of 47886 for reverse attraction.
Stringing feature edges : changed 19 points
Stringing feature edges : changed 0 points
Attraction:
    linear   : max:(-0.00287977 0.000840874 -0.000702952) avg:(-8.02124e-07 4.4437e-08 -9.72593e-07)
    feature  : max:(-0.00249414 -0.0051884 -0.00184515) avg:(2.10222e-06 2.4477e-07 6.30561e-07)
Feature analysis : total master points :47886 of which attracted to :
    feature point   : 2
    feature edge    : 361
    nearest surface : 0
    rest            : 47523

--> FOAM Warning : Displacement (-1.22357e-05 -2.65955e-06 9.89549e-05) at mesh point 3279 coord (-0.000634699 1.47475e-06 -0.11091) points through the surrounding patch faces
Smoothing displacement ...
Iteration 0
Iteration 10
Iteration 20
Iteration 30
Iteration 40
Iteration 50
Iteration 60
Iteration 70
Iteration 80
Iteration 90
Displacement smoothed in = 0.55 s


Moving mesh ...

Iteration 0
Moving mesh using displacement scaling : min:1  max:1
Checking faces in error :
    non-orthogonality > 80  degrees                        : 0
    faces with face pyramid volume < 1e-13                 : 0
    faces with face-decomposition tet quality < 1e-15      : 0
    faces with concavity > 80  degrees                     : 0
    faces with skewness > 4.5 (internal) or 20  (boundary) : 0
    faces with interpolation weights (0..1)  < 0.05        : 0
    faces with volume ratio of neighbour cells < 0.01      : 0
    faces with face twist < 0.02                           : 0
    faces on cells with determinant < 0.001                : 0
Successfully moved mesh
Moved mesh in = 0.22 s



Morph iteration 10
-----------------
Calculating patchDisplacement as distance to nearest surface point ...
    non-zone points : attract to nearest of all non-zone surfaces
    zone points     : attract to zone surface only

Wanted displacement : average:0.000125562 min:1.15449e-08 max:0.00201392
Calculated surface displacement in = 0.04 s


Detecting near surfaces ...
Overriding nearest with intersection of close gaps at 2 out of 47886 points.
Overriding displacement on features :
   implicit features    : false
   explicit features    : true
   multi-patch features : false

Detected 0 baffle edges out of 95768 edges.
Baffle points     : 0 of which attracted to :
    feature point : 0
    feature edge  : 0
    rest          : 0

Initially selected 408 mesh points out of 47886 for reverse attraction.
Selected 1228 mesh points out of 47886 for reverse attraction.
Stringing feature edges : changed 5 points
Stringing feature edges : changed 0 points
Attraction:
    linear   : max:(-0.00195955 -2.89025e-08 0.00046479) avg:(-6.65325e-07 8.19579e-08 -4.84818e-07)
    feature  : max:(-0.00419708 -0.00181992 -0.00136522) avg:(7.81516e-07 1.85553e-07 5.05573e-07)
Feature analysis : total master points :47886 of which attracted to :
    feature point   : 2
    feature edge    : 361
    nearest surface : 0
    rest            : 47523

--> FOAM Warning : Displacement (0.00016431 2.30849e-06 8.98129e-05) at mesh point 3279 coord (-0.000646935 -1.1848e-06 -0.110811) points through the surrounding patch faces
Smoothing displacement ...
Iteration 0
Iteration 10
Iteration 20
Iteration 30
Iteration 40
Iteration 50
Iteration 60
Iteration 70
Iteration 80
Iteration 90
Displacement smoothed in = 0.53 s


Moving mesh ...

Iteration 0
Moving mesh using displacement scaling : min:1  max:1
Checking faces in error :
    non-orthogonality > 80  degrees                        : 0
    faces with face pyramid volume < 1e-13                 : 0
    faces with face-decomposition tet quality < 1e-15      : 0
    faces with concavity > 80  degrees                     : 0
    faces with skewness > 4.5 (internal) or 20  (boundary) : 0
    faces with interpolation weights (0..1)  < 0.05        : 0
    faces with volume ratio of neighbour cells < 0.01      : 0
    faces with face twist < 0.02                           : 0
    faces on cells with determinant < 0.001                : 0
Successfully moved mesh
Moved mesh in = 0.23 s



Morph iteration 11
-----------------
Calculating patchDisplacement as distance to nearest surface point ...
    non-zone points : attract to nearest of all non-zone surfaces
    zone points     : attract to zone surface only

Wanted displacement : average:5.88601e-05 min:1.0776e-08 max:0.00130807
Calculated surface displacement in = 0.03 s


Detecting near surfaces ...
Overriding nearest with intersection of close gaps at 30 out of 47886 points.
Overriding displacement on features :
   implicit features    : false
   explicit features    : true
   multi-patch features : false

Detected 0 baffle edges out of 95768 edges.
Baffle points     : 0 of which attracted to :
    feature point : 0
    feature edge  : 0
    rest          : 0

Initially selected 408 mesh points out of 47886 for reverse attraction.
Selected 1228 mesh points out of 47886 for reverse attraction.
Stringing feature edges : changed 0 points
Attraction:
    linear   : max:(0.000218256 -0.000300965 -0.00125412) avg:(-4.23427e-07 5.51367e-08 -1.8081e-07)
    feature  : max:(0.00100143 -0.000432227 0.00302624) avg:(2.87103e-07 1.36105e-07 2.94265e-07)
Feature analysis : total master points :47886 of which attracted to :
    feature point   : 2
    feature edge    : 361
    nearest surface : 0
    rest            : 47523

--> FOAM Warning : Displacement (0.000216098 -2.35045e-06 5.69619e-05) at mesh point 3279 coord (-0.000482625 1.12369e-06 -0.110721) points through the surrounding patch faces
Smoothing displacement ...
Iteration 0
Iteration 10
Iteration 20
Iteration 30
Iteration 40
Iteration 50
Iteration 60
Iteration 70
Iteration 80
Iteration 90
Displacement smoothed in = 0.57 s


Moving mesh ...

Iteration 0
Moving mesh using displacement scaling : min:1  max:1
Checking faces in error :
    non-orthogonality > 80  degrees                        : 0
    faces with face pyramid volume < 1e-13                 : 0
    faces with face-decomposition tet quality < 1e-15      : 0
    faces with concavity > 80  degrees                     : 0
    faces with skewness > 4.5 (internal) or 20  (boundary) : 0
    faces with interpolation weights (0..1)  < 0.05        : 0
    faces with volume ratio of neighbour cells < 0.01      : 0
    faces with face twist < 0.02                           : 0
    faces on cells with determinant < 0.001                : 0
Successfully moved mesh
Moved mesh in = 0.22 s



Morph iteration 12
-----------------
Calculating patchDisplacement as distance to nearest surface point ...
    non-zone points : attract to nearest of all non-zone surfaces
    zone points     : attract to zone surface only

Wanted displacement : average:2.19554e-05 min:2.73789e-08 max:0.000652661
Calculated surface displacement in = 0.04 s


Detecting near surfaces ...
Overriding nearest with intersection of close gaps at 33 out of 47886 points.
Overriding displacement on features :
   implicit features    : false
   explicit features    : true
   multi-patch features : false

Detected 0 baffle edges out of 95768 edges.
Baffle points     : 0 of which attracted to :
    feature point : 0
    feature edge  : 0
    rest          : 0

Initially selected 408 mesh points out of 47886 for reverse attraction.
Selected 1228 mesh points out of 47886 for reverse attraction.
Stringing feature edges : changed 0 points
Attraction:
    linear   : max:(0.000180075 -0.000150168 -0.000609088) avg:(-2.22088e-07 4.75843e-08 -3.65728e-08)
    feature  : max:(-0.0010987 0.000144515 0.000337831) avg:(8.84579e-08 4.79268e-08 6.41925e-08)
Feature analysis : total master points :47886 of which attracted to :
    feature point   : 2
    feature edge    : 361
    nearest surface : 0
    rest            : 47523

--> FOAM Warning : Displacement (0.000164193 2.62332e-06 2.58706e-05) at mesh point 3279 coord (-0.000266527 -1.22676e-06 -0.110664) points through the surrounding patch faces
Smoothing displacement ...
Iteration 0
Iteration 10
Iteration 20
Iteration 30
Iteration 40
Iteration 50
Iteration 60
Iteration 70
Iteration 80
Iteration 90
Displacement smoothed in = 0.52 s


Moving mesh ...

Iteration 0
Moving mesh using displacement scaling : min:1  max:1
Checking faces in error :
    non-orthogonality > 80  degrees                        : 0
    faces with face pyramid volume < 1e-13                 : 0
    faces with face-decomposition tet quality < 1e-15      : 2
    faces with concavity > 80  degrees                     : 0
    faces with skewness > 4.5 (internal) or 20  (boundary) : 0
    faces with interpolation weights (0..1)  < 0.05        : 0
    faces with volume ratio of neighbour cells < 0.01      : 0
    faces with face twist < 0.02                           : 0
    faces on cells with determinant < 0.001                : 0

Iteration 1
Moving mesh using displacement scaling : min:0.75  max:1
Checking faces in error :
    non-orthogonality > 80  degrees                        : 0
    faces with face pyramid volume < 1e-13                 : 0
    faces with face-decomposition tet quality < 1e-15      : 0
    faces with concavity > 80  degrees                     : 0
    faces with skewness > 4.5 (internal) or 20  (boundary) : 0
    faces with interpolation weights (0..1)  < 0.05        : 0
    faces with volume ratio of neighbour cells < 0.01      : 0
    faces with face twist < 0.02                           : 0
    faces on cells with determinant < 0.001                : 0
Successfully moved mesh
Moved mesh in = 0.3 s



Morph iteration 13
-----------------
Calculating patchDisplacement as distance to nearest surface point ...
    non-zone points : attract to nearest of all non-zone surfaces
    zone points     : attract to zone surface only

Wanted displacement : average:5.91966e-06 min:6.05645e-10 max:0.000382222
Calculated surface displacement in = 0.03 s


Detecting near surfaces ...
Overriding nearest with intersection of close gaps at 30 out of 47886 points.
Overriding displacement on features :
   implicit features    : false
   explicit features    : true
   multi-patch features : false

Detected 0 baffle edges out of 95768 edges.
Baffle points     : 0 of which attracted to :
    feature point : 0
    feature edge  : 0
    rest          : 0

Initially selected 408 mesh points out of 47886 for reverse attraction.
Selected 1228 mesh points out of 47886 for reverse attraction.
Stringing feature edges : changed 0 points
Attraction:
    linear   : max:(-0.000379384 5.24797e-09 4.64893e-05) avg:(-8.1474e-08 2.15815e-08 2.5152e-09)
    feature  : max:(-0.000307015 3.04326e-05 -7.19308e-05) avg:(3.73054e-09 1.12478e-08 -2.89168e-08)
Feature analysis : total master points :47886 of which attracted to :
    feature point   : 2
    feature edge    : 361
    nearest surface : 0
    rest            : 47523

--> FOAM Warning : Displacement (-3.43865e-05 -9.02543e-06 -2.89874e-07) at mesh point 0 coord (3.94743e-05 4.18887e-06 -0.124988) points through the surrounding patch faces
Smoothing displacement ...
Iteration 0
Iteration 10
Iteration 20
Iteration 30
Iteration 40
Iteration 50
Iteration 60
Iteration 70
Iteration 80
Iteration 90
Displacement smoothed in = 0.56 s


Moving mesh ...

Iteration 0
Moving mesh using displacement scaling : min:1  max:1
Checking faces in error :
    non-orthogonality > 80  degrees                        : 0
    faces with face pyramid volume < 1e-13                 : 0
    faces with face-decomposition tet quality < 1e-15      : 5
    faces with concavity > 80  degrees                     : 0
    faces with skewness > 4.5 (internal) or 20  (boundary) : 0
    faces with interpolation weights (0..1)  < 0.05        : 0
    faces with volume ratio of neighbour cells < 0.01      : 0
    faces with face twist < 0.02                           : 0
    faces on cells with determinant < 0.001                : 0

Iteration 1
Moving mesh using displacement scaling : min:0.75  max:1
Checking faces in error :
    non-orthogonality > 80  degrees                        : 0
    faces with face pyramid volume < 1e-13                 : 0
    faces with face-decomposition tet quality < 1e-15      : 5
    faces with concavity > 80  degrees                     : 0
    faces with skewness > 4.5 (internal) or 20  (boundary) : 0
    faces with interpolation weights (0..1)  < 0.05        : 0
    faces with volume ratio of neighbour cells < 0.01      : 0
    faces with face twist < 0.02                           : 0
    faces on cells with determinant < 0.001                : 0

Iteration 2
Moving mesh using displacement scaling : min:0.5625  max:1
Checking faces in error :
    non-orthogonality > 80  degrees                        : 0
    faces with face pyramid volume < 1e-13                 : 0
    faces with face-decomposition tet quality < 1e-15      : 5
    faces with concavity > 80  degrees                     : 0
    faces with skewness > 4.5 (internal) or 20  (boundary) : 0
    faces with interpolation weights (0..1)  < 0.05        : 0
    faces with volume ratio of neighbour cells < 0.01      : 0
    faces with face twist < 0.02                           : 0
    faces on cells with determinant < 0.001                : 0

Iteration 3
Moving mesh using displacement scaling : min:0.421875  max:1
Checking faces in error :
    non-orthogonality > 80  degrees                        : 0
    faces with face pyramid volume < 1e-13                 : 0
    faces with face-decomposition tet quality < 1e-15      : 5
    faces with concavity > 80  degrees                     : 0
    faces with skewness > 4.5 (internal) or 20  (boundary) : 0
    faces with interpolation weights (0..1)  < 0.05        : 0
    faces with volume ratio of neighbour cells < 0.01      : 0
    faces with face twist < 0.02                           : 0
    faces on cells with determinant < 0.001                : 0

Iteration 4
Moving mesh using displacement scaling : min:0.316406  max:1
Checking faces in error :
    non-orthogonality > 80  degrees                        : 0
    faces with face pyramid volume < 1e-13                 : 0
    faces with face-decomposition tet quality < 1e-15      : 5
    faces with concavity > 80  degrees                     : 0
    faces with skewness > 4.5 (internal) or 20  (boundary) : 0
    faces with interpolation weights (0..1)  < 0.05        : 0
    faces with volume ratio of neighbour cells < 0.01      : 0
    faces with face twist < 0.02                           : 0
    faces on cells with determinant < 0.001                : 0

Iteration 5
Displacement scaling for error reduction set to 0.
Moving mesh using displacement scaling : min:0.237305  max:1
Checking faces in error :
    non-orthogonality > 80  degrees                        : 0
    faces with face pyramid volume < 1e-13                 : 0
    faces with face-decomposition tet quality < 1e-15      : 5
    faces with concavity > 80  degrees                     : 0
    faces with skewness > 4.5 (internal) or 20  (boundary) : 0
    faces with interpolation weights (0..1)  < 0.05        : 0
    faces with volume ratio of neighbour cells < 0.01      : 0
    faces with face twist < 0.02                           : 0
    faces on cells with determinant < 0.001                : 0

Iteration 6
Moving mesh using displacement scaling : min:0  max:1
Checking faces in error :
    non-orthogonality > 80  degrees                        : 0
    faces with face pyramid volume < 1e-13                 : 0
    faces with face-decomposition tet quality < 1e-15      : 0
    faces with concavity > 80  degrees                     : 0
    faces with skewness > 4.5 (internal) or 20  (boundary) : 0
    faces with interpolation weights (0..1)  < 0.05        : 0
    faces with volume ratio of neighbour cells < 0.01      : 0
    faces with face twist < 0.02                           : 0
    faces on cells with determinant < 0.001                : 0
Successfully moved mesh
Moved mesh in = 0.71 s



Morph iteration 14
-----------------
Calculating patchDisplacement as distance to nearest surface point ...
    non-zone points : attract to nearest of all non-zone surfaces
    zone points     : attract to zone surface only

Wanted displacement : average:9.54031e-07 min:4.87293e-10 max:0.000211075
Calculated surface displacement in = 0.04 s


Detecting near surfaces ...
Overriding nearest with intersection of close gaps at 19 out of 47886 points.
Overriding displacement on features :
   implicit features    : false
   explicit features    : true
   multi-patch features : false

Detected 0 baffle edges out of 95768 edges.
Baffle points     : 0 of which attracted to :
    feature point : 0
    feature edge  : 0
    rest          : 0

Initially selected 408 mesh points out of 47886 for reverse attraction.
Selected 1228 mesh points out of 47886 for reverse attraction.
Stringing feature edges : changed 0 points
Attraction:
    linear   : max:(-0.000209508 2.8981e-09 2.56729e-05) avg:(-1.72958e-08 5.1041e-09 2.54632e-09)
    feature  : max:(-0.000307015 3.04326e-05 -7.19308e-05) avg:(-3.23228e-08 4.30133e-10 -4.9835e-08)
Feature analysis : total master points :47886 of which attracted to :
    feature point   : 2
    feature edge    : 361
    nearest surface : 0
    rest            : 47523

--> FOAM Warning : Displacement (-5.08779e-06 1.03469e-05 -5.0031e-09) at mesh point 0 coord (5.08779e-06 -4.83656e-06 -0.124988) points through the surrounding patch faces
Smoothing displacement ...
Iteration 0
Iteration 10
Iteration 20
Iteration 30
Iteration 40
Iteration 50
Iteration 60
Iteration 70
Iteration 80
Iteration 90
Displacement smoothed in = 0.49 s


Moving mesh ...

Iteration 0
Moving mesh using displacement scaling : min:1  max:1
Checking faces in error :
    non-orthogonality > 80  degrees                        : 0
    faces with face pyramid volume < 1e-13                 : 0
    faces with face-decomposition tet quality < 1e-15      : 5
    faces with concavity > 80  degrees                     : 0
    faces with skewness > 4.5 (internal) or 20  (boundary) : 0
    faces with interpolation weights (0..1)  < 0.05        : 0
    faces with volume ratio of neighbour cells < 0.01      : 0
    faces with face twist < 0.02                           : 0
    faces on cells with determinant < 0.001                : 0

Iteration 1
Moving mesh using displacement scaling : min:0.75  max:1
Checking faces in error :
    non-orthogonality > 80  degrees                        : 0
    faces with face pyramid volume < 1e-13                 : 0
    faces with face-decomposition tet quality < 1e-15      : 5
    faces with concavity > 80  degrees                     : 0
    faces with skewness > 4.5 (internal) or 20  (boundary) : 0
    faces with interpolation weights (0..1)  < 0.05        : 0
    faces with volume ratio of neighbour cells < 0.01      : 0
    faces with face twist < 0.02                           : 0
    faces on cells with determinant < 0.001                : 0

Iteration 2
Moving mesh using displacement scaling : min:0.5625  max:1
Checking faces in error :
    non-orthogonality > 80  degrees                        : 0
    faces with face pyramid volume < 1e-13                 : 0
    faces with face-decomposition tet quality < 1e-15      : 5
    faces with concavity > 80  degrees                     : 0
    faces with skewness > 4.5 (internal) or 20  (boundary) : 0
    faces with interpolation weights (0..1)  < 0.05        : 0
    faces with volume ratio of neighbour cells < 0.01      : 0
    faces with face twist < 0.02                           : 0
    faces on cells with determinant < 0.001                : 0

Iteration 3
Moving mesh using displacement scaling : min:0.421875  max:1
Checking faces in error :
    non-orthogonality > 80  degrees                        : 0
    faces with face pyramid volume < 1e-13                 : 0
    faces with face-decomposition tet quality < 1e-15      : 5
    faces with concavity > 80  degrees                     : 0
    faces with skewness > 4.5 (internal) or 20  (boundary) : 0
    faces with interpolation weights (0..1)  < 0.05        : 0
    faces with volume ratio of neighbour cells < 0.01      : 0
    faces with face twist < 0.02                           : 0
    faces on cells with determinant < 0.001                : 0

Iteration 4
Moving mesh using displacement scaling : min:0.316406  max:1
Checking faces in error :
    non-orthogonality > 80  degrees                        : 0
    faces with face pyramid volume < 1e-13                 : 0
    faces with face-decomposition tet quality < 1e-15      : 5
    faces with concavity > 80  degrees                     : 0
    faces with skewness > 4.5 (internal) or 20  (boundary) : 0
    faces with interpolation weights (0..1)  < 0.05        : 0
    faces with volume ratio of neighbour cells < 0.01      : 0
    faces with face twist < 0.02                           : 0
    faces on cells with determinant < 0.001                : 0

Iteration 5
Displacement scaling for error reduction set to 0.
Moving mesh using displacement scaling : min:0.237305  max:1
Checking faces in error :
    non-orthogonality > 80  degrees                        : 0
    faces with face pyramid volume < 1e-13                 : 0
    faces with face-decomposition tet quality < 1e-15      : 5
    faces with concavity > 80  degrees                     : 0
    faces with skewness > 4.5 (internal) or 20  (boundary) : 0
    faces with interpolation weights (0..1)  < 0.05        : 0
    faces with volume ratio of neighbour cells < 0.01      : 0
    faces with face twist < 0.02                           : 0
    faces on cells with determinant < 0.001                : 0

Iteration 6
Moving mesh using displacement scaling : min:0  max:1
Checking faces in error :
    non-orthogonality > 80  degrees                        : 0
    faces with face pyramid volume < 1e-13                 : 0
    faces with face-decomposition tet quality < 1e-15      : 0
    faces with concavity > 80  degrees                     : 0
    faces with skewness > 4.5 (internal) or 20  (boundary) : 0
    faces with interpolation weights (0..1)  < 0.05        : 0
    faces with volume ratio of neighbour cells < 0.01      : 0
    faces with face twist < 0.02                           : 0
    faces on cells with determinant < 0.001                : 0
Successfully moved mesh
Moved mesh in = 0.73 s


Repatching faces according to nearest surface ...
Repatched 0 faces in = 0.09 s


Edge intersection testing:
    Number of edges             : 368231
    Number of edges to retest   : 142425
    Number of intersected edges : 47884
Merging 14660 sets of faces.

Edge intersection testing:
    Number of edges             : 353041
    Number of edges to retest   : 58656
    Number of intersected edges : 32694

Undo iteration 0
----------------
Checking faces in error :
    non-orthogonality > 80  degrees                        : 0
    faces with face pyramid volume < 1e-13                 : 0
    faces with face-decomposition tet quality < 1e-15      : 0
    faces with concavity > 80  degrees                     : 0
    faces with skewness > 4.5 (internal) or 20  (boundary) : 0
    faces with interpolation weights (0..1)  < 0.05        : 0
    faces with volume ratio of neighbour cells < 0.01      : 0
    faces with face twist < 0.02                           : 0
    faces on cells with determinant < 0.001                : 0

Merging all points on surface that
- are used by only two boundary faces and
- make an angle with a cosine of more than 0.866025.

Removing 14177 straight edge points ...

Edge intersection testing:
    Number of edges             : 353041
    Number of edges to retest   : 58152
    Number of intersected edges : 32694

Undo iteration 0
----------------
Checking faces in error :
    non-orthogonality > 80  degrees                        : 0
    faces with face pyramid volume < 1e-13                 : 0
    faces with face-decomposition tet quality < 1e-15      : 0
    faces with concavity > 80  degrees                     : 0
    faces with skewness > 4.5 (internal) or 20  (boundary) : 0
    faces with interpolation weights (0..1)  < 0.05        : 0
    faces with volume ratio of neighbour cells < 0.01      : 0
    faces with face twist < 0.02                           : 0
    faces on cells with determinant < 0.001                : 0
Snapped mesh : cells:111821  faces:353041  points:130288
Cells per refinement level:
    0	0
    1	5741
    2	106080
Writing mesh to time constant
Wrote mesh in = 0.23 s.
Mesh snapped in = 15.7 s.
Checking final mesh ...
Checking faces in error :
    non-orthogonality > 80  degrees                        : 0
    faces with face pyramid volume < 1e-13                 : 0
    faces with face-decomposition tet quality < 1e-15      : 0
    faces with concavity > 80  degrees                     : 0
    faces with skewness > 4.5 (internal) or 20  (boundary) : 0
    faces with interpolation weights (0..1)  < 0.05        : 0
    faces with volume ratio of neighbour cells < 0.01      : 0
    faces with face twist < 0.02                           : 0
    faces on cells with determinant < 0.001                : 0
Finished meshing without any errors
Finished meshing in = 32.05 s.
End

[mesh] checkMesh -meshQuality
/*---------------------------------------------------------------------------*\
| =========                 |                                                 |
| \\      /  F ield         | OpenFOAM: The Open Source CFD Toolbox           |
|  \\    /   O peration     | Version:  2312                                  |
|   \\  /    A nd           | Website:  www.openfoam.com                      |
|    \\/     M anipulation  |                                                 |
\*---------------------------------------------------------------------------*/
Build  : _9a9aeb73-20260127 OPENFOAM=2312 patch=260127 version=2312
Arch   : "LSB;label=32;scalar=64"
Exec   : checkMesh -meshQuality
Date   : Jun 07 2026
Time   : 17:16:27
Host   : PC17
PID    : 13372
I/O    : uncollated
Case   : /home/kng/OpenFOAM/cfd-master-hcmut
nProcs : 1
trapFpe: Floating point exception trapping enabled (FOAM_SIGFPE).
fileModificationChecking : Monitoring run-time modified files using timeStampMaster (fileModificationSkew 5, maxFileModificationPolls 20)
allowSystemOperations : Allowing user-supplied system call operations

// * * * * * * * * * * * * * * * * * * * * * * * * * * * * * * * * * * * * * //
Create time

Create mesh for time = 0

Check mesh...
    Enabling user-defined geometry checks.

Time = 0

Mesh stats 
    points:           130288
    faces:            353041
    internal faces:   320347
    cells:            111821
    faces per cell:   6.02202
    boundary patches: 5
    point zones:      1
    face zones:       0
    cell zones:       0

Overall number of cells of each type:
    hexahedra:     92823
    prisms:        13726
    wedges:        0
    pyramids:      0
    tet wedges:    18
    tetrahedra:    0
    polyhedra:     5254
    Breakdown of polyhedra by number of faces:
        faces   number of cells
            4   512
            5   404
            6   71
            9   2739
           12   1439
           15   89

Checking topology...
    Boundary definition OK.
    Cell to face addressing OK.
    Point usage OK.
    Upper triangular ordering OK.
    Face vertices OK.
    Number of regions: 1 (OK).

Checking patch topology for multiply connected surfaces...
                   Patch    Faces   Points  Surface topology
                   inlet      208      221  ok (non-closed singly connected)
                    wall    32002    32599  ok (non-closed singly connected)
               outlet_33       68       73  ok (non-closed singly connected)
               outlet_43      208      221  ok (non-closed singly connected)
               outlet_53      208      221  ok (non-closed singly connected)
                    ".*"    32694    33179      ok (closed singly connected)


Checking faceZone topology for multiply connected surfaces...
    No faceZones found.

Checking basic cellZone addressing...
    No cellZones found.

Checking basic pointZone addressing...
               PointZone  PointsBoundingBox
            frozenPoints       0(1e+150 1e+150 1e+150) (-1e+150 -1e+150 -1e+150)

Checking geometry...
    Overall domain bounding box (0 -1.12499 -0.124988) (4 1.12499 2.125)
    Mesh has 3 geometric (non-empty/wedge) directions (1 1 1)
    Mesh has 3 solution (non-empty) directions (1 1 1)
    Boundary openness (1.14976e-16 -1.23734e-15 -2.73507e-17) OK.
    Max cell openness = 3.36217e-16 OK.
    Max aspect ratio = 4.48507 OK.
    Minimum face area = 5.71759e-05. Maximum face area = 0.00116803.  Face area magnitudes OK.
    Min volume = 6.05911e-07. Max volume = 3.64201e-05.  Total volume = 0.55948.  Cell volumes OK.
    Mesh non-orthogonality Max: 39.553 average: 7.83108
    Non-orthogonality check OK.
    Face pyramids OK.
    Max skewness = 1.14838 OK.
    Coupled point location match (average 0) OK.
Checking faces in error :
    non-orthogonality >  80 degrees                        : 0
    faces with face pyramid volume < 1e-13                 : 0
    faces with face-decomposition tet quality < 1e-15      : 0
    faces with concavity >  80 degrees                     : 0
    faces with skewness > 4.5 (internal) or  20 (boundary) : 0
    faces with interpolation weights (0..1)  <  0.05       : 0
    faces with volume ratio of neighbour cells <  0.01     : 0
    faces with face twist <  0.02                          : 0
    faces on cells with determinant < 0.001                : 0

Mesh OK.

End

[mesh] Done
No OpenFOAM tutorials? : /usr/lib/openfoam/openfoam2312/tutorials
/*---------------------------------------------------------------------------*\
| =========                 |                                                 |
| \\      /  F ield         | OpenFOAM: The Open Source CFD Toolbox           |
|  \\    /   O peration     | Version:  2312                                  |
|   \\  /    A nd           | Website:  www.openfoam.com                      |
|    \\/     M anipulation  |                                                 |
\*---------------------------------------------------------------------------*/
Build  : _9a9aeb73-20260127 OPENFOAM=2312 patch=260127 version=2312
Arch   : "LSB;label=32;scalar=64"
Exec   : decomposePar -force
Date   : Jun 07 2026
Time   : 17:16:28
Host   : PC17
PID    : 13389
I/O    : uncollated
Case   : /home/kng/OpenFOAM/cfd-master-hcmut
nProcs : 1
trapFpe: Floating point exception trapping enabled (FOAM_SIGFPE).
fileModificationChecking : Monitoring run-time modified files using timeStampMaster (fileModificationSkew 5, maxFileModificationPolls 20)
allowSystemOperations : Allowing user-supplied system call operations

// * * * * * * * * * * * * * * * * * * * * * * * * * * * * * * * * * * * * * //
Create time



Decomposing mesh

Removing 4 existing processor directories
Create mesh

Calculating distribution of cells
Decomposition method simple [4] (region region0)

Finished decomposition in 0.05 s

Calculating original mesh data

Distributing cells to processors

Distributing faces to processors

Distributing points to processors

Constructing processor meshes
Reading hexRef8 data : cellLevel
Reading hexRef8 data : pointLevel
Reading hexRef8 data : level0Edge

Processor 0
    Number of cells = 28040
    Number of points = 34612
    Number of faces shared with processor 1 = 1133
    Number of faces shared with processor 2 = 2512
    Number of processor patches = 2
    Number of processor faces = 3645
    Number of boundary faces = 7646

Processor 1
    Number of cells = 27871
    Number of points = 34060
    Number of faces shared with processor 0 = 1133
    Number of faces shared with processor 3 = 1307
    Number of processor patches = 2
    Number of processor faces = 2440
    Number of boundary faces = 8691

Processor 2
    Number of cells = 27871
    Number of points = 34526
    Number of faces shared with processor 0 = 2512
    Number of faces shared with processor 3 = 1316
    Number of processor patches = 2
    Number of processor faces = 3828
    Number of boundary faces = 7591

Processor 3
    Number of cells = 28039
    Number of points = 34370
    Number of faces shared with processor 1 = 1307
    Number of faces shared with processor 2 = 1316
    Number of processor patches = 2
    Number of processor faces = 2623
    Number of boundary faces = 8766

Number of processor faces = 6268
Max number of cells = 28040 (0.303163% above average 27955.2)
Max number of processor patches = 2 (0% above average 2)
Max number of faces between processors = 3828 (22.1442% above average 3134)

Time = 0

Processor 0: field transfer
Processor 1: field transfer
Processor 2: field transfer
Processor 3: field transfer

End

/*---------------------------------------------------------------------------*\
| =========                 |                                                 |
| \\      /  F ield         | OpenFOAM: The Open Source CFD Toolbox           |
|  \\    /   O peration     | Version:  2312                                  |
|   \\  /    A nd           | Website:  www.openfoam.com                      |
|    \\/     M anipulation  |                                                 |
\*---------------------------------------------------------------------------*/
Build  : _9a9aeb73-20260127 OPENFOAM=2312 patch=260127 version=2312
Arch   : "LSB;label=32;scalar=64"
Exec   : simpleFoam -parallel
Date   : Jun 07 2026
Time   : 17:16:29
Host   : PC17
PID    : 13393
I/O    : uncollated
Case   : /home/kng/OpenFOAM/cfd-master-hcmut
nProcs : 4
Hosts  :
(
    (PC17 4)
)
Pstream initialized with:
    floatTransfer      : false
    nProcsSimpleSum    : 0
    nonBlockingExchange: 0 (tuning: 0)
    exchange algorithm : 0
    commsType          : nonBlocking
    polling iterations : 0
trapFpe: Floating point exception trapping enabled (FOAM_SIGFPE).
fileModificationChecking : Monitoring run-time modified files using timeStampMaster (fileModificationSkew 5, maxFileModificationPolls 20)
allowSystemOperations : Allowing user-supplied system call operations

// * * * * * * * * * * * * * * * * * * * * * * * * * * * * * * * * * * * * * //
Create time

Create mesh for time = 0


SIMPLE: convergence criteria
    field p	 tolerance 0.0001
    field U	 tolerance 1e-05
    field k	 tolerance 1e-05
    field epsilon	 tolerance 1e-05

Reading field p

Reading field U

Reading/calculating face flux field phi

Selecting incompressible transport model Newtonian
Selecting turbulence model type RAS
Selecting RAS turbulence model kEpsilon
RAS
{
    RASModel        kEpsilon;
    turbulence      on;
    printCoeffs     on;
    Cmu             0.09;
    C1              1.44;
    C2              1.92;
    C3              0;
    sigmak          1;
    sigmaEps        1.3;
}

No MRF models present

No finite volume options present

Starting time loop

Time = 1

smoothSolver:  Solving for Ux, Initial residual = 1, Final residual = 7.85919e-05, No Iterations 7
smoothSolver:  Solving for Uy, Initial residual = 1, Final residual = 9.50755e-05, No Iterations 5
smoothSolver:  Solving for Uz, Initial residual = 1, Final residual = 5.19456e-05, No Iterations 6
DICPCG:  Solving for p, Initial residual = 1, Final residual = 0.000994146, No Iterations 342
DICPCG:  Solving for p, Initial residual = 0.0435405, Final residual = 4.13707e-05, No Iterations 270
time step continuity errors : sum local = 0.000914429, global = 1.40786e-05, cumulative = 1.40786e-05
smoothSolver:  Solving for epsilon, Initial residual = 0.338156, Final residual = 3.16535e-05, No Iterations 7
smoothSolver:  Solving for k, Initial residual = 1, Final residual = 9.72392e-05, No Iterations 8
ExecutionTime = 0.56 s  ClockTime = 1 s

Time = 2

smoothSolver:  Solving for Ux, Initial residual = 0.0688011, Final residual = 6.69639e-06, No Iterations 9
smoothSolver:  Solving for Uy, Initial residual = 0.269728, Final residual = 1.33685e-05, No Iterations 9
smoothSolver:  Solving for Uz, Initial residual = 0.0606425, Final residual = 2.93723e-06, No Iterations 10
DICPCG:  Solving for p, Initial residual = 0.850916, Final residual = 0.000810181, No Iterations 505
DICPCG:  Solving for p, Initial residual = 0.0195104, Final residual = 1.90634e-05, No Iterations 364
time step continuity errors : sum local = 0.000505584, global = -8.69947e-06, cumulative = 5.3791e-06
smoothSolver:  Solving for epsilon, Initial residual = 0.194389, Final residual = 1.04451e-05, No Iterations 6
smoothSolver:  Solving for k, Initial residual = 0.532754, Final residual = 3.04797e-05, No Iterations 7
ExecutionTime = 1.08 s  ClockTime = 1 s

Time = 3

smoothSolver:  Solving for Ux, Initial residual = 0.125578, Final residual = 8.4903e-06, No Iterations 9
smoothSolver:  Solving for Uy, Initial residual = 0.237739, Final residual = 1.50931e-05, No Iterations 8
smoothSolver:  Solving for Uz, Initial residual = 0.10035, Final residual = 6.37387e-06, No Iterations 9
DICPCG:  Solving for p, Initial residual = 0.0209311, Final residual = 1.93604e-05, No Iterations 375
DICPCG:  Solving for p, Initial residual = 0.0164049, Final residual = 1.62503e-05, No Iterations 287
time step continuity errors : sum local = 0.000356237, global = 3.21081e-07, cumulative = 5.70018e-06
smoothSolver:  Solving for epsilon, Initial residual = 0.237246, Final residual = 8.83284e-06, No Iterations 7
smoothSolver:  Solving for k, Initial residual = 0.389693, Final residual = 2.6678e-05, No Iterations 7
ExecutionTime = 1.57 s  ClockTime = 2 s

Time = 4

smoothSolver:  Solving for Ux, Initial residual = 0.149927, Final residual = 1.2027e-05, No Iterations 9
smoothSolver:  Solving for Uy, Initial residual = 0.178255, Final residual = 9.04278e-06, No Iterations 9
smoothSolver:  Solving for Uz, Initial residual = 0.114384, Final residual = 9.20093e-06, No Iterations 9
DICPCG:  Solving for p, Initial residual = 0.0175394, Final residual = 1.74629e-05, No Iterations 382
DICPCG:  Solving for p, Initial residual = 0.00678957, Final residual = 6.65736e-06, No Iterations 321
time step continuity errors : sum local = 8.16303e-05, global = 1.35887e-07, cumulative = 5.83607e-06
smoothSolver:  Solving for epsilon, Initial residual = 0.100712, Final residual = 4.08397e-06, No Iterations 7
smoothSolver:  Solving for k, Initial residual = 0.239928, Final residual = 1.61239e-05, No Iterations 7
ExecutionTime = 2.02 s  ClockTime = 2 s

Time = 5

smoothSolver:  Solving for Ux, Initial residual = 0.119469, Final residual = 9.32582e-06, No Iterations 9
smoothSolver:  Solving for Uy, Initial residual = 0.112236, Final residual = 6.39689e-06, No Iterations 9
smoothSolver:  Solving for Uz, Initial residual = 0.0886453, Final residual = 7.12951e-06, No Iterations 9
DICPCG:  Solving for p, Initial residual = 0.0189434, Final residual = 1.72958e-05, No Iterations 398
DICPCG:  Solving for p, Initial residual = 0.0765666, Final residual = 7.46287e-05, No Iterations 311
time step continuity errors : sum local = 0.000214893, global = 2.09109e-06, cumulative = 7.92716e-06
smoothSolver:  Solving for epsilon, Initial residual = 0.0446827, Final residual = 2.30633e-06, No Iterations 7
smoothSolver:  Solving for k, Initial residual = 0.180584, Final residual = 1.19821e-05, No Iterations 7
ExecutionTime = 2.44 s  ClockTime = 3 s

Time = 6

smoothSolver:  Solving for Ux, Initial residual = 0.0788874, Final residual = 5.74621e-06, No Iterations 9
smoothSolver:  Solving for Uy, Initial residual = 0.0895314, Final residual = 4.22661e-06, No Iterations 9
smoothSolver:  Solving for Uz, Initial residual = 0.0606288, Final residual = 4.45937e-06, No Iterations 9
DICPCG:  Solving for p, Initial residual = 0.0244009, Final residual = 2.40711e-05, No Iterations 397
DICPCG:  Solving for p, Initial residual = 0.0524181, Final residual = 4.99741e-05, No Iterations 306
time step continuity errors : sum local = 0.00028705, global = 3.77826e-06, cumulative = 1.17054e-05
smoothSolver:  Solving for epsilon, Initial residual = 0.0281986, Final residual = 1.36334e-06, No Iterations 7
smoothSolver:  Solving for k, Initial residual = 0.148237, Final residual = 9.51671e-06, No Iterations 7
ExecutionTime = 2.91 s  ClockTime = 3 s

Time = 7

smoothSolver:  Solving for Ux, Initial residual = 0.0391441, Final residual = 2.36359e-06, No Iterations 9
smoothSolver:  Solving for Uy, Initial residual = 0.0758701, Final residual = 6.35127e-06, No Iterations 8
smoothSolver:  Solving for Uz, Initial residual = 0.0329207, Final residual = 1.86249e-06, No Iterations 9
DICPCG:  Solving for p, Initial residual = 0.0463858, Final residual = 4.51746e-05, No Iterations 395
DICPCG:  Solving for p, Initial residual = 0.0309558, Final residual = 2.75592e-05, No Iterations 294
time step continuity errors : sum local = 0.000245484, global = 1.50295e-05, cumulative = 2.6735e-05
smoothSolver:  Solving for epsilon, Initial residual = 0.0320994, Final residual = 1.14462e-06, No Iterations 7
smoothSolver:  Solving for k, Initial residual = 0.146653, Final residual = 8.56531e-06, No Iterations 7
ExecutionTime = 3.32 s  ClockTime = 4 s

Time = 8

smoothSolver:  Solving for Ux, Initial residual = 0.0186338, Final residual = 1.24162e-06, No Iterations 9
smoothSolver:  Solving for Uy, Initial residual = 0.0647899, Final residual = 4.6167e-06, No Iterations 8
smoothSolver:  Solving for Uz, Initial residual = 0.0180742, Final residual = 9.63141e-07, No Iterations 9
DICPCG:  Solving for p, Initial residual = 0.2492, Final residual = 0.000244972, No Iterations 371
DICPCG:  Solving for p, Initial residual = 0.0218208, Final residual = 2.11325e-05, No Iterations 293
time step continuity errors : sum local = 0.000181098, global = 2.91992e-06, cumulative = 2.96549e-05
smoothSolver:  Solving for epsilon, Initial residual = 0.0514726, Final residual = 4.91466e-06, No Iterations 6
smoothSolver:  Solving for k, Initial residual = 0.159208, Final residual = 7.78862e-06, No Iterations 7
ExecutionTime = 3.73 s  ClockTime = 4 s

Time = 9

smoothSolver:  Solving for Ux, Initial residual = 0.0389451, Final residual = 3.00398e-06, No Iterations 9
smoothSolver:  Solving for Uy, Initial residual = 0.0587027, Final residual = 4.71529e-06, No Iterations 8
smoothSolver:  Solving for Uz, Initial residual = 0.0300789, Final residual = 2.30019e-06, No Iterations 9
DICPCG:  Solving for p, Initial residual = 0.0830106, Final residual = 7.12097e-05, No Iterations 368
DICPCG:  Solving for p, Initial residual = 0.0143499, Final residual = 1.37558e-05, No Iterations 301
time step continuity errors : sum local = 8.18569e-05, global = -2.27122e-06, cumulative = 2.73837e-05
smoothSolver:  Solving for epsilon, Initial residual = 0.0730283, Final residual = 5.34526e-06, No Iterations 6
smoothSolver:  Solving for k, Initial residual = 0.167389, Final residual = 7.07628e-06, No Iterations 7
ExecutionTime = 4.17 s  ClockTime = 4 s

Time = 10

smoothSolver:  Solving for Ux, Initial residual = 0.0469516, Final residual = 3.64009e-06, No Iterations 9
smoothSolver:  Solving for Uy, Initial residual = 0.0475772, Final residual = 4.47304e-06, No Iterations 8
smoothSolver:  Solving for Uz, Initial residual = 0.0344567, Final residual = 2.8499e-06, No Iterations 9
DICPCG:  Solving for p, Initial residual = 0.0623069, Final residual = 6.22718e-05, No Iterations 365
DICPCG:  Solving for p, Initial residual = 0.0287294, Final residual = 2.74531e-05, No Iterations 313
time step continuity errors : sum local = 6.77697e-05, global = -1.92127e-06, cumulative = 2.54624e-05
smoothSolver:  Solving for epsilon, Initial residual = 0.0857227, Final residual = 6.05819e-06, No Iterations 6
smoothSolver:  Solving for k, Initial residual = 0.167372, Final residual = 6.44632e-06, No Iterations 7
ExecutionTime = 4.56 s  ClockTime = 5 s

Time = 11

smoothSolver:  Solving for Ux, Initial residual = 0.0405253, Final residual = 3.1729e-06, No Iterations 9
smoothSolver:  Solving for Uy, Initial residual = 0.0372283, Final residual = 1.52552e-06, No Iterations 9
smoothSolver:  Solving for Uz, Initial residual = 0.0297925, Final residual = 2.54538e-06, No Iterations 9
DICPCG:  Solving for p, Initial residual = 0.0641089, Final residual = 6.33941e-05, No Iterations 369
DICPCG:  Solving for p, Initial residual = 0.0491466, Final residual = 4.80273e-05, No Iterations 308
time step continuity errors : sum local = 0.000108693, global = -3.42356e-06, cumulative = 2.20388e-05
smoothSolver:  Solving for epsilon, Initial residual = 0.0853723, Final residual = 4.87178e-06, No Iterations 6
smoothSolver:  Solving for k, Initial residual = 0.149338, Final residual = 5.83456e-06, No Iterations 7
ExecutionTime = 4.98 s  ClockTime = 5 s

Time = 12

smoothSolver:  Solving for Ux, Initial residual = 0.0265737, Final residual = 2.10898e-06, No Iterations 9
smoothSolver:  Solving for Uy, Initial residual = 0.0342606, Final residual = 3.1652e-06, No Iterations 8
smoothSolver:  Solving for Uz, Initial residual = 0.0205727, Final residual = 1.70421e-06, No Iterations 9
DICPCG:  Solving for p, Initial residual = 0.0848284, Final residual = 7.84692e-05, No Iterations 368
DICPCG:  Solving for p, Initial residual = 0.0289363, Final residual = 2.65669e-05, No Iterations 308
time step continuity errors : sum local = 0.000105714, global = -2.26778e-06, cumulative = 1.9771e-05
smoothSolver:  Solving for epsilon, Initial residual = 0.0750362, Final residual = 3.246e-06, No Iterations 6
smoothSolver:  Solving for k, Initial residual = 0.127283, Final residual = 3.96876e-06, No Iterations 7
ExecutionTime = 5.41 s  ClockTime = 6 s

Time = 13

smoothSolver:  Solving for Ux, Initial residual = 0.014123, Final residual = 1.00512e-06, No Iterations 9
smoothSolver:  Solving for Uy, Initial residual = 0.0321087, Final residual = 2.61122e-06, No Iterations 8
smoothSolver:  Solving for Uz, Initial residual = 0.0121498, Final residual = 8.53521e-07, No Iterations 9
DICPCG:  Solving for p, Initial residual = 0.192823, Final residual = 0.000181667, No Iterations 367
DICPCG:  Solving for p, Initial residual = 0.0200138, Final residual = 1.87796e-05, No Iterations 306
time step continuity errors : sum local = 8.21412e-05, global = -2.29524e-06, cumulative = 1.74758e-05
smoothSolver:  Solving for epsilon, Initial residual = 0.0620059, Final residual = 1.90776e-06, No Iterations 6
smoothSolver:  Solving for k, Initial residual = 0.108089, Final residual = 2.86703e-06, No Iterations 7
ExecutionTime = 5.81 s  ClockTime = 6 s

Time = 14

smoothSolver:  Solving for Ux, Initial residual = 0.0173181, Final residual = 1.54286e-06, No Iterations 8
smoothSolver:  Solving for Uy, Initial residual = 0.0303263, Final residual = 2.30397e-06, No Iterations 8
smoothSolver:  Solving for Uz, Initial residual = 0.0143398, Final residual = 1.38907e-06, No Iterations 8
DICPCG:  Solving for p, Initial residual = 0.0731782, Final residual = 6.02226e-05, No Iterations 363
DICPCG:  Solving for p, Initial residual = 0.0130477, Final residual = 1.14528e-05, No Iterations 305
time step continuity errors : sum local = 4.32032e-05, global = 1.86778e-07, cumulative = 1.76626e-05
smoothSolver:  Solving for epsilon, Initial residual = 0.0484615, Final residual = 1.21723e-06, No Iterations 6
smoothSolver:  Solving for k, Initial residual = 0.0931271, Final residual = 2.54811e-06, No Iterations 7
ExecutionTime = 6.22 s  ClockTime = 6 s

Time = 15

smoothSolver:  Solving for Ux, Initial residual = 0.0207321, Final residual = 2.0525e-06, No Iterations 8
smoothSolver:  Solving for Uy, Initial residual = 0.027287, Final residual = 2.0573e-06, No Iterations 8
smoothSolver:  Solving for Uz, Initial residual = 0.0163045, Final residual = 1.47649e-06, No Iterations 8
DICPCG:  Solving for p, Initial residual = 0.0567355, Final residual = 5.22799e-05, No Iterations 364
DICPCG:  Solving for p, Initial residual = 0.00777602, Final residual = 7.61724e-06, No Iterations 290
time step continuity errors : sum local = 2.02663e-05, global = -7.96542e-07, cumulative = 1.6866e-05
smoothSolver:  Solving for epsilon, Initial residual = 0.0367177, Final residual = 9.01077e-07, No Iterations 6
smoothSolver:  Solving for k, Initial residual = 0.084351, Final residual = 2.42131e-06, No Iterations 7
ExecutionTime = 6.59 s  ClockTime = 7 s

Time = 16

smoothSolver:  Solving for Ux, Initial residual = 0.0193514, Final residual = 1.86744e-06, No Iterations 8
smoothSolver:  Solving for Uy, Initial residual = 0.0237815, Final residual = 1.79894e-06, No Iterations 8
smoothSolver:  Solving for Uz, Initial residual = 0.0151691, Final residual = 1.2972e-06, No Iterations 8
DICPCG:  Solving for p, Initial residual = 0.0557759, Final residual = 5.4228e-05, No Iterations 361
DICPCG:  Solving for p, Initial residual = 0.0262439, Final residual = 2.41509e-05, No Iterations 306
time step continuity errors : sum local = 3.67365e-05, global = 8.13081e-07, cumulative = 1.76791e-05
smoothSolver:  Solving for epsilon, Initial residual = 0.0311678, Final residual = 7.25013e-07, No Iterations 6
smoothSolver:  Solving for k, Initial residual = 0.0761785, Final residual = 2.32683e-06, No Iterations 7
ExecutionTime = 7 s  ClockTime = 7 s

Time = 17

smoothSolver:  Solving for Ux, Initial residual = 0.0150089, Final residual = 1.22371e-06, No Iterations 8
smoothSolver:  Solving for Uy, Initial residual = 0.0222302, Final residual = 1.55633e-06, No Iterations 8
smoothSolver:  Solving for Uz, Initial residual = 0.0122686, Final residual = 9.30211e-07, No Iterations 8
DICPCG:  Solving for p, Initial residual = 0.0613829, Final residual = 5.51757e-05, No Iterations 362
DICPCG:  Solving for p, Initial residual = 0.0530299, Final residual = 5.11035e-05, No Iterations 304
time step continuity errors : sum local = 4.75933e-05, global = 4.62395e-07, cumulative = 1.81415e-05
smoothSolver:  Solving for epsilon, Initial residual = 0.0262341, Final residual = 6.57513e-07, No Iterations 6
smoothSolver:  Solving for k, Initial residual = 0.0687033, Final residual = 2.21891e-06, No Iterations 7
ExecutionTime = 7.41 s  ClockTime = 8 s

Time = 18

smoothSolver:  Solving for Ux, Initial residual = 0.0109277, Final residual = 9.17121e-07, No Iterations 8
smoothSolver:  Solving for Uy, Initial residual = 0.0212274, Final residual = 1.43187e-06, No Iterations 8
smoothSolver:  Solving for Uz, Initial residual = 0.00944939, Final residual = 7.79285e-07, No Iterations 8
DICPCG:  Solving for p, Initial residual = 0.0735844, Final residual = 6.32637e-05, No Iterations 354
DICPCG:  Solving for p, Initial residual = 0.0344094, Final residual = 3.26702e-05, No Iterations 301
time step continuity errors : sum local = 4.33355e-05, global = 5.12106e-07, cumulative = 1.86536e-05
smoothSolver:  Solving for epsilon, Initial residual = 0.0219339, Final residual = 6.31338e-07, No Iterations 6
smoothSolver:  Solving for k, Initial residual = 0.0621326, Final residual = 2.126e-06, No Iterations 7
ExecutionTime = 7.85 s  ClockTime = 9 s

Time = 19

smoothSolver:  Solving for Ux, Initial residual = 0.00927676, Final residual = 5.09106e-07, No Iterations 9
smoothSolver:  Solving for Uy, Initial residual = 0.0199084, Final residual = 1.36146e-06, No Iterations 8
smoothSolver:  Solving for Uz, Initial residual = 0.0080082, Final residual = 9.46832e-07, No Iterations 8
DICPCG:  Solving for p, Initial residual = 0.0957271, Final residual = 8.81834e-05, No Iterations 356
DICPCG:  Solving for p, Initial residual = 0.0261916, Final residual = 2.35812e-05, No Iterations 290
time step continuity errors : sum local = 3.07523e-05, global = -3.14128e-07, cumulative = 1.83395e-05
smoothSolver:  Solving for epsilon, Initial residual = 0.0192166, Final residual = 6.0845e-07, No Iterations 6
smoothSolver:  Solving for k, Initial residual = 0.0571911, Final residual = 2.03779e-06, No Iterations 7
ExecutionTime = 8.28 s  ClockTime = 9 s

Time = 20

smoothSolver:  Solving for Ux, Initial residual = 0.00938187, Final residual = 6.12791e-07, No Iterations 9
smoothSolver:  Solving for Uy, Initial residual = 0.0183315, Final residual = 1.29099e-06, No Iterations 8
smoothSolver:  Solving for Uz, Initial residual = 0.00784215, Final residual = 4.68937e-07, No Iterations 9
DICPCG:  Solving for p, Initial residual = 0.121783, Final residual = 0.000121439, No Iterations 323
DICPCG:  Solving for p, Initial residual = 0.0213321, Final residual = 1.89762e-05, No Iterations 341
time step continuity errors : sum local = 1.93253e-05, global = 1.14874e-07, cumulative = 1.84544e-05
smoothSolver:  Solving for epsilon, Initial residual = 0.0173478, Final residual = 5.76168e-07, No Iterations 6
smoothSolver:  Solving for k, Initial residual = 0.0530149, Final residual = 1.95336e-06, No Iterations 7
ExecutionTime = 8.73 s  ClockTime = 9 s

Time = 21

smoothSolver:  Solving for Ux, Initial residual = 0.00932705, Final residual = 6.21217e-07, No Iterations 9
smoothSolver:  Solving for Uy, Initial residual = 0.0166023, Final residual = 1.19102e-06, No Iterations 8
smoothSolver:  Solving for Uz, Initial residual = 0.00751651, Final residual = 4.63147e-07, No Iterations 9
DICPCG:  Solving for p, Initial residual = 0.134477, Final residual = 0.000128852, No Iterations 330
DICPCG:  Solving for p, Initial residual = 0.0210008, Final residual = 2.09098e-05, No Iterations 287
time step continuity errors : sum local = 2.10278e-05, global = -1.99869e-06, cumulative = 1.64557e-05
smoothSolver:  Solving for epsilon, Initial residual = 0.0157503, Final residual = 5.57179e-07, No Iterations 6
smoothSolver:  Solving for k, Initial residual = 0.0492541, Final residual = 1.88419e-06, No Iterations 7
ExecutionTime = 9.17 s  ClockTime = 10 s

Time = 22

smoothSolver:  Solving for Ux, Initial residual = 0.00853019, Final residual = 5.39622e-07, No Iterations 9
smoothSolver:  Solving for Uy, Initial residual = 0.0153636, Final residual = 1.08165e-06, No Iterations 8
smoothSolver:  Solving for Uz, Initial residual = 0.00691271, Final residual = 9.49799e-07, No Iterations 8
DICPCG:  Solving for p, Initial residual = 0.123768, Final residual = 0.000122846, No Iterations 332
DICPCG:  Solving for p, Initial residual = 0.0176918, Final residual = 1.73462e-05, No Iterations 289
time step continuity errors : sum local = 2.33992e-05, global = -6.69194e-07, cumulative = 1.57865e-05
smoothSolver:  Solving for epsilon, Initial residual = 0.0145486, Final residual = 5.33708e-07, No Iterations 6
smoothSolver:  Solving for k, Initial residual = 0.0461836, Final residual = 1.81036e-06, No Iterations 7
ExecutionTime = 9.57 s  ClockTime = 10 s

Time = 23

smoothSolver:  Solving for Ux, Initial residual = 0.00775118, Final residual = 9.84792e-07, No Iterations 8
smoothSolver:  Solving for Uy, Initial residual = 0.0145192, Final residual = 9.75835e-07, No Iterations 8
smoothSolver:  Solving for Uz, Initial residual = 0.0064665, Final residual = 7.42035e-07, No Iterations 8
DICPCG:  Solving for p, Initial residual = 0.102265, Final residual = 0.000101491, No Iterations 352
DICPCG:  Solving for p, Initial residual = 0.0147916, Final residual = 1.401e-05, No Iterations 286
time step continuity errors : sum local = 2.17979e-05, global = -6.67818e-07, cumulative = 1.51187e-05
smoothSolver:  Solving for epsilon, Initial residual = 0.0136288, Final residual = 5.16514e-07, No Iterations 6
smoothSolver:  Solving for k, Initial residual = 0.0437255, Final residual = 1.7409e-06, No Iterations 7
ExecutionTime = 9.98 s  ClockTime = 11 s

Time = 24

smoothSolver:  Solving for Ux, Initial residual = 0.00746351, Final residual = 7.1123e-07, No Iterations 8
smoothSolver:  Solving for Uy, Initial residual = 0.0138777, Final residual = 8.85574e-07, No Iterations 8
smoothSolver:  Solving for Uz, Initial residual = 0.00632679, Final residual = 5.78815e-07, No Iterations 8
DICPCG:  Solving for p, Initial residual = 0.0846961, Final residual = 8.40847e-05, No Iterations 310
DICPCG:  Solving for p, Initial residual = 0.0118808, Final residual = 1.16754e-05, No Iterations 284
time step continuity errors : sum local = 1.87954e-05, global = -8.27717e-07, cumulative = 1.42909e-05
smoothSolver:  Solving for epsilon, Initial residual = 0.012972, Final residual = 5.00533e-07, No Iterations 6
smoothSolver:  Solving for k, Initial residual = 0.0416593, Final residual = 1.67138e-06, No Iterations 7
ExecutionTime = 10.39 s  ClockTime = 11 s

Time = 25

smoothSolver:  Solving for Ux, Initial residual = 0.00738008, Final residual = 5.49776e-07, No Iterations 8
smoothSolver:  Solving for Uy, Initial residual = 0.0131834, Final residual = 8.15231e-07, No Iterations 8
smoothSolver:  Solving for Uz, Initial residual = 0.00627868, Final residual = 4.86854e-07, No Iterations 8
DICPCG:  Solving for p, Initial residual = 0.0734888, Final residual = 6.97316e-05, No Iterations 343
DICPCG:  Solving for p, Initial residual = 0.00936217, Final residual = 9.167e-06, No Iterations 287
time step continuity errors : sum local = 1.41373e-05, global = -3.59629e-07, cumulative = 1.39313e-05
smoothSolver:  Solving for epsilon, Initial residual = 0.0125127, Final residual = 4.86627e-07, No Iterations 6
smoothSolver:  Solving for k, Initial residual = 0.0399142, Final residual = 1.60836e-06, No Iterations 7
ExecutionTime = 10.81 s  ClockTime = 12 s

Time = 26

smoothSolver:  Solving for Ux, Initial residual = 0.0072566, Final residual = 5.03919e-07, No Iterations 8
smoothSolver:  Solving for Uy, Initial residual = 0.0124977, Final residual = 7.47987e-07, No Iterations 8
smoothSolver:  Solving for Uz, Initial residual = 0.006164, Final residual = 4.40536e-07, No Iterations 8
DICPCG:  Solving for p, Initial residual = 0.0684554, Final residual = 6.75764e-05, No Iterations 349
DICPCG:  Solving for p, Initial residual = 0.00884269, Final residual = 8.58754e-06, No Iterations 158
time step continuity errors : sum local = 1.21312e-05, global = -3.08006e-08, cumulative = 1.39005e-05
smoothSolver:  Solving for epsilon, Initial residual = 0.0122328, Final residual = 4.7412e-07, No Iterations 6
smoothSolver:  Solving for k, Initial residual = 0.0384584, Final residual = 1.54952e-06, No Iterations 7
ExecutionTime = 11.15 s  ClockTime = 12 s

Time = 27

smoothSolver:  Solving for Ux, Initial residual = 0.00692968, Final residual = 4.66586e-07, No Iterations 8
smoothSolver:  Solving for Uy, Initial residual = 0.0118987, Final residual = 6.89388e-07, No Iterations 8
smoothSolver:  Solving for Uz, Initial residual = 0.00592255, Final residual = 4.05967e-07, No Iterations 8
DICPCG:  Solving for p, Initial residual = 0.067117, Final residual = 6.46822e-05, No Iterations 347
DICPCG:  Solving for p, Initial residual = 0.0111775, Final residual = 1.09034e-05, No Iterations 273
time step continuity errors : sum local = 1.38769e-05, global = 5.15702e-07, cumulative = 1.44162e-05
smoothSolver:  Solving for epsilon, Initial residual = 0.0120195, Final residual = 4.65821e-07, No Iterations 6
smoothSolver:  Solving for k, Initial residual = 0.0372113, Final residual = 1.50059e-06, No Iterations 7
ExecutionTime = 11.53 s  ClockTime = 12 s

Time = 28

smoothSolver:  Solving for Ux, Initial residual = 0.00649429, Final residual = 4.25118e-07, No Iterations 8
smoothSolver:  Solving for Uy, Initial residual = 0.0114447, Final residual = 6.48568e-07, No Iterations 8
smoothSolver:  Solving for Uz, Initial residual = 0.0055994, Final residual = 3.76335e-07, No Iterations 8
DICPCG:  Solving for p, Initial residual = 0.0679831, Final residual = 6.61705e-05, No Iterations 344
DICPCG:  Solving for p, Initial residual = 0.012873, Final residual = 1.27849e-05, No Iterations 260
time step continuity errors : sum local = 1.48851e-05, global = 2.55242e-07, cumulative = 1.46715e-05
smoothSolver:  Solving for epsilon, Initial residual = 0.0119187, Final residual = 4.60768e-07, No Iterations 6
smoothSolver:  Solving for k, Initial residual = 0.0362016, Final residual = 1.46355e-06, No Iterations 7
ExecutionTime = 11.93 s  ClockTime = 13 s

Time = 29

smoothSolver:  Solving for Ux, Initial residual = 0.00611509, Final residual = 3.97653e-07, No Iterations 8
smoothSolver:  Solving for Uy, Initial residual = 0.0110635, Final residual = 6.17764e-07, No Iterations 8
smoothSolver:  Solving for Uz, Initial residual = 0.00527061, Final residual = 9.75773e-07, No Iterations 7
DICPCG:  Solving for p, Initial residual = 0.0701746, Final residual = 6.18941e-05, No Iterations 344
DICPCG:  Solving for p, Initial residual = 0.0131506, Final residual = 1.1811e-05, No Iterations 279
time step continuity errors : sum local = 1.30137e-05, global = 2.5553e-07, cumulative = 1.4927e-05
smoothSolver:  Solving for epsilon, Initial residual = 0.0119543, Final residual = 4.62479e-07, No Iterations 6
smoothSolver:  Solving for k, Initial residual = 0.0354244, Final residual = 1.43937e-06, No Iterations 7
ExecutionTime = 12.35 s  ClockTime = 13 s

Time = 30

smoothSolver:  Solving for Ux, Initial residual = 0.00583798, Final residual = 3.77693e-07, No Iterations 8
smoothSolver:  Solving for Uy, Initial residual = 0.0106954, Final residual = 5.91032e-07, No Iterations 8
smoothSolver:  Solving for Uz, Initial residual = 0.00499682, Final residual = 9.29325e-07, No Iterations 7
DICPCG:  Solving for p, Initial residual = 0.0728021, Final residual = 6.62999e-05, No Iterations 347
DICPCG:  Solving for p, Initial residual = 0.0121645, Final residual = 1.20939e-05, No Iterations 280
time step continuity errors : sum local = 1.31125e-05, global = 6.96815e-07, cumulative = 1.56238e-05
smoothSolver:  Solving for epsilon, Initial residual = 0.012133, Final residual = 4.73986e-07, No Iterations 6
smoothSolver:  Solving for k, Initial residual = 0.0348583, Final residual = 1.42911e-06, No Iterations 7
ExecutionTime = 12.82 s  ClockTime = 13 s

Time = 31

smoothSolver:  Solving for Ux, Initial residual = 0.0056215, Final residual = 3.59881e-07, No Iterations 8
smoothSolver:  Solving for Uy, Initial residual = 0.0102952, Final residual = 5.65406e-07, No Iterations 8
smoothSolver:  Solving for Uz, Initial residual = 0.00478125, Final residual = 8.90361e-07, No Iterations 7
DICPCG:  Solving for p, Initial residual = 0.0749307, Final residual = 6.85502e-05, No Iterations 309
DICPCG:  Solving for p, Initial residual = 0.0107072, Final residual = 1.04144e-05, No Iterations 214
time step continuity errors : sum local = 1.14545e-05, global = 5.46866e-07, cumulative = 1.61707e-05
smoothSolver:  Solving for epsilon, Initial residual = 0.012385, Final residual = 4.92402e-07, No Iterations 6
smoothSolver:  Solving for k, Initial residual = 0.0343742, Final residual = 1.42826e-06, No Iterations 7
ExecutionTime = 13.21 s  ClockTime = 14 s

Time = 32

smoothSolver:  Solving for Ux, Initial residual = 0.00544986, Final residual = 9.60313e-07, No Iterations 7
smoothSolver:  Solving for Uy, Initial residual = 0.00992173, Final residual = 5.37522e-07, No Iterations 8
smoothSolver:  Solving for Uz, Initial residual = 0.00460235, Final residual = 8.42933e-07, No Iterations 7
DICPCG:  Solving for p, Initial residual = 0.0757659, Final residual = 6.99065e-05, No Iterations 303
DICPCG:  Solving for p, Initial residual = 0.00964987, Final residual = 9.52154e-06, No Iterations 203
time step continuity errors : sum local = 1.07424e-05, global = 1.39493e-07, cumulative = 1.63102e-05
smoothSolver:  Solving for epsilon, Initial residual = 0.0126238, Final residual = 5.13141e-07, No Iterations 6
smoothSolver:  Solving for k, Initial residual = 0.0338994, Final residual = 1.43455e-06, No Iterations 7
ExecutionTime = 13.57 s  ClockTime = 14 s

Time = 33

smoothSolver:  Solving for Ux, Initial residual = 0.00529844, Final residual = 8.91713e-07, No Iterations 7
smoothSolver:  Solving for Uy, Initial residual = 0.00958646, Final residual = 5.07552e-07, No Iterations 8
smoothSolver:  Solving for Uz, Initial residual = 0.00443578, Final residual = 7.8856e-07, No Iterations 7
DICPCG:  Solving for p, Initial residual = 0.0754752, Final residual = 7.37853e-05, No Iterations 234
DICPCG:  Solving for p, Initial residual = 0.00929844, Final residual = 9.25398e-06, No Iterations 212
time step continuity errors : sum local = 1.06352e-05, global = 1.28688e-06, cumulative = 1.7597e-05
smoothSolver:  Solving for epsilon, Initial residual = 0.0127982, Final residual = 5.3473e-07, No Iterations 6
smoothSolver:  Solving for k, Initial residual = 0.0333816, Final residual = 1.44766e-06, No Iterations 7
ExecutionTime = 13.87 s  ClockTime = 15 s

Time = 34

smoothSolver:  Solving for Ux, Initial residual = 0.00516614, Final residual = 8.13556e-07, No Iterations 7
smoothSolver:  Solving for Uy, Initial residual = 0.00928378, Final residual = 4.79843e-07, No Iterations 8
smoothSolver:  Solving for Uz, Initial residual = 0.00428637, Final residual = 7.35315e-07, No Iterations 7
DICPCG:  Solving for p, Initial residual = 0.0742174, Final residual = 7.36118e-05, No Iterations 298
DICPCG:  Solving for p, Initial residual = 0.00894641, Final residual = 8.61229e-06, No Iterations 112
time step continuity errors : sum local = 1.00411e-05, global = 1.9059e-07, cumulative = 1.77876e-05
smoothSolver:  Solving for epsilon, Initial residual = 0.0128817, Final residual = 5.56439e-07, No Iterations 6
smoothSolver:  Solving for k, Initial residual = 0.032816, Final residual = 1.46698e-06, No Iterations 7
ExecutionTime = 14.19 s  ClockTime = 15 s

Time = 35

smoothSolver:  Solving for Ux, Initial residual = 0.00505329, Final residual = 7.45222e-07, No Iterations 7
smoothSolver:  Solving for Uy, Initial residual = 0.00901595, Final residual = 4.57705e-07, No Iterations 8
smoothSolver:  Solving for Uz, Initial residual = 0.00415016, Final residual = 6.85791e-07, No Iterations 7
DICPCG:  Solving for p, Initial residual = 0.0726498, Final residual = 7.03592e-05, No Iterations 306
DICPCG:  Solving for p, Initial residual = 0.00865802, Final residual = 8.4492e-06, No Iterations 113
time step continuity errors : sum local = 9.82257e-06, global = 3.1787e-08, cumulative = 1.78194e-05
smoothSolver:  Solving for epsilon, Initial residual = 0.0129097, Final residual = 5.78308e-07, No Iterations 6
smoothSolver:  Solving for k, Initial residual = 0.0322166, Final residual = 1.49145e-06, No Iterations 7
ExecutionTime = 14.53 s  ClockTime = 15 s

Time = 36

smoothSolver:  Solving for Ux, Initial residual = 0.0049583, Final residual = 7.16762e-07, No Iterations 7
smoothSolver:  Solving for Uy, Initial residual = 0.00879945, Final residual = 4.45417e-07, No Iterations 8
smoothSolver:  Solving for Uz, Initial residual = 0.00402043, Final residual = 6.4654e-07, No Iterations 7
DICPCG:  Solving for p, Initial residual = 0.0712605, Final residual = 7.02756e-05, No Iterations 196
DICPCG:  Solving for p, Initial residual = 0.00855661, Final residual = 8.25196e-06, No Iterations 223
time step continuity errors : sum local = 9.47474e-06, global = -8.50396e-07, cumulative = 1.6969e-05
smoothSolver:  Solving for epsilon, Initial residual = 0.0128772, Final residual = 6.0017e-07, No Iterations 6
smoothSolver:  Solving for k, Initial residual = 0.0315715, Final residual = 1.52085e-06, No Iterations 7
ExecutionTime = 14.82 s  ClockTime = 15 s

Time = 37

smoothSolver:  Solving for Ux, Initial residual = 0.00486016, Final residual = 7.0414e-07, No Iterations 7
smoothSolver:  Solving for Uy, Initial residual = 0.00861568, Final residual = 4.39379e-07, No Iterations 8
smoothSolver:  Solving for Uz, Initial residual = 0.00389302, Final residual = 6.13463e-07, No Iterations 7
DICPCG:  Solving for p, Initial residual = 0.0704046, Final residual = 6.95866e-05, No Iterations 311
DICPCG:  Solving for p, Initial residual = 0.00871341, Final residual = 8.61217e-06, No Iterations 208
time step continuity errors : sum local = 9.66589e-06, global = 1.06587e-06, cumulative = 1.80349e-05
smoothSolver:  Solving for epsilon, Initial residual = 0.0127768, Final residual = 6.21756e-07, No Iterations 6
smoothSolver:  Solving for k, Initial residual = 0.0308581, Final residual = 1.55448e-06, No Iterations 7
ExecutionTime = 15.17 s  ClockTime = 16 s

Time = 38

smoothSolver:  Solving for Ux, Initial residual = 0.00475865, Final residual = 6.94651e-07, No Iterations 7
smoothSolver:  Solving for Uy, Initial residual = 0.0084595, Final residual = 4.35611e-07, No Iterations 8
smoothSolver:  Solving for Uz, Initial residual = 0.00376764, Final residual = 5.83655e-07, No Iterations 7
DICPCG:  Solving for p, Initial residual = 0.0699691, Final residual = 6.9115e-05, No Iterations 311
DICPCG:  Solving for p, Initial residual = 0.00888151, Final residual = 8.52231e-06, No Iterations 222
time step continuity errors : sum local = 9.33437e-06, global = 1.12224e-06, cumulative = 1.91571e-05
smoothSolver:  Solving for epsilon, Initial residual = 0.0126024, Final residual = 6.42796e-07, No Iterations 6
smoothSolver:  Solving for k, Initial residual = 0.0300744, Final residual = 1.59249e-06, No Iterations 7
ExecutionTime = 15.54 s  ClockTime = 16 s

Time = 39

smoothSolver:  Solving for Ux, Initial residual = 0.00465948, Final residual = 6.81364e-07, No Iterations 7
smoothSolver:  Solving for Uy, Initial residual = 0.00832848, Final residual = 4.33562e-07, No Iterations 8
smoothSolver:  Solving for Uz, Initial residual = 0.0036481, Final residual = 5.57258e-07, No Iterations 7
DICPCG:  Solving for p, Initial residual = 0.069943, Final residual = 6.84353e-05, No Iterations 224
DICPCG:  Solving for p, Initial residual = 0.00895294, Final residual = 8.57468e-06, No Iterations 324
time step continuity errors : sum local = 9.1872e-06, global = -1.33895e-07, cumulative = 1.90232e-05
smoothSolver:  Solving for epsilon, Initial residual = 0.0123808, Final residual = 6.63294e-07, No Iterations 6
smoothSolver:  Solving for k, Initial residual = 0.0292425, Final residual = 1.63398e-06, No Iterations 7
ExecutionTime = 15.9 s  ClockTime = 17 s

Time = 40

smoothSolver:  Solving for Ux, Initial residual = 0.00455855, Final residual = 6.62415e-07, No Iterations 7
smoothSolver:  Solving for Uy, Initial residual = 0.00821497, Final residual = 4.30738e-07, No Iterations 8
smoothSolver:  Solving for Uz, Initial residual = 0.00353673, Final residual = 5.34323e-07, No Iterations 7
DICPCG:  Solving for p, Initial residual = 0.0699535, Final residual = 6.42166e-05, No Iterations 225
DICPCG:  Solving for p, Initial residual = 0.00883984, Final residual = 8.56362e-06, No Iterations 270
time step continuity errors : sum local = 9.02247e-06, global = 1.10298e-06, cumulative = 2.01262e-05
smoothSolver:  Solving for epsilon, Initial residual = 0.0121227, Final residual = 6.82802e-07, No Iterations 6
smoothSolver:  Solving for k, Initial residual = 0.0283532, Final residual = 1.6748e-06, No Iterations 7
ExecutionTime = 16.22 s  ClockTime = 17 s

Time = 41

smoothSolver:  Solving for Ux, Initial residual = 0.00445556, Final residual = 6.4147e-07, No Iterations 7
smoothSolver:  Solving for Uy, Initial residual = 0.00810362, Final residual = 4.26584e-07, No Iterations 8
smoothSolver:  Solving for Uz, Initial residual = 0.00343729, Final residual = 5.16256e-07, No Iterations 7
DICPCG:  Solving for p, Initial residual = 0.0697566, Final residual = 6.90347e-05, No Iterations 226
DICPCG:  Solving for p, Initial residual = 0.00855912, Final residual = 8.08154e-06, No Iterations 191
time step continuity errors : sum local = 8.4163e-06, global = 1.33729e-06, cumulative = 2.14635e-05
smoothSolver:  Solving for epsilon, Initial residual = 0.0118283, Final residual = 7.01349e-07, No Iterations 6
smoothSolver:  Solving for k, Initial residual = 0.02746, Final residual = 1.71185e-06, No Iterations 7
ExecutionTime = 16.5 s  ClockTime = 17 s

Time = 42

smoothSolver:  Solving for Ux, Initial residual = 0.00435478, Final residual = 6.23004e-07, No Iterations 7
smoothSolver:  Solving for Uy, Initial residual = 0.0079897, Final residual = 4.22676e-07, No Iterations 8
smoothSolver:  Solving for Uz, Initial residual = 0.00335011, Final residual = 5.02977e-07, No Iterations 7
DICPCG:  Solving for p, Initial residual = 0.0691412, Final residual = 6.88969e-05, No Iterations 255
DICPCG:  Solving for p, Initial residual = 0.0081632, Final residual = 8.13044e-06, No Iterations 276
time step continuity errors : sum local = 8.40462e-06, global = 1.20722e-07, cumulative = 2.15842e-05
smoothSolver:  Solving for epsilon, Initial residual = 0.0115053, Final residual = 7.18001e-07, No Iterations 6
smoothSolver:  Solving for k, Initial residual = 0.0265927, Final residual = 1.74226e-06, No Iterations 7
ExecutionTime = 16.84 s  ClockTime = 17 s

Time = 43

smoothSolver:  Solving for Ux, Initial residual = 0.00426157, Final residual = 6.14976e-07, No Iterations 7
smoothSolver:  Solving for Uy, Initial residual = 0.00787749, Final residual = 4.20255e-07, No Iterations 8
smoothSolver:  Solving for Uz, Initial residual = 0.00327207, Final residual = 4.91953e-07, No Iterations 7
DICPCG:  Solving for p, Initial residual = 0.068039, Final residual = 6.69987e-05, No Iterations 303
DICPCG:  Solving for p, Initial residual = 0.00776152, Final residual = 7.64067e-06, No Iterations 210
time step continuity errors : sum local = 7.85982e-06, global = 8.19448e-07, cumulative = 2.24037e-05
smoothSolver:  Solving for epsilon, Initial residual = 0.0111492, Final residual = 7.31249e-07, No Iterations 6
smoothSolver:  Solving for k, Initial residual = 0.0257198, Final residual = 1.76265e-06, No Iterations 7
ExecutionTime = 17.19 s  ClockTime = 18 s

Time = 44

smoothSolver:  Solving for Ux, Initial residual = 0.00416726, Final residual = 6.08437e-07, No Iterations 7
smoothSolver:  Solving for Uy, Initial residual = 0.00777701, Final residual = 4.20506e-07, No Iterations 8
smoothSolver:  Solving for Uz, Initial residual = 0.0032002, Final residual = 4.83971e-07, No Iterations 7
DICPCG:  Solving for p, Initial residual = 0.0666502, Final residual = 6.63483e-05, No Iterations 258
DICPCG:  Solving for p, Initial residual = 0.00741509, Final residual = 7.38924e-06, No Iterations 324
time step continuity errors : sum local = 7.57504e-06, global = 8.46496e-08, cumulative = 2.24883e-05
smoothSolver:  Solving for epsilon, Initial residual = 0.0107911, Final residual = 7.41173e-07, No Iterations 6
smoothSolver:  Solving for k, Initial residual = 0.0248445, Final residual = 1.77311e-06, No Iterations 7
ExecutionTime = 17.59 s  ClockTime = 18 s

Time = 45

smoothSolver:  Solving for Ux, Initial residual = 0.00406829, Final residual = 6.03446e-07, No Iterations 7
smoothSolver:  Solving for Uy, Initial residual = 0.00769349, Final residual = 4.22157e-07, No Iterations 8
smoothSolver:  Solving for Uz, Initial residual = 0.00313509, Final residual = 4.78445e-07, No Iterations 7
DICPCG:  Solving for p, Initial residual = 0.0650999, Final residual = 6.3765e-05, No Iterations 209
DICPCG:  Solving for p, Initial residual = 0.00709976, Final residual = 6.85935e-06, No Iterations 282
time step continuity errors : sum local = 7.0028e-06, global = 3.71226e-07, cumulative = 2.28595e-05
smoothSolver:  Solving for epsilon, Initial residual = 0.0104084, Final residual = 7.47783e-07, No Iterations 6
smoothSolver:  Solving for k, Initial residual = 0.0239552, Final residual = 1.77282e-06, No Iterations 7
ExecutionTime = 17.9 s  ClockTime = 18 s

Time = 46

smoothSolver:  Solving for Ux, Initial residual = 0.003967, Final residual = 5.97677e-07, No Iterations 7
smoothSolver:  Solving for Uy, Initial residual = 0.00763453, Final residual = 4.24313e-07, No Iterations 8
smoothSolver:  Solving for Uz, Initial residual = 0.00307994, Final residual = 4.76873e-07, No Iterations 7
DICPCG:  Solving for p, Initial residual = 0.0636484, Final residual = 6.20527e-05, No Iterations 202
DICPCG:  Solving for p, Initial residual = 0.00682345, Final residual = 6.67546e-06, No Iterations 220
time step continuity errors : sum local = 6.76242e-06, global = -6.50239e-07, cumulative = 2.22093e-05
smoothSolver:  Solving for epsilon, Initial residual = 0.00999686, Final residual = 7.5246e-07, No Iterations 6
smoothSolver:  Solving for k, Initial residual = 0.0230433, Final residual = 1.76421e-06, No Iterations 7
ExecutionTime = 18.2 s  ClockTime = 19 s

Time = 47

smoothSolver:  Solving for Ux, Initial residual = 0.00386702, Final residual = 5.92524e-07, No Iterations 7
smoothSolver:  Solving for Uy, Initial residual = 0.00759023, Final residual = 4.26541e-07, No Iterations 8
smoothSolver:  Solving for Uz, Initial residual = 0.00303505, Final residual = 4.79119e-07, No Iterations 7
DICPCG:  Solving for p, Initial residual = 0.0622409, Final residual = 6.20146e-05, No Iterations 149
DICPCG:  Solving for p, Initial residual = 0.00656321, Final residual = 6.14687e-06, No Iterations 281
time step continuity errors : sum local = 6.17734e-06, global = -1.90254e-07, cumulative = 2.20191e-05
smoothSolver:  Solving for epsilon, Initial residual = 0.00959657, Final residual = 7.56274e-07, No Iterations 6
smoothSolver:  Solving for k, Initial residual = 0.022147, Final residual = 1.74851e-06, No Iterations 7
ExecutionTime = 18.5 s  ClockTime = 19 s

Time = 48

smoothSolver:  Solving for Ux, Initial residual = 0.00376869, Final residual = 5.87408e-07, No Iterations 7
smoothSolver:  Solving for Uy, Initial residual = 0.00754847, Final residual = 4.28137e-07, No Iterations 8
smoothSolver:  Solving for Uz, Initial residual = 0.00299533, Final residual = 4.83138e-07, No Iterations 7
DICPCG:  Solving for p, Initial residual = 0.0608006, Final residual = 6.05718e-05, No Iterations 140
DICPCG:  Solving for p, Initial residual = 0.00634656, Final residual = 5.91515e-06, No Iterations 283
time step continuity errors : sum local = 5.88877e-06, global = -2.76026e-08, cumulative = 2.19915e-05
smoothSolver:  Solving for epsilon, Initial residual = 0.0092315, Final residual = 7.60603e-07, No Iterations 6
smoothSolver:  Solving for k, Initial residual = 0.0213113, Final residual = 1.72861e-06, No Iterations 7
ExecutionTime = 18.77 s  ClockTime = 19 s

Time = 49

smoothSolver:  Solving for Ux, Initial residual = 0.00367225, Final residual = 5.82156e-07, No Iterations 7
smoothSolver:  Solving for Uy, Initial residual = 0.00749329, Final residual = 4.2899e-07, No Iterations 8
smoothSolver:  Solving for Uz, Initial residual = 0.00296239, Final residual = 4.87509e-07, No Iterations 7
DICPCG:  Solving for p, Initial residual = 0.0593208, Final residual = 5.60134e-05, No Iterations 140
DICPCG:  Solving for p, Initial residual = 0.00613741, Final residual = 6.03541e-06, No Iterations 225
time step continuity errors : sum local = 5.94961e-06, global = -3.47764e-07, cumulative = 2.16437e-05
smoothSolver:  Solving for epsilon, Initial residual = 0.00894044, Final residual = 7.65608e-07, No Iterations 6
smoothSolver:  Solving for k, Initial residual = 0.0205631, Final residual = 1.70626e-06, No Iterations 7
ExecutionTime = 19.05 s  ClockTime = 20 s

Time = 50

smoothSolver:  Solving for Ux, Initial residual = 0.00357674, Final residual = 5.74785e-07, No Iterations 7
smoothSolver:  Solving for Uy, Initial residual = 0.0074118, Final residual = 4.28611e-07, No Iterations 8
smoothSolver:  Solving for Uz, Initial residual = 0.00293255, Final residual = 4.9095e-07, No Iterations 7
DICPCG:  Solving for p, Initial residual = 0.0577477, Final residual = 5.46136e-05, No Iterations 147
DICPCG:  Solving for p, Initial residual = 0.00594434, Final residual = 5.66924e-06, No Iterations 283
time step continuity errors : sum local = 5.5334e-06, global = 1.48937e-07, cumulative = 2.17926e-05
smoothSolver:  Solving for epsilon, Initial residual = 0.00869626, Final residual = 7.72238e-07, No Iterations 6
smoothSolver:  Solving for k, Initial residual = 0.0198947, Final residual = 1.68369e-06, No Iterations 7
ExecutionTime = 19.38 s  ClockTime = 20 s

Time = 51

smoothSolver:  Solving for Ux, Initial residual = 0.00348665, Final residual = 5.65735e-07, No Iterations 7
smoothSolver:  Solving for Uy, Initial residual = 0.007311, Final residual = 4.27563e-07, No Iterations 8
smoothSolver:  Solving for Uz, Initial residual = 0.00290651, Final residual = 4.93555e-07, No Iterations 7
DICPCG:  Solving for p, Initial residual = 0.0561293, Final residual = 5.5541e-05, No Iterations 147
DICPCG:  Solving for p, Initial residual = 0.0057676, Final residual = 5.70586e-06, No Iterations 282
time step continuity errors : sum local = 5.51437e-06, global = 9.70441e-08, cumulative = 2.18897e-05
smoothSolver:  Solving for epsilon, Initial residual = 0.00847637, Final residual = 7.80346e-07, No Iterations 6
smoothSolver:  Solving for k, Initial residual = 0.019295, Final residual = 1.6635e-06, No Iterations 7
ExecutionTime = 19.64 s  ClockTime = 20 s

Time = 52

smoothSolver:  Solving for Ux, Initial residual = 0.00340143, Final residual = 5.55787e-07, No Iterations 7
smoothSolver:  Solving for Uy, Initial residual = 0.00719295, Final residual = 4.27027e-07, No Iterations 8
smoothSolver:  Solving for Uz, Initial residual = 0.00288335, Final residual = 4.95683e-07, No Iterations 7
DICPCG:  Solving for p, Initial residual = 0.0545071, Final residual = 5.37947e-05, No Iterations 147
DICPCG:  Solving for p, Initial residual = 0.00560322, Final residual = 5.31778e-06, No Iterations 281
time step continuity errors : sum local = 5.09036e-06, global = 7.44143e-08, cumulative = 2.19641e-05
smoothSolver:  Solving for epsilon, Initial residual = 0.00826716, Final residual = 7.89555e-07, No Iterations 6
smoothSolver:  Solving for k, Initial residual = 0.0187385, Final residual = 1.64611e-06, No Iterations 7
ExecutionTime = 19.95 s  ClockTime = 20 s

Time = 53

smoothSolver:  Solving for Ux, Initial residual = 0.00332122, Final residual = 5.45763e-07, No Iterations 7
smoothSolver:  Solving for Uy, Initial residual = 0.00707174, Final residual = 4.27526e-07, No Iterations 8
smoothSolver:  Solving for Uz, Initial residual = 0.00286128, Final residual = 4.96904e-07, No Iterations 7
DICPCG:  Solving for p, Initial residual = 0.0530951, Final residual = 5.09037e-05, No Iterations 148
DICPCG:  Solving for p, Initial residual = 0.005458, Final residual = 5.33672e-06, No Iterations 188
time step continuity errors : sum local = 5.06224e-06, global = -4.9527e-07, cumulative = 2.14688e-05
smoothSolver:  Solving for epsilon, Initial residual = 0.00805753, Final residual = 8.00617e-07, No Iterations 6
smoothSolver:  Solving for k, Initial residual = 0.0182432, Final residual = 1.63361e-06, No Iterations 7
ExecutionTime = 20.22 s  ClockTime = 21 s

Time = 54

smoothSolver:  Solving for Ux, Initial residual = 0.00324881, Final residual = 5.37153e-07, No Iterations 7
smoothSolver:  Solving for Uy, Initial residual = 0.00695293, Final residual = 4.29864e-07, No Iterations 8
smoothSolver:  Solving for Uz, Initial residual = 0.00284042, Final residual = 4.97501e-07, No Iterations 7
DICPCG:  Solving for p, Initial residual = 0.0518434, Final residual = 5.00208e-05, No Iterations 166
DICPCG:  Solving for p, Initial residual = 0.00532095, Final residual = 5.30711e-06, No Iterations 278
time step continuity errors : sum local = 4.99238e-06, global = -9.12045e-08, cumulative = 2.13776e-05
smoothSolver:  Solving for epsilon, Initial residual = 0.00786085, Final residual = 8.13026e-07, No Iterations 6
smoothSolver:  Solving for k, Initial residual = 0.0177918, Final residual = 1.62648e-06, No Iterations 7
ExecutionTime = 20.52 s  ClockTime = 21 s

Time = 55

smoothSolver:  Solving for Ux, Initial residual = 0.00318308, Final residual = 5.29499e-07, No Iterations 7
smoothSolver:  Solving for Uy, Initial residual = 0.0068278, Final residual = 4.34552e-07, No Iterations 8
smoothSolver:  Solving for Uz, Initial residual = 0.0028221, Final residual = 4.97849e-07, No Iterations 7
DICPCG:  Solving for p, Initial residual = 0.0505768, Final residual = 4.92638e-05, No Iterations 246
DICPCG:  Solving for p, Initial residual = 0.00516977, Final residual = 4.49619e-06, No Iterations 250
time step continuity errors : sum local = 4.20869e-06, global = 1.60662e-07, cumulative = 2.15383e-05
smoothSolver:  Solving for epsilon, Initial residual = 0.00767999, Final residual = 8.26194e-07, No Iterations 6
smoothSolver:  Solving for k, Initial residual = 0.0173895, Final residual = 1.62387e-06, No Iterations 7
ExecutionTime = 20.87 s  ClockTime = 21 s

Time = 56

smoothSolver:  Solving for Ux, Initial residual = 0.00312325, Final residual = 5.22002e-07, No Iterations 7
smoothSolver:  Solving for Uy, Initial residual = 0.00669679, Final residual = 4.39942e-07, No Iterations 8
smoothSolver:  Solving for Uz, Initial residual = 0.00280427, Final residual = 4.97808e-07, No Iterations 7
DICPCG:  Solving for p, Initial residual = 0.0492806, Final residual = 4.65402e-05, No Iterations 249
DICPCG:  Solving for p, Initial residual = 0.00503512, Final residual = 4.71051e-06, No Iterations 276
time step continuity errors : sum local = 4.3846e-06, global = -1.46635e-08, cumulative = 2.15236e-05
smoothSolver:  Solving for epsilon, Initial residual = 0.00751489, Final residual = 8.39231e-07, No Iterations 6
smoothSolver:  Solving for k, Initial residual = 0.0170299, Final residual = 1.62532e-06, No Iterations 7
ExecutionTime = 21.25 s  ClockTime = 22 s

Time = 57

smoothSolver:  Solving for Ux, Initial residual = 0.00306735, Final residual = 5.13243e-07, No Iterations 7
smoothSolver:  Solving for Uy, Initial residual = 0.00656877, Final residual = 4.46446e-07, No Iterations 8
smoothSolver:  Solving for Uz, Initial residual = 0.00278633, Final residual = 4.97183e-07, No Iterations 7
DICPCG:  Solving for p, Initial residual = 0.0479461, Final residual = 4.717e-05, No Iterations 249
DICPCG:  Solving for p, Initial residual = 0.004893, Final residual = 4.54561e-06, No Iterations 276
time step continuity errors : sum local = 4.20814e-06, global = -2.85971e-08, cumulative = 2.1495e-05
smoothSolver:  Solving for epsilon, Initial residual = 0.00735848, Final residual = 8.50957e-07, No Iterations 6
smoothSolver:  Solving for k, Initial residual = 0.0167029, Final residual = 1.62928e-06, No Iterations 7
ExecutionTime = 21.6 s  ClockTime = 22 s

Time = 58

smoothSolver:  Solving for Ux, Initial residual = 0.00301376, Final residual = 5.05935e-07, No Iterations 7
smoothSolver:  Solving for Uy, Initial residual = 0.00644698, Final residual = 4.53337e-07, No Iterations 8
smoothSolver:  Solving for Uz, Initial residual = 0.00276631, Final residual = 4.96308e-07, No Iterations 7
DICPCG:  Solving for p, Initial residual = 0.0465361, Final residual = 4.51364e-05, No Iterations 250
DICPCG:  Solving for p, Initial residual = 0.00473858, Final residual = 4.38007e-06, No Iterations 274
time step continuity errors : sum local = 4.03269e-06, global = -4.66326e-09, cumulative = 2.14903e-05
smoothSolver:  Solving for epsilon, Initial residual = 0.00721462, Final residual = 8.6128e-07, No Iterations 6
smoothSolver:  Solving for k, Initial residual = 0.0163979, Final residual = 1.63434e-06, No Iterations 7
ExecutionTime = 21.96 s  ClockTime = 22 s

Time = 59

smoothSolver:  Solving for Ux, Initial residual = 0.00296255, Final residual = 4.99905e-07, No Iterations 7
smoothSolver:  Solving for Uy, Initial residual = 0.00632836, Final residual = 4.60431e-07, No Iterations 8
smoothSolver:  Solving for Uz, Initial residual = 0.00274547, Final residual = 4.9637e-07, No Iterations 7
DICPCG:  Solving for p, Initial residual = 0.0450135, Final residual = 4.42269e-05, No Iterations 250
DICPCG:  Solving for p, Initial residual = 0.00457745, Final residual = 4.35982e-06, No Iterations 275
time step continuity errors : sum local = 3.99264e-06, global = 5.19693e-08, cumulative = 2.15423e-05
smoothSolver:  Solving for epsilon, Initial residual = 0.00707163, Final residual = 8.69493e-07, No Iterations 6
smoothSolver:  Solving for k, Initial residual = 0.0161066, Final residual = 4.9368e-07, No Iterations 8
ExecutionTime = 22.34 s  ClockTime = 23 s

Time = 60

smoothSolver:  Solving for Ux, Initial residual = 0.00291204, Final residual = 4.93726e-07, No Iterations 7
smoothSolver:  Solving for Uy, Initial residual = 0.00621922, Final residual = 4.67276e-07, No Iterations 8
smoothSolver:  Solving for Uz, Initial residual = 0.00272321, Final residual = 4.96523e-07, No Iterations 7
DICPCG:  Solving for p, Initial residual = 0.0433868, Final residual = 4.18719e-05, No Iterations 252
DICPCG:  Solving for p, Initial residual = 0.00440911, Final residual = 4.02904e-06, No Iterations 280
time step continuity errors : sum local = 3.67083e-06, global = 4.68093e-08, cumulative = 2.15891e-05
smoothSolver:  Solving for epsilon, Initial residual = 0.00693147, Final residual = 8.75146e-07, No Iterations 6
smoothSolver:  Solving for k, Initial residual = 0.0158214, Final residual = 4.95179e-07, No Iterations 8
ExecutionTime = 22.7 s  ClockTime = 23 s

Time = 61

smoothSolver:  Solving for Ux, Initial residual = 0.00286294, Final residual = 4.8805e-07, No Iterations 7
smoothSolver:  Solving for Uy, Initial residual = 0.00611623, Final residual = 4.73541e-07, No Iterations 8
smoothSolver:  Solving for Uz, Initial residual = 0.00270006, Final residual = 4.96829e-07, No Iterations 7
DICPCG:  Solving for p, Initial residual = 0.0417322, Final residual = 4.10441e-05, No Iterations 249
DICPCG:  Solving for p, Initial residual = 0.0042355, Final residual = 4.22599e-06, No Iterations 276
time step continuity errors : sum local = 3.83128e-06, global = 1.20391e-07, cumulative = 2.17095e-05
smoothSolver:  Solving for epsilon, Initial residual = 0.00678432, Final residual = 8.77543e-07, No Iterations 6
smoothSolver:  Solving for k, Initial residual = 0.0155307, Final residual = 4.95954e-07, No Iterations 8
ExecutionTime = 23.05 s  ClockTime = 24 s

Time = 62

smoothSolver:  Solving for Ux, Initial residual = 0.0028131, Final residual = 4.8196e-07, No Iterations 7
smoothSolver:  Solving for Uy, Initial residual = 0.00601741, Final residual = 4.78796e-07, No Iterations 8
smoothSolver:  Solving for Uz, Initial residual = 0.00267669, Final residual = 4.97378e-07, No Iterations 7
DICPCG:  Solving for p, Initial residual = 0.0401032, Final residual = 3.84865e-05, No Iterations 248
DICPCG:  Solving for p, Initial residual = 0.00407046, Final residual = 3.96683e-06, No Iterations 281
time step continuity errors : sum local = 3.57963e-06, global = 3.04612e-08, cumulative = 2.174e-05
smoothSolver:  Solving for epsilon, Initial residual = 0.00662515, Final residual = 8.76765e-07, No Iterations 6
smoothSolver:  Solving for k, Initial residual = 0.0152272, Final residual = 4.95924e-07, No Iterations 8
ExecutionTime = 23.39 s  ClockTime = 24 s

Time = 63

smoothSolver:  Solving for Ux, Initial residual = 0.00276213, Final residual = 4.75868e-07, No Iterations 7
smoothSolver:  Solving for Uy, Initial residual = 0.00592468, Final residual = 4.82824e-07, No Iterations 8
smoothSolver:  Solving for Uz, Initial residual = 0.00265291, Final residual = 4.98009e-07, No Iterations 7
DICPCG:  Solving for p, Initial residual = 0.0385642, Final residual = 3.76442e-05, No Iterations 304
DICPCG:  Solving for p, Initial residual = 0.00391532, Final residual = 3.78676e-06, No Iterations 122
time step continuity errors : sum local = 3.40571e-06, global = -2.9829e-07, cumulative = 2.14417e-05
smoothSolver:  Solving for epsilon, Initial residual = 0.0064538, Final residual = 8.72797e-07, No Iterations 6
smoothSolver:  Solving for k, Initial residual = 0.014912, Final residual = 4.94984e-07, No Iterations 8
ExecutionTime = 23.68 s  ClockTime = 24 s

Time = 64

smoothSolver:  Solving for Ux, Initial residual = 0.00271066, Final residual = 4.69957e-07, No Iterations 7
smoothSolver:  Solving for Uy, Initial residual = 0.00583698, Final residual = 4.85545e-07, No Iterations 8
smoothSolver:  Solving for Uz, Initial residual = 0.00262836, Final residual = 4.98841e-07, No Iterations 7
DICPCG:  Solving for p, Initial residual = 0.0371253, Final residual = 3.6438e-05, No Iterations 310
DICPCG:  Solving for p, Initial residual = 0.0037832, Final residual = 3.67681e-06, No Iterations 120
time step continuity errors : sum local = 3.29455e-06, global = -3.28912e-07, cumulative = 2.11128e-05
smoothSolver:  Solving for epsilon, Initial residual = 0.00626954, Final residual = 8.65754e-07, No Iterations 6
smoothSolver:  Solving for k, Initial residual = 0.0145853, Final residual = 4.93015e-07, No Iterations 8
ExecutionTime = 23.99 s  ClockTime = 24 s

Time = 65

smoothSolver:  Solving for Ux, Initial residual = 0.00265954, Final residual = 4.64287e-07, No Iterations 7
smoothSolver:  Solving for Uy, Initial residual = 0.005751, Final residual = 4.86212e-07, No Iterations 8
smoothSolver:  Solving for Uz, Initial residual = 0.0026037, Final residual = 4.99669e-07, No Iterations 7
DICPCG:  Solving for p, Initial residual = 0.0357899, Final residual = 3.23519e-05, No Iterations 311
DICPCG:  Solving for p, Initial residual = 0.00367847, Final residual = 3.58209e-06, No Iterations 92
time step continuity errors : sum local = 3.19913e-06, global = -4.47185e-07, cumulative = 2.06656e-05
smoothSolver:  Solving for epsilon, Initial residual = 0.00607572, Final residual = 8.56198e-07, No Iterations 6
smoothSolver:  Solving for k, Initial residual = 0.0142503, Final residual = 4.9009e-07, No Iterations 8
ExecutionTime = 24.29 s  ClockTime = 25 s

Time = 66

smoothSolver:  Solving for Ux, Initial residual = 0.0026101, Final residual = 4.59293e-07, No Iterations 7
smoothSolver:  Solving for Uy, Initial residual = 0.00566476, Final residual = 4.84976e-07, No Iterations 8
smoothSolver:  Solving for Uz, Initial residual = 0.00257945, Final residual = 5.00225e-07, No Iterations 7
DICPCG:  Solving for p, Initial residual = 0.0346121, Final residual = 3.20465e-05, No Iterations 313
DICPCG:  Solving for p, Initial residual = 0.00359894, Final residual = 3.51864e-06, No Iterations 123
time step continuity errors : sum local = 3.13316e-06, global = -3.79932e-07, cumulative = 2.02857e-05
smoothSolver:  Solving for epsilon, Initial residual = 0.00587532, Final residual = 8.44623e-07, No Iterations 6
smoothSolver:  Solving for k, Initial residual = 0.013908, Final residual = 4.86206e-07, No Iterations 8
ExecutionTime = 24.58 s  ClockTime = 25 s

Time = 67

smoothSolver:  Solving for Ux, Initial residual = 0.00256251, Final residual = 4.54658e-07, No Iterations 7
smoothSolver:  Solving for Uy, Initial residual = 0.00557806, Final residual = 4.81511e-07, No Iterations 8
smoothSolver:  Solving for Uz, Initial residual = 0.00255579, Final residual = 4.99964e-07, No Iterations 7
DICPCG:  Solving for p, Initial residual = 0.0335808, Final residual = 3.26459e-05, No Iterations 313
DICPCG:  Solving for p, Initial residual = 0.00353513, Final residual = 3.38257e-06, No Iterations 124
time step continuity errors : sum local = 3.00397e-06, global = -4.06618e-07, cumulative = 1.9879e-05
smoothSolver:  Solving for epsilon, Initial residual = 0.00567164, Final residual = 8.31573e-07, No Iterations 6
smoothSolver:  Solving for k, Initial residual = 0.0135621, Final residual = 4.81468e-07, No Iterations 8
ExecutionTime = 24.88 s  ClockTime = 25 s

Time = 68

smoothSolver:  Solving for Ux, Initial residual = 0.00251676, Final residual = 4.50447e-07, No Iterations 7
smoothSolver:  Solving for Uy, Initial residual = 0.00549226, Final residual = 4.75915e-07, No Iterations 8
smoothSolver:  Solving for Uz, Initial residual = 0.0025323, Final residual = 4.99304e-07, No Iterations 7
DICPCG:  Solving for p, Initial residual = 0.0326666, Final residual = 3.08601e-05, No Iterations 305
DICPCG:  Solving for p, Initial residual = 0.00348, Final residual = 3.45071e-06, No Iterations 126
time step continuity errors : sum local = 3.0574e-06, global = -3.95228e-07, cumulative = 1.94838e-05
smoothSolver:  Solving for epsilon, Initial residual = 0.00546945, Final residual = 8.17469e-07, No Iterations 6
smoothSolver:  Solving for k, Initial residual = 0.0132148, Final residual = 4.7603e-07, No Iterations 8
ExecutionTime = 25.17 s  ClockTime = 26 s

Time = 69

smoothSolver:  Solving for Ux, Initial residual = 0.00247285, Final residual = 4.46397e-07, No Iterations 7
smoothSolver:  Solving for Uy, Initial residual = 0.00540512, Final residual = 4.68165e-07, No Iterations 8
smoothSolver:  Solving for Uz, Initial residual = 0.00250857, Final residual = 4.97712e-07, No Iterations 7
DICPCG:  Solving for p, Initial residual = 0.0319223, Final residual = 3.15039e-05, No Iterations 302
DICPCG:  Solving for p, Initial residual = 0.00343181, Final residual = 3.33951e-06, No Iterations 126
time step continuity errors : sum local = 2.95285e-06, global = -4.14914e-07, cumulative = 1.90689e-05
smoothSolver:  Solving for epsilon, Initial residual = 0.00527292, Final residual = 8.02409e-07, No Iterations 6
smoothSolver:  Solving for k, Initial residual = 0.0128711, Final residual = 4.69903e-07, No Iterations 8
ExecutionTime = 25.47 s  ClockTime = 26 s

Time = 70

smoothSolver:  Solving for Ux, Initial residual = 0.00243111, Final residual = 4.4235e-07, No Iterations 7
smoothSolver:  Solving for Uy, Initial residual = 0.00531303, Final residual = 4.58249e-07, No Iterations 8
smoothSolver:  Solving for Uz, Initial residual = 0.00248391, Final residual = 4.95608e-07, No Iterations 7
DICPCG:  Solving for p, Initial residual = 0.0313125, Final residual = 3.12297e-05, No Iterations 301
DICPCG:  Solving for p, Initial residual = 0.00338589, Final residual = 3.13127e-06, No Iterations 127
time step continuity errors : sum local = 2.76367e-06, global = -4.21218e-07, cumulative = 1.86477e-05
smoothSolver:  Solving for epsilon, Initial residual = 0.00508614, Final residual = 7.86959e-07, No Iterations 6
smoothSolver:  Solving for k, Initial residual = 0.0125337, Final residual = 4.63152e-07, No Iterations 8
ExecutionTime = 25.76 s  ClockTime = 26 s

Time = 71

smoothSolver:  Solving for Ux, Initial residual = 0.00239248, Final residual = 4.38717e-07, No Iterations 7
smoothSolver:  Solving for Uy, Initial residual = 0.00521708, Final residual = 4.46326e-07, No Iterations 8
smoothSolver:  Solving for Uz, Initial residual = 0.00245867, Final residual = 4.93016e-07, No Iterations 7
DICPCG:  Solving for p, Initial residual = 0.0307958, Final residual = 3.07773e-05, No Iterations 300
DICPCG:  Solving for p, Initial residual = 0.00334204, Final residual = 3.24743e-06, No Iterations 129
time step continuity errors : sum local = 2.86137e-06, global = -4.26322e-07, cumulative = 1.82214e-05
smoothSolver:  Solving for epsilon, Initial residual = 0.00490907, Final residual = 7.71168e-07, No Iterations 6
smoothSolver:  Solving for k, Initial residual = 0.0122016, Final residual = 4.55949e-07, No Iterations 8
ExecutionTime = 26.07 s  ClockTime = 27 s

Time = 72

smoothSolver:  Solving for Ux, Initial residual = 0.00235665, Final residual = 4.35217e-07, No Iterations 7
smoothSolver:  Solving for Uy, Initial residual = 0.0051183, Final residual = 4.3235e-07, No Iterations 8
smoothSolver:  Solving for Uz, Initial residual = 0.00243305, Final residual = 4.90185e-07, No Iterations 7
DICPCG:  Solving for p, Initial residual = 0.0303306, Final residual = 2.99972e-05, No Iterations 305
DICPCG:  Solving for p, Initial residual = 0.0033002, Final residual = 3.20028e-06, No Iterations 96
time step continuity errors : sum local = 2.81546e-06, global = -4.83413e-07, cumulative = 1.77379e-05
smoothSolver:  Solving for epsilon, Initial residual = 0.00474257, Final residual = 7.55326e-07, No Iterations 6
smoothSolver:  Solving for k, Initial residual = 0.0118792, Final residual = 4.48293e-07, No Iterations 8
ExecutionTime = 26.34 s  ClockTime = 27 s

Time = 73

smoothSolver:  Solving for Ux, Initial residual = 0.00232343, Final residual = 4.31945e-07, No Iterations 7
smoothSolver:  Solving for Uy, Initial residual = 0.00501732, Final residual = 4.16993e-07, No Iterations 8
smoothSolver:  Solving for Uz, Initial residual = 0.00240699, Final residual = 4.86976e-07, No Iterations 7
DICPCG:  Solving for p, Initial residual = 0.0299336, Final residual = 2.94585e-05, No Iterations 309
DICPCG:  Solving for p, Initial residual = 0.00325894, Final residual = 3.14365e-06, No Iterations 130
time step continuity errors : sum local = 2.7619e-06, global = -3.46362e-07, cumulative = 1.73916e-05
smoothSolver:  Solving for epsilon, Initial residual = 0.00459119, Final residual = 7.39464e-07, No Iterations 6
smoothSolver:  Solving for k, Initial residual = 0.0115694, Final residual = 4.40308e-07, No Iterations 8
ExecutionTime = 26.63 s  ClockTime = 27 s

Time = 74

smoothSolver:  Solving for Ux, Initial residual = 0.00229286, Final residual = 4.28931e-07, No Iterations 7
smoothSolver:  Solving for Uy, Initial residual = 0.00491632, Final residual = 4.00254e-07, No Iterations 8
smoothSolver:  Solving for Uz, Initial residual = 0.00238155, Final residual = 4.83497e-07, No Iterations 7
DICPCG:  Solving for p, Initial residual = 0.0295658, Final residual = 2.88333e-05, No Iterations 314
DICPCG:  Solving for p, Initial residual = 0.00322094, Final residual = 3.15755e-06, No Iterations 127
time step continuity errors : sum local = 2.77049e-06, global = -3.47916e-07, cumulative = 1.70437e-05
smoothSolver:  Solving for epsilon, Initial residual = 0.00445491, Final residual = 7.24134e-07, No Iterations 6
smoothSolver:  Solving for k, Initial residual = 0.0112725, Final residual = 4.32155e-07, No Iterations 8
ExecutionTime = 26.96 s  ClockTime = 27 s

Time = 75

smoothSolver:  Solving for Ux, Initial residual = 0.00226412, Final residual = 4.25954e-07, No Iterations 7
smoothSolver:  Solving for Uy, Initial residual = 0.00481414, Final residual = 3.82535e-07, No Iterations 8
smoothSolver:  Solving for Uz, Initial residual = 0.00235646, Final residual = 4.79596e-07, No Iterations 7
DICPCG:  Solving for p, Initial residual = 0.0292235, Final residual = 2.83684e-05, No Iterations 315
DICPCG:  Solving for p, Initial residual = 0.0031827, Final residual = 3.14318e-06, No Iterations 102
time step continuity errors : sum local = 2.75448e-06, global = -4.1093e-07, cumulative = 1.66327e-05
smoothSolver:  Solving for epsilon, Initial residual = 0.00433232, Final residual = 7.09206e-07, No Iterations 6
smoothSolver:  Solving for k, Initial residual = 0.0109917, Final residual = 4.2392e-07, No Iterations 8
ExecutionTime = 27.26 s  ClockTime = 28 s

Time = 76

smoothSolver:  Solving for Ux, Initial residual = 0.00223582, Final residual = 4.22745e-07, No Iterations 7
smoothSolver:  Solving for Uy, Initial residual = 0.00470822, Final residual = 3.64112e-07, No Iterations 8
smoothSolver:  Solving for Uz, Initial residual = 0.00233128, Final residual = 4.75161e-07, No Iterations 7
DICPCG:  Solving for p, Initial residual = 0.0288995, Final residual = 2.8712e-05, No Iterations 314
DICPCG:  Solving for p, Initial residual = 0.00314142, Final residual = 3.09252e-06, No Iterations 101
time step continuity errors : sum local = 2.7066e-06, global = -4.09556e-07, cumulative = 1.62232e-05
smoothSolver:  Solving for epsilon, Initial residual = 0.00422276, Final residual = 6.94936e-07, No Iterations 6
smoothSolver:  Solving for k, Initial residual = 0.0107274, Final residual = 4.15689e-07, No Iterations 8
ExecutionTime = 27.6 s  ClockTime = 28 s

Time = 77

smoothSolver:  Solving for Ux, Initial residual = 0.00220759, Final residual = 4.19286e-07, No Iterations 7
smoothSolver:  Solving for Uy, Initial residual = 0.00459826, Final residual = 3.45492e-07, No Iterations 8
smoothSolver:  Solving for Uz, Initial residual = 0.00230528, Final residual = 4.70198e-07, No Iterations 7
DICPCG:  Solving for p, Initial residual = 0.028568, Final residual = 2.64763e-05, No Iterations 314
DICPCG:  Solving for p, Initial residual = 0.00309813, Final residual = 2.9656e-06, No Iterations 101
time step continuity errors : sum local = 2.59219e-06, global = -3.90068e-07, cumulative = 1.58331e-05
smoothSolver:  Solving for epsilon, Initial residual = 0.00412357, Final residual = 6.82006e-07, No Iterations 6
smoothSolver:  Solving for k, Initial residual = 0.0104757, Final residual = 4.074e-07, No Iterations 8
ExecutionTime = 27.9 s  ClockTime = 28 s

Time = 78

smoothSolver:  Solving for Ux, Initial residual = 0.00217905, Final residual = 4.15561e-07, No Iterations 7
smoothSolver:  Solving for Uy, Initial residual = 0.00448781, Final residual = 3.27328e-07, No Iterations 8
smoothSolver:  Solving for Uz, Initial residual = 0.00227863, Final residual = 4.65346e-07, No Iterations 7
DICPCG:  Solving for p, Initial residual = 0.0282651, Final residual = 2.57562e-05, No Iterations 313
DICPCG:  Solving for p, Initial residual = 0.00305499, Final residual = 2.90756e-06, No Iterations 101
time step continuity errors : sum local = 2.53813e-06, global = -3.68215e-07, cumulative = 1.54649e-05
smoothSolver:  Solving for epsilon, Initial residual = 0.00403604, Final residual = 6.70728e-07, No Iterations 6
smoothSolver:  Solving for k, Initial residual = 0.0102371, Final residual = 3.99143e-07, No Iterations 8
ExecutionTime = 28.2 s  ClockTime = 29 s

Time = 79

smoothSolver:  Solving for Ux, Initial residual = 0.00214976, Final residual = 4.11864e-07, No Iterations 7
smoothSolver:  Solving for Uy, Initial residual = 0.00438038, Final residual = 9.89218e-07, No Iterations 7
smoothSolver:  Solving for Uz, Initial residual = 0.00225163, Final residual = 4.60814e-07, No Iterations 7
DICPCG:  Solving for p, Initial residual = 0.0279897, Final residual = 2.5979e-05, No Iterations 309
DICPCG:  Solving for p, Initial residual = 0.00301197, Final residual = 2.89857e-06, No Iterations 101
time step continuity errors : sum local = 2.52685e-06, global = -3.31337e-07, cumulative = 1.51336e-05
smoothSolver:  Solving for epsilon, Initial residual = 0.00395746, Final residual = 6.60834e-07, No Iterations 6
smoothSolver:  Solving for k, Initial residual = 0.0100118, Final residual = 3.91014e-07, No Iterations 8
ExecutionTime = 28.48 s  ClockTime = 29 s

Time = 80

smoothSolver:  Solving for Ux, Initial residual = 0.00211943, Final residual = 4.08003e-07, No Iterations 7
smoothSolver:  Solving for Uy, Initial residual = 0.00427699, Final residual = 9.43498e-07, No Iterations 7
smoothSolver:  Solving for Uz, Initial residual = 0.00222331, Final residual = 4.56281e-07, No Iterations 7
DICPCG:  Solving for p, Initial residual = 0.0276969, Final residual = 2.5372e-05, No Iterations 311
DICPCG:  Solving for p, Initial residual = 0.00297067, Final residual = 2.95766e-06, No Iterations 101
time step continuity errors : sum local = 2.5748e-06, global = -3.20544e-07, cumulative = 1.4813e-05
smoothSolver:  Solving for epsilon, Initial residual = 0.00388681, Final residual = 6.52173e-07, No Iterations 6
smoothSolver:  Solving for k, Initial residual = 0.00979842, Final residual = 3.83547e-07, No Iterations 8
ExecutionTime = 28.75 s  ClockTime = 29 s

Time = 81

smoothSolver:  Solving for Ux, Initial residual = 0.00208853, Final residual = 4.03735e-07, No Iterations 7
smoothSolver:  Solving for Uy, Initial residual = 0.00417717, Final residual = 9.01236e-07, No Iterations 7
smoothSolver:  Solving for Uz, Initial residual = 0.00219369, Final residual = 4.51914e-07, No Iterations 7
DICPCG:  Solving for p, Initial residual = 0.0273685, Final residual = 2.37263e-05, No Iterations 312
DICPCG:  Solving for p, Initial residual = 0.0029276, Final residual = 2.69324e-06, No Iterations 102
time step continuity errors : sum local = 2.34157e-06, global = -2.62777e-07, cumulative = 1.45502e-05
smoothSolver:  Solving for epsilon, Initial residual = 0.00382372, Final residual = 6.44084e-07, No Iterations 6
smoothSolver:  Solving for k, Initial residual = 0.0096015, Final residual = 3.76737e-07, No Iterations 8
ExecutionTime = 29.04 s  ClockTime = 29 s

Time = 82

smoothSolver:  Solving for Ux, Initial residual = 0.00205685, Final residual = 3.99106e-07, No Iterations 7
smoothSolver:  Solving for Uy, Initial residual = 0.00408056, Final residual = 8.63117e-07, No Iterations 7
smoothSolver:  Solving for Uz, Initial residual = 0.00216168, Final residual = 4.47323e-07, No Iterations 7
DICPCG:  Solving for p, Initial residual = 0.0270456, Final residual = 2.40491e-05, No Iterations 312
DICPCG:  Solving for p, Initial residual = 0.00288331, Final residual = 2.73872e-06, No Iterations 102
time step continuity errors : sum local = 2.37822e-06, global = -2.0086e-07, cumulative = 1.43494e-05
smoothSolver:  Solving for epsilon, Initial residual = 0.00376738, Final residual = 6.36833e-07, No Iterations 6
smoothSolver:  Solving for k, Initial residual = 0.00941943, Final residual = 3.70495e-07, No Iterations 8
ExecutionTime = 29.34 s  ClockTime = 30 s

Time = 83

smoothSolver:  Solving for Ux, Initial residual = 0.00202429, Final residual = 3.94219e-07, No Iterations 7
smoothSolver:  Solving for Uy, Initial residual = 0.00398638, Final residual = 8.28522e-07, No Iterations 7
smoothSolver:  Solving for Uz, Initial residual = 0.0021274, Final residual = 4.42988e-07, No Iterations 7
DICPCG:  Solving for p, Initial residual = 0.0267188, Final residual = 2.58684e-05, No Iterations 312
DICPCG:  Solving for p, Initial residual = 0.0028366, Final residual = 2.69878e-06, No Iterations 102
time step continuity errors : sum local = 2.34082e-06, global = -1.44665e-07, cumulative = 1.42047e-05
smoothSolver:  Solving for epsilon, Initial residual = 0.00371349, Final residual = 6.30311e-07, No Iterations 6
smoothSolver:  Solving for k, Initial residual = 0.00924885, Final residual = 3.64957e-07, No Iterations 8
ExecutionTime = 29.62 s  ClockTime = 30 s

Time = 84

smoothSolver:  Solving for Ux, Initial residual = 0.00199099, Final residual = 3.89498e-07, No Iterations 7
smoothSolver:  Solving for Uy, Initial residual = 0.00389514, Final residual = 7.97637e-07, No Iterations 7
smoothSolver:  Solving for Uz, Initial residual = 0.00209088, Final residual = 4.38665e-07, No Iterations 7
DICPCG:  Solving for p, Initial residual = 0.0263791, Final residual = 2.44095e-05, No Iterations 312
DICPCG:  Solving for p, Initial residual = 0.00278655, Final residual = 2.59583e-06, No Iterations 102
time step continuity errors : sum local = 2.24909e-06, global = -1.02259e-07, cumulative = 1.41025e-05
smoothSolver:  Solving for epsilon, Initial residual = 0.00365977, Final residual = 6.24958e-07, No Iterations 6
smoothSolver:  Solving for k, Initial residual = 0.00908814, Final residual = 3.6019e-07, No Iterations 8
ExecutionTime = 29.97 s  ClockTime = 30 s

Time = 85

smoothSolver:  Solving for Ux, Initial residual = 0.00195739, Final residual = 3.84701e-07, No Iterations 7
smoothSolver:  Solving for Uy, Initial residual = 0.00380763, Final residual = 7.71465e-07, No Iterations 7
smoothSolver:  Solving for Uz, Initial residual = 0.00205289, Final residual = 4.3454e-07, No Iterations 7
DICPCG:  Solving for p, Initial residual = 0.0260423, Final residual = 2.41873e-05, No Iterations 312
DICPCG:  Solving for p, Initial residual = 0.00273531, Final residual = 2.56307e-06, No Iterations 102
time step continuity errors : sum local = 2.21848e-06, global = -6.95835e-08, cumulative = 1.40329e-05
smoothSolver:  Solving for epsilon, Initial residual = 0.00360739, Final residual = 6.20415e-07, No Iterations 6
smoothSolver:  Solving for k, Initial residual = 0.00893828, Final residual = 3.5612e-07, No Iterations 8
ExecutionTime = 30.29 s  ClockTime = 31 s

Time = 86

smoothSolver:  Solving for Ux, Initial residual = 0.00192316, Final residual = 3.7994e-07, No Iterations 7
smoothSolver:  Solving for Uy, Initial residual = 0.00372364, Final residual = 7.49808e-07, No Iterations 7
smoothSolver:  Solving for Uz, Initial residual = 0.0020132, Final residual = 4.30715e-07, No Iterations 7
DICPCG:  Solving for p, Initial residual = 0.0257012, Final residual = 2.24833e-05, No Iterations 313
DICPCG:  Solving for p, Initial residual = 0.00268284, Final residual = 2.5861e-06, No Iterations 102
time step continuity errors : sum local = 2.23645e-06, global = -4.00915e-08, cumulative = 1.39928e-05
smoothSolver:  Solving for epsilon, Initial residual = 0.00355555, Final residual = 6.16899e-07, No Iterations 6
smoothSolver:  Solving for k, Initial residual = 0.00879634, Final residual = 3.52709e-07, No Iterations 8
ExecutionTime = 30.61 s  ClockTime = 31 s

Time = 87

smoothSolver:  Solving for Ux, Initial residual = 0.0018886, Final residual = 3.7547e-07, No Iterations 7
smoothSolver:  Solving for Uy, Initial residual = 0.0036441, Final residual = 7.32627e-07, No Iterations 7
smoothSolver:  Solving for Uz, Initial residual = 0.00197222, Final residual = 4.27127e-07, No Iterations 7
DICPCG:  Solving for p, Initial residual = 0.0253559, Final residual = 2.46344e-05, No Iterations 294
DICPCG:  Solving for p, Initial residual = 0.00263238, Final residual = 2.49773e-06, No Iterations 126
time step continuity errors : sum local = 2.15836e-06, global = 8.2458e-08, cumulative = 1.40752e-05
smoothSolver:  Solving for epsilon, Initial residual = 0.0035046, Final residual = 6.1452e-07, No Iterations 6
smoothSolver:  Solving for k, Initial residual = 0.00865829, Final residual = 3.49828e-07, No Iterations 8
ExecutionTime = 30.91 s  ClockTime = 31 s

Time = 88

smoothSolver:  Solving for Ux, Initial residual = 0.00185398, Final residual = 3.71181e-07, No Iterations 7
smoothSolver:  Solving for Uy, Initial residual = 0.00357103, Final residual = 7.19109e-07, No Iterations 7
smoothSolver:  Solving for Uz, Initial residual = 0.00193026, Final residual = 4.23662e-07, No Iterations 7
DICPCG:  Solving for p, Initial residual = 0.0250119, Final residual = 2.46483e-05, No Iterations 287
DICPCG:  Solving for p, Initial residual = 0.00258311, Final residual = 2.54014e-06, No Iterations 125
time step continuity errors : sum local = 2.19376e-06, global = 1.05645e-07, cumulative = 1.41809e-05
smoothSolver:  Solving for epsilon, Initial residual = 0.00345473, Final residual = 6.13604e-07, No Iterations 6
smoothSolver:  Solving for k, Initial residual = 0.00852193, Final residual = 3.47446e-07, No Iterations 8
ExecutionTime = 31.21 s  ClockTime = 32 s

Time = 89

smoothSolver:  Solving for Ux, Initial residual = 0.00182042, Final residual = 3.67268e-07, No Iterations 7
smoothSolver:  Solving for Uy, Initial residual = 0.00350512, Final residual = 7.08949e-07, No Iterations 7
smoothSolver:  Solving for Uz, Initial residual = 0.00188822, Final residual = 4.20225e-07, No Iterations 7
DICPCG:  Solving for p, Initial residual = 0.0246819, Final residual = 2.289e-05, No Iterations 286
DICPCG:  Solving for p, Initial residual = 0.00253705, Final residual = 2.39112e-06, No Iterations 133
time step continuity errors : sum local = 2.06422e-06, global = 6.80093e-08, cumulative = 1.42489e-05
smoothSolver:  Solving for epsilon, Initial residual = 0.00340554, Final residual = 6.13774e-07, No Iterations 6
smoothSolver:  Solving for k, Initial residual = 0.00838531, Final residual = 3.45375e-07, No Iterations 8
ExecutionTime = 31.48 s  ClockTime = 32 s

Time = 90

smoothSolver:  Solving for Ux, Initial residual = 0.00178805, Final residual = 3.63698e-07, No Iterations 7
smoothSolver:  Solving for Uy, Initial residual = 0.00344628, Final residual = 7.01835e-07, No Iterations 7
smoothSolver:  Solving for Uz, Initial residual = 0.00184609, Final residual = 4.1697e-07, No Iterations 7
DICPCG:  Solving for p, Initial residual = 0.0243595, Final residual = 2.41226e-05, No Iterations 271
DICPCG:  Solving for p, Initial residual = 0.00249667, Final residual = 2.42498e-06, No Iterations 183
time step continuity errors : sum local = 2.09286e-06, global = -1.37362e-07, cumulative = 1.41115e-05
smoothSolver:  Solving for epsilon, Initial residual = 0.00335414, Final residual = 6.14426e-07, No Iterations 6
smoothSolver:  Solving for k, Initial residual = 0.00825015, Final residual = 3.43591e-07, No Iterations 8
ExecutionTime = 31.85 s  ClockTime = 32 s

Time = 91

smoothSolver:  Solving for Ux, Initial residual = 0.00175696, Final residual = 3.60428e-07, No Iterations 7
smoothSolver:  Solving for Uy, Initial residual = 0.00339511, Final residual = 6.97441e-07, No Iterations 7
smoothSolver:  Solving for Uz, Initial residual = 0.00180409, Final residual = 4.13811e-07, No Iterations 7
DICPCG:  Solving for p, Initial residual = 0.0240401, Final residual = 2.27053e-05, No Iterations 299
DICPCG:  Solving for p, Initial residual = 0.00245889, Final residual = 2.41531e-06, No Iterations 133
time step continuity errors : sum local = 2.08448e-06, global = 8.86706e-08, cumulative = 1.42002e-05
smoothSolver:  Solving for epsilon, Initial residual = 0.00330151, Final residual = 6.1533e-07, No Iterations 6
smoothSolver:  Solving for k, Initial residual = 0.00811665, Final residual = 3.41958e-07, No Iterations 8
ExecutionTime = 32.17 s  ClockTime = 32 s

Time = 92

smoothSolver:  Solving for Ux, Initial residual = 0.00172751, Final residual = 3.57623e-07, No Iterations 7
smoothSolver:  Solving for Uy, Initial residual = 0.00335145, Final residual = 6.96322e-07, No Iterations 7
smoothSolver:  Solving for Uz, Initial residual = 0.00176228, Final residual = 4.10811e-07, No Iterations 7
DICPCG:  Solving for p, Initial residual = 0.0237256, Final residual = 2.14157e-05, No Iterations 299
DICPCG:  Solving for p, Initial residual = 0.00242834, Final residual = 2.27499e-06, No Iterations 142
time step continuity errors : sum local = 1.96368e-06, global = 7.60765e-08, cumulative = 1.42763e-05
smoothSolver:  Solving for epsilon, Initial residual = 0.00324728, Final residual = 6.16184e-07, No Iterations 6
smoothSolver:  Solving for k, Initial residual = 0.00798262, Final residual = 3.40429e-07, No Iterations 8
ExecutionTime = 32.5 s  ClockTime = 33 s

Time = 93

smoothSolver:  Solving for Ux, Initial residual = 0.0017005, Final residual = 3.54995e-07, No Iterations 7
smoothSolver:  Solving for Uy, Initial residual = 0.00331439, Final residual = 6.98281e-07, No Iterations 7
smoothSolver:  Solving for Uz, Initial residual = 0.00172133, Final residual = 4.07913e-07, No Iterations 7
DICPCG:  Solving for p, Initial residual = 0.0234076, Final residual = 2.25409e-05, No Iterations 298
DICPCG:  Solving for p, Initial residual = 0.00240304, Final residual = 2.38567e-06, No Iterations 144
time step continuity errors : sum local = 2.05997e-06, global = 8.90563e-08, cumulative = 1.43653e-05
smoothSolver:  Solving for epsilon, Initial residual = 0.00319343, Final residual = 6.16938e-07, No Iterations 6
smoothSolver:  Solving for k, Initial residual = 0.00784762, Final residual = 3.38801e-07, No Iterations 8
ExecutionTime = 32.84 s  ClockTime = 33 s

Time = 94

smoothSolver:  Solving for Ux, Initial residual = 0.00167553, Final residual = 3.5267e-07, No Iterations 7
smoothSolver:  Solving for Uy, Initial residual = 0.00328412, Final residual = 7.03566e-07, No Iterations 7
smoothSolver:  Solving for Uz, Initial residual = 0.00168144, Final residual = 4.05031e-07, No Iterations 7
DICPCG:  Solving for p, Initial residual = 0.0230807, Final residual = 2.30537e-05, No Iterations 257
DICPCG:  Solving for p, Initial residual = 0.00237984, Final residual = 2.28659e-06, No Iterations 182
time step continuity errors : sum local = 1.9757e-06, global = -8.08491e-08, cumulative = 1.42845e-05
smoothSolver:  Solving for epsilon, Initial residual = 0.00314377, Final residual = 6.17379e-07, No Iterations 6
smoothSolver:  Solving for k, Initial residual = 0.00771102, Final residual = 3.3686e-07, No Iterations 8
ExecutionTime = 33.17 s  ClockTime = 33 s

Time = 95

smoothSolver:  Solving for Ux, Initial residual = 0.00165186, Final residual = 3.50434e-07, No Iterations 7
smoothSolver:  Solving for Uy, Initial residual = 0.00326033, Final residual = 7.12419e-07, No Iterations 7
smoothSolver:  Solving for Uz, Initial residual = 0.00164255, Final residual = 4.0212e-07, No Iterations 7
DICPCG:  Solving for p, Initial residual = 0.0227801, Final residual = 2.26609e-05, No Iterations 253
DICPCG:  Solving for p, Initial residual = 0.00235859, Final residual = 2.21802e-06, No Iterations 177
time step continuity errors : sum local = 1.91818e-06, global = -1.03345e-07, cumulative = 1.41811e-05
smoothSolver:  Solving for epsilon, Initial residual = 0.00309679, Final residual = 6.1732e-07, No Iterations 6
smoothSolver:  Solving for k, Initial residual = 0.00757085, Final residual = 3.34541e-07, No Iterations 8
ExecutionTime = 33.51 s  ClockTime = 34 s

Time = 96

smoothSolver:  Solving for Ux, Initial residual = 0.0016299, Final residual = 3.48393e-07, No Iterations 7
smoothSolver:  Solving for Uy, Initial residual = 0.003244, Final residual = 7.25029e-07, No Iterations 7
smoothSolver:  Solving for Uz, Initial residual = 0.00160442, Final residual = 3.99163e-07, No Iterations 7
DICPCG:  Solving for p, Initial residual = 0.0225571, Final residual = 2.20727e-05, No Iterations 249
DICPCG:  Solving for p, Initial residual = 0.00234334, Final residual = 2.16328e-06, No Iterations 194
time step continuity errors : sum local = 1.87288e-06, global = -7.97791e-08, cumulative = 1.41014e-05
smoothSolver:  Solving for epsilon, Initial residual = 0.00305404, Final residual = 6.16534e-07, No Iterations 6
smoothSolver:  Solving for k, Initial residual = 0.00742608, Final residual = 3.31772e-07, No Iterations 8
ExecutionTime = 33.84 s  ClockTime = 34 s

Time = 97

smoothSolver:  Solving for Ux, Initial residual = 0.00161097, Final residual = 3.46367e-07, No Iterations 7
smoothSolver:  Solving for Uy, Initial residual = 0.00323427, Final residual = 7.40732e-07, No Iterations 7
smoothSolver:  Solving for Uz, Initial residual = 0.001567, Final residual = 3.96014e-07, No Iterations 7
DICPCG:  Solving for p, Initial residual = 0.0223907, Final residual = 2.18716e-05, No Iterations 247
DICPCG:  Solving for p, Initial residual = 0.00233428, Final residual = 2.31366e-06, No Iterations 113
time step continuity errors : sum local = 2.0053e-06, global = 1.58054e-07, cumulative = 1.42594e-05
smoothSolver:  Solving for epsilon, Initial residual = 0.00301357, Final residual = 6.1484e-07, No Iterations 6
smoothSolver:  Solving for k, Initial residual = 0.00728023, Final residual = 3.28676e-07, No Iterations 8
ExecutionTime = 34.15 s  ClockTime = 34 s

Time = 98

smoothSolver:  Solving for Ux, Initial residual = 0.00159437, Final residual = 3.44688e-07, No Iterations 7
smoothSolver:  Solving for Uy, Initial residual = 0.00323166, Final residual = 7.58996e-07, No Iterations 7
smoothSolver:  Solving for Uz, Initial residual = 0.00153041, Final residual = 3.9195e-07, No Iterations 7
DICPCG:  Solving for p, Initial residual = 0.0222372, Final residual = 2.19883e-05, No Iterations 248
DICPCG:  Solving for p, Initial residual = 0.0023288, Final residual = 2.3009e-06, No Iterations 141
time step continuity errors : sum local = 1.9964e-06, global = -2.58205e-07, cumulative = 1.40012e-05
smoothSolver:  Solving for epsilon, Initial residual = 0.00297563, Final residual = 6.12275e-07, No Iterations 6
smoothSolver:  Solving for k, Initial residual = 0.00713327, Final residual = 3.2535e-07, No Iterations 8
ExecutionTime = 34.42 s  ClockTime = 35 s

Time = 99

smoothSolver:  Solving for Ux, Initial residual = 0.00157968, Final residual = 3.43434e-07, No Iterations 7
smoothSolver:  Solving for Uy, Initial residual = 0.00323602, Final residual = 7.79136e-07, No Iterations 7
smoothSolver:  Solving for Uz, Initial residual = 0.00149462, Final residual = 3.87187e-07, No Iterations 7
DICPCG:  Solving for p, Initial residual = 0.0220733, Final residual = 2.15702e-05, No Iterations 248
DICPCG:  Solving for p, Initial residual = 0.00232361, Final residual = 2.31701e-06, No Iterations 153
time step continuity errors : sum local = 2.01274e-06, global = -2.68229e-07, cumulative = 1.3733e-05
smoothSolver:  Solving for epsilon, Initial residual = 0.00294072, Final residual = 6.09133e-07, No Iterations 6
smoothSolver:  Solving for k, Initial residual = 0.00698764, Final residual = 3.21719e-07, No Iterations 8
ExecutionTime = 34.72 s  ClockTime = 35 s

Time = 100

smoothSolver:  Solving for Ux, Initial residual = 0.00156676, Final residual = 3.42627e-07, No Iterations 7
smoothSolver:  Solving for Uy, Initial residual = 0.00324666, Final residual = 8.01235e-07, No Iterations 7
smoothSolver:  Solving for Uz, Initial residual = 0.00145946, Final residual = 3.81798e-07, No Iterations 7
DICPCG:  Solving for p, Initial residual = 0.0219388, Final residual = 1.99931e-05, No Iterations 248
DICPCG:  Solving for p, Initial residual = 0.002318, Final residual = 2.18089e-06, No Iterations 153
time step continuity errors : sum local = 1.89695e-06, global = -1.90352e-07, cumulative = 1.35426e-05
smoothSolver:  Solving for epsilon, Initial residual = 0.00290837, Final residual = 6.05604e-07, No Iterations 6
smoothSolver:  Solving for k, Initial residual = 0.00684228, Final residual = 3.17941e-07, No Iterations 8
ExecutionTime = 35.09 s  ClockTime = 35 s

Time = 101

smoothSolver:  Solving for Ux, Initial residual = 0.00155586, Final residual = 3.42221e-07, No Iterations 7
smoothSolver:  Solving for Uy, Initial residual = 0.00326254, Final residual = 8.24993e-07, No Iterations 7
smoothSolver:  Solving for Uz, Initial residual = 0.00142542, Final residual = 3.75805e-07, No Iterations 7
DICPCG:  Solving for p, Initial residual = 0.0218159, Final residual = 2.17297e-05, No Iterations 237
DICPCG:  Solving for p, Initial residual = 0.00231442, Final residual = 2.24712e-06, No Iterations 194
time step continuity errors : sum local = 1.95739e-06, global = -8.63171e-08, cumulative = 1.34563e-05
smoothSolver:  Solving for epsilon, Initial residual = 0.00287916, Final residual = 6.0212e-07, No Iterations 6
smoothSolver:  Solving for k, Initial residual = 0.00669779, Final residual = 3.13966e-07, No Iterations 8
ExecutionTime = 35.38 s  ClockTime = 36 s

Time = 102

smoothSolver:  Solving for Ux, Initial residual = 0.00154661, Final residual = 3.41971e-07, No Iterations 7
smoothSolver:  Solving for Uy, Initial residual = 0.0032848, Final residual = 8.50273e-07, No Iterations 7
smoothSolver:  Solving for Uz, Initial residual = 0.00139272, Final residual = 3.697e-07, No Iterations 7
DICPCG:  Solving for p, Initial residual = 0.0216999, Final residual = 2.14963e-05, No Iterations 237
DICPCG:  Solving for p, Initial residual = 0.00230801, Final residual = 2.21915e-06, No Iterations 194
time step continuity errors : sum local = 1.93592e-06, global = -1.05886e-07, cumulative = 1.33504e-05
smoothSolver:  Solving for epsilon, Initial residual = 0.00285318, Final residual = 5.98357e-07, No Iterations 6
smoothSolver:  Solving for k, Initial residual = 0.00655408, Final residual = 3.09691e-07, No Iterations 8
ExecutionTime = 35.69 s  ClockTime = 36 s

Time = 103

smoothSolver:  Solving for Ux, Initial residual = 0.00153872, Final residual = 3.4161e-07, No Iterations 7
smoothSolver:  Solving for Uy, Initial residual = 0.00331254, Final residual = 8.76866e-07, No Iterations 7
smoothSolver:  Solving for Uz, Initial residual = 0.00136214, Final residual = 3.63521e-07, No Iterations 7
DICPCG:  Solving for p, Initial residual = 0.0215857, Final residual = 2.14453e-05, No Iterations 239
DICPCG:  Solving for p, Initial residual = 0.00229621, Final residual = 2.21103e-06, No Iterations 194
time step continuity errors : sum local = 1.93189e-06, global = -1.31621e-07, cumulative = 1.32188e-05
smoothSolver:  Solving for epsilon, Initial residual = 0.00282935, Final residual = 5.94433e-07, No Iterations 6
smoothSolver:  Solving for k, Initial residual = 0.00641054, Final residual = 3.0516e-07, No Iterations 8
ExecutionTime = 35.99 s  ClockTime = 36 s

Time = 104

smoothSolver:  Solving for Ux, Initial residual = 0.00153161, Final residual = 3.41178e-07, No Iterations 7
smoothSolver:  Solving for Uy, Initial residual = 0.00334536, Final residual = 9.04289e-07, No Iterations 7
smoothSolver:  Solving for Uz, Initial residual = 0.00133237, Final residual = 3.57361e-07, No Iterations 7
DICPCG:  Solving for p, Initial residual = 0.0214582, Final residual = 2.11991e-05, No Iterations 291
DICPCG:  Solving for p, Initial residual = 0.00228192, Final residual = 2.16515e-06, No Iterations 194
time step continuity errors : sum local = 1.89577e-06, global = -9.25987e-08, cumulative = 1.31262e-05
smoothSolver:  Solving for epsilon, Initial residual = 0.00280913, Final residual = 5.90622e-07, No Iterations 6
smoothSolver:  Solving for k, Initial residual = 0.00626634, Final residual = 3.00344e-07, No Iterations 8
ExecutionTime = 36.32 s  ClockTime = 37 s

Time = 105

smoothSolver:  Solving for Ux, Initial residual = 0.00152522, Final residual = 3.40591e-07, No Iterations 7
smoothSolver:  Solving for Uy, Initial residual = 0.00338393, Final residual = 9.32269e-07, No Iterations 7
smoothSolver:  Solving for Uz, Initial residual = 0.00130303, Final residual = 3.51277e-07, No Iterations 7
DICPCG:  Solving for p, Initial residual = 0.0213075, Final residual = 1.85067e-05, No Iterations 291
DICPCG:  Solving for p, Initial residual = 0.00226876, Final residual = 2.07504e-06, No Iterations 195
time step continuity errors : sum local = 1.82027e-06, global = -8.82275e-08, cumulative = 1.3038e-05
smoothSolver:  Solving for epsilon, Initial residual = 0.00279856, Final residual = 5.86646e-07, No Iterations 6
smoothSolver:  Solving for k, Initial residual = 0.00612067, Final residual = 9.82047e-07, No Iterations 7
ExecutionTime = 36.65 s  ClockTime = 37 s

Time = 106

smoothSolver:  Solving for Ux, Initial residual = 0.0015197, Final residual = 3.39911e-07, No Iterations 7
smoothSolver:  Solving for Uy, Initial residual = 0.00342695, Final residual = 9.60377e-07, No Iterations 7
smoothSolver:  Solving for Uz, Initial residual = 0.00127374, Final residual = 3.45309e-07, No Iterations 7
DICPCG:  Solving for p, Initial residual = 0.021186, Final residual = 2.09254e-05, No Iterations 289
DICPCG:  Solving for p, Initial residual = 0.00225831, Final residual = 2.05787e-06, No Iterations 195
time step continuity errors : sum local = 1.80882e-06, global = -1.00138e-07, cumulative = 1.29378e-05
smoothSolver:  Solving for epsilon, Initial residual = 0.00279676, Final residual = 5.8282e-07, No Iterations 6
smoothSolver:  Solving for k, Initial residual = 0.00597344, Final residual = 9.6237e-07, No Iterations 7
ExecutionTime = 36.98 s  ClockTime = 37 s

Time = 107

smoothSolver:  Solving for Ux, Initial residual = 0.00151445, Final residual = 3.39274e-07, No Iterations 7
smoothSolver:  Solving for Uy, Initial residual = 0.00347202, Final residual = 9.884e-07, No Iterations 7
smoothSolver:  Solving for Uz, Initial residual = 0.00124453, Final residual = 3.39553e-07, No Iterations 7
DICPCG:  Solving for p, Initial residual = 0.0211039, Final residual = 2.02568e-05, No Iterations 289
DICPCG:  Solving for p, Initial residual = 0.00224597, Final residual = 2.04843e-06, No Iterations 195
time step continuity errors : sum local = 1.80445e-06, global = -1.11105e-07, cumulative = 1.28267e-05
smoothSolver:  Solving for epsilon, Initial residual = 0.00279793, Final residual = 5.78075e-07, No Iterations 6
smoothSolver:  Solving for k, Initial residual = 0.00582297, Final residual = 9.41289e-07, No Iterations 7
ExecutionTime = 37.29 s  ClockTime = 38 s

Time = 108

smoothSolver:  Solving for Ux, Initial residual = 0.00150937, Final residual = 3.38548e-07, No Iterations 7
smoothSolver:  Solving for Uy, Initial residual = 0.00351761, Final residual = 3.32398e-07, No Iterations 8
smoothSolver:  Solving for Uz, Initial residual = 0.00121583, Final residual = 3.33826e-07, No Iterations 7
DICPCG:  Solving for p, Initial residual = 0.0210089, Final residual = 2.08088e-05, No Iterations 283
DICPCG:  Solving for p, Initial residual = 0.00223452, Final residual = 2.04901e-06, No Iterations 195
time step continuity errors : sum local = 1.80907e-06, global = -1.26974e-07, cumulative = 1.26998e-05
smoothSolver:  Solving for epsilon, Initial residual = 0.0028, Final residual = 5.72244e-07, No Iterations 6
smoothSolver:  Solving for k, Initial residual = 0.00567024, Final residual = 9.18893e-07, No Iterations 7
ExecutionTime = 37.61 s  ClockTime = 38 s

Time = 109

smoothSolver:  Solving for Ux, Initial residual = 0.00150445, Final residual = 3.37936e-07, No Iterations 7
smoothSolver:  Solving for Uy, Initial residual = 0.00356324, Final residual = 3.41951e-07, No Iterations 8
smoothSolver:  Solving for Uz, Initial residual = 0.0011879, Final residual = 3.28138e-07, No Iterations 7
DICPCG:  Solving for p, Initial residual = 0.0208907, Final residual = 1.98894e-05, No Iterations 281
DICPCG:  Solving for p, Initial residual = 0.00222449, Final residual = 2.10591e-06, No Iterations 195
time step continuity errors : sum local = 1.86384e-06, global = -1.33784e-07, cumulative = 1.2566e-05
smoothSolver:  Solving for epsilon, Initial residual = 0.00279843, Final residual = 5.64774e-07, No Iterations 6
smoothSolver:  Solving for k, Initial residual = 0.00551399, Final residual = 8.95125e-07, No Iterations 7
ExecutionTime = 37.96 s  ClockTime = 38 s

Time = 110

smoothSolver:  Solving for Ux, Initial residual = 0.0015005, Final residual = 3.37464e-07, No Iterations 7
smoothSolver:  Solving for Uy, Initial residual = 0.00360825, Final residual = 3.51333e-07, No Iterations 8
smoothSolver:  Solving for Uz, Initial residual = 0.00116156, Final residual = 3.22718e-07, No Iterations 7
DICPCG:  Solving for p, Initial residual = 0.0207503, Final residual = 1.91571e-05, No Iterations 282
DICPCG:  Solving for p, Initial residual = 0.00222012, Final residual = 2.0639e-06, No Iterations 195
time step continuity errors : sum local = 1.83152e-06, global = -1.38203e-07, cumulative = 1.24278e-05
smoothSolver:  Solving for epsilon, Initial residual = 0.00278892, Final residual = 5.55823e-07, No Iterations 6
smoothSolver:  Solving for k, Initial residual = 0.00535595, Final residual = 8.7005e-07, No Iterations 7
ExecutionTime = 38.31 s  ClockTime = 39 s

Time = 111

smoothSolver:  Solving for Ux, Initial residual = 0.00149664, Final residual = 3.37042e-07, No Iterations 7
smoothSolver:  Solving for Uy, Initial residual = 0.00365251, Final residual = 3.60631e-07, No Iterations 8
smoothSolver:  Solving for Uz, Initial residual = 0.00113713, Final residual = 9.86999e-07, No Iterations 6
DICPCG:  Solving for p, Initial residual = 0.0206132, Final residual = 2.01901e-05, No Iterations 284
DICPCG:  Solving for p, Initial residual = 0.00221985, Final residual = 2.21597e-06, No Iterations 194
time step continuity errors : sum local = 1.97199e-06, global = -1.46055e-07, cumulative = 1.22817e-05
smoothSolver:  Solving for epsilon, Initial residual = 0.00277021, Final residual = 5.45468e-07, No Iterations 6
smoothSolver:  Solving for k, Initial residual = 0.00520013, Final residual = 8.43662e-07, No Iterations 7
ExecutionTime = 38.6 s  ClockTime = 39 s

Time = 112

smoothSolver:  Solving for Ux, Initial residual = 0.00149147, Final residual = 3.36997e-07, No Iterations 7
smoothSolver:  Solving for Uy, Initial residual = 0.00369672, Final residual = 3.69799e-07, No Iterations 8
smoothSolver:  Solving for Uz, Initial residual = 0.00111444, Final residual = 9.70502e-07, No Iterations 6
DICPCG:  Solving for p, Initial residual = 0.0205173, Final residual = 2.0349e-05, No Iterations 287
DICPCG:  Solving for p, Initial residual = 0.0022237, Final residual = 2.06282e-06, No Iterations 194
time step continuity errors : sum local = 1.84113e-06, global = -1.45082e-07, cumulative = 1.21366e-05
smoothSolver:  Solving for epsilon, Initial residual = 0.00274305, Final residual = 5.3409e-07, No Iterations 6
smoothSolver:  Solving for k, Initial residual = 0.0050473, Final residual = 8.16282e-07, No Iterations 7
ExecutionTime = 38.91 s  ClockTime = 39 s

Time = 113

smoothSolver:  Solving for Ux, Initial residual = 0.00148516, Final residual = 3.373e-07, No Iterations 7
smoothSolver:  Solving for Uy, Initial residual = 0.00374081, Final residual = 3.78845e-07, No Iterations 8
smoothSolver:  Solving for Uz, Initial residual = 0.00109319, Final residual = 9.54522e-07, No Iterations 6
DICPCG:  Solving for p, Initial residual = 0.0204489, Final residual = 1.83659e-05, No Iterations 289
DICPCG:  Solving for p, Initial residual = 0.00223004, Final residual = 2.05176e-06, No Iterations 194
time step continuity errors : sum local = 1.83688e-06, global = -1.3793e-07, cumulative = 1.19987e-05
smoothSolver:  Solving for epsilon, Initial residual = 0.00270919, Final residual = 5.21772e-07, No Iterations 6
smoothSolver:  Solving for k, Initial residual = 0.00490046, Final residual = 7.87741e-07, No Iterations 7
ExecutionTime = 39.25 s  ClockTime = 39 s

Time = 114

smoothSolver:  Solving for Ux, Initial residual = 0.00147808, Final residual = 3.37945e-07, No Iterations 7
smoothSolver:  Solving for Uy, Initial residual = 0.00378404, Final residual = 3.87803e-07, No Iterations 8
smoothSolver:  Solving for Uz, Initial residual = 0.00107274, Final residual = 9.38948e-07, No Iterations 6
DICPCG:  Solving for p, Initial residual = 0.0204018, Final residual = 2.03075e-05, No Iterations 289
DICPCG:  Solving for p, Initial residual = 0.0022384, Final residual = 2.22692e-06, No Iterations 194
time step continuity errors : sum local = 1.99992e-06, global = -1.27646e-07, cumulative = 1.18711e-05
smoothSolver:  Solving for epsilon, Initial residual = 0.00267037, Final residual = 5.0868e-07, No Iterations 6
smoothSolver:  Solving for k, Initial residual = 0.00476022, Final residual = 7.58161e-07, No Iterations 7
ExecutionTime = 39.57 s  ClockTime = 40 s

Time = 115

smoothSolver:  Solving for Ux, Initial residual = 0.00146975, Final residual = 3.38761e-07, No Iterations 7
smoothSolver:  Solving for Uy, Initial residual = 0.00382594, Final residual = 3.96697e-07, No Iterations 8
smoothSolver:  Solving for Uz, Initial residual = 0.001053, Final residual = 9.23257e-07, No Iterations 6
DICPCG:  Solving for p, Initial residual = 0.0203655, Final residual = 1.94809e-05, No Iterations 259
DICPCG:  Solving for p, Initial residual = 0.00224781, Final residual = 2.18017e-06, No Iterations 294
time step continuity errors : sum local = 1.96343e-06, global = -1.27936e-08, cumulative = 1.18583e-05
smoothSolver:  Solving for epsilon, Initial residual = 0.00262749, Final residual = 4.94953e-07, No Iterations 6
smoothSolver:  Solving for k, Initial residual = 0.00462651, Final residual = 7.27844e-07, No Iterations 7
ExecutionTime = 39.95 s  ClockTime = 40 s

Time = 116

smoothSolver:  Solving for Ux, Initial residual = 0.00145987, Final residual = 3.39767e-07, No Iterations 7
smoothSolver:  Solving for Uy, Initial residual = 0.00386628, Final residual = 4.05385e-07, No Iterations 8
smoothSolver:  Solving for Uz, Initial residual = 0.00103342, Final residual = 9.07275e-07, No Iterations 6
DICPCG:  Solving for p, Initial residual = 0.0203259, Final residual = 2.00835e-05, No Iterations 257
DICPCG:  Solving for p, Initial residual = 0.0022531, Final residual = 2.06643e-06, No Iterations 291
time step continuity errors : sum local = 1.8668e-06, global = 1.09367e-08, cumulative = 1.18692e-05
smoothSolver:  Solving for epsilon, Initial residual = 0.00257987, Final residual = 4.8075e-07, No Iterations 6
smoothSolver:  Solving for k, Initial residual = 0.00449836, Final residual = 6.97086e-07, No Iterations 7
ExecutionTime = 40.3 s  ClockTime = 40 s

Time = 117

smoothSolver:  Solving for Ux, Initial residual = 0.00144852, Final residual = 3.40987e-07, No Iterations 7
smoothSolver:  Solving for Uy, Initial residual = 0.00390486, Final residual = 4.13621e-07, No Iterations 8
smoothSolver:  Solving for Uz, Initial residual = 0.00101377, Final residual = 8.9039e-07, No Iterations 6
DICPCG:  Solving for p, Initial residual = 0.0202651, Final residual = 1.93113e-05, No Iterations 256
DICPCG:  Solving for p, Initial residual = 0.002257, Final residual = 2.01482e-06, No Iterations 291
time step continuity errors : sum local = 1.82583e-06, global = -3.32313e-08, cumulative = 1.1836e-05
smoothSolver:  Solving for epsilon, Initial residual = 0.00252796, Final residual = 4.66218e-07, No Iterations 6
smoothSolver:  Solving for k, Initial residual = 0.00437298, Final residual = 6.66618e-07, No Iterations 7
ExecutionTime = 40.69 s  ClockTime = 41 s

Time = 118

smoothSolver:  Solving for Ux, Initial residual = 0.00143669, Final residual = 3.42382e-07, No Iterations 7
smoothSolver:  Solving for Uy, Initial residual = 0.00394248, Final residual = 4.21473e-07, No Iterations 8
smoothSolver:  Solving for Uz, Initial residual = 0.000993875, Final residual = 8.72985e-07, No Iterations 6
DICPCG:  Solving for p, Initial residual = 0.0201885, Final residual = 1.91982e-05, No Iterations 255
DICPCG:  Solving for p, Initial residual = 0.00226071, Final residual = 2.20682e-06, No Iterations 271
time step continuity errors : sum local = 2.00598e-06, global = 6.70803e-09, cumulative = 1.18427e-05
smoothSolver:  Solving for epsilon, Initial residual = 0.00247179, Final residual = 4.51401e-07, No Iterations 6
smoothSolver:  Solving for k, Initial residual = 0.00425184, Final residual = 6.37572e-07, No Iterations 7
ExecutionTime = 41.01 s  ClockTime = 42 s

Time = 119

smoothSolver:  Solving for Ux, Initial residual = 0.00142496, Final residual = 3.4392e-07, No Iterations 7
smoothSolver:  Solving for Uy, Initial residual = 0.00397722, Final residual = 4.28784e-07, No Iterations 8
smoothSolver:  Solving for Uz, Initial residual = 0.000973668, Final residual = 8.54749e-07, No Iterations 6
DICPCG:  Solving for p, Initial residual = 0.0200968, Final residual = 1.98026e-05, No Iterations 254
DICPCG:  Solving for p, Initial residual = 0.00226337, Final residual = 2.26061e-06, No Iterations 276
time step continuity errors : sum local = 2.0612e-06, global = 4.9184e-08, cumulative = 1.18919e-05
smoothSolver:  Solving for epsilon, Initial residual = 0.00241127, Final residual = 4.36628e-07, No Iterations 6
smoothSolver:  Solving for k, Initial residual = 0.00413471, Final residual = 6.1072e-07, No Iterations 7
ExecutionTime = 41.4 s  ClockTime = 42 s

Time = 120

smoothSolver:  Solving for Ux, Initial residual = 0.00141301, Final residual = 3.45483e-07, No Iterations 7
smoothSolver:  Solving for Uy, Initial residual = 0.00400874, Final residual = 4.35571e-07, No Iterations 8
smoothSolver:  Solving for Uz, Initial residual = 0.000953045, Final residual = 8.35694e-07, No Iterations 6
DICPCG:  Solving for p, Initial residual = 0.0199875, Final residual = 1.97077e-05, No Iterations 254
DICPCG:  Solving for p, Initial residual = 0.00226432, Final residual = 2.0186e-06, No Iterations 289
time step continuity errors : sum local = 1.84598e-06, global = -7.31663e-10, cumulative = 1.18911e-05
smoothSolver:  Solving for epsilon, Initial residual = 0.00234692, Final residual = 4.21946e-07, No Iterations 6
smoothSolver:  Solving for k, Initial residual = 0.0040215, Final residual = 5.86018e-07, No Iterations 7
ExecutionTime = 41.77 s  ClockTime = 42 s

Time = 121

smoothSolver:  Solving for Ux, Initial residual = 0.00140106, Final residual = 3.47017e-07, No Iterations 7
smoothSolver:  Solving for Uy, Initial residual = 0.0040379, Final residual = 4.4173e-07, No Iterations 8
smoothSolver:  Solving for Uz, Initial residual = 0.000932119, Final residual = 8.1602e-07, No Iterations 6
DICPCG:  Solving for p, Initial residual = 0.0198576, Final residual = 1.92e-05, No Iterations 254
DICPCG:  Solving for p, Initial residual = 0.0022628, Final residual = 2.14657e-06, No Iterations 288
time step continuity errors : sum local = 1.9687e-06, global = 1.60456e-08, cumulative = 1.19072e-05
smoothSolver:  Solving for epsilon, Initial residual = 0.00227882, Final residual = 4.07408e-07, No Iterations 6
smoothSolver:  Solving for k, Initial residual = 0.00391118, Final residual = 5.63376e-07, No Iterations 7
ExecutionTime = 42.11 s  ClockTime = 43 s

Time = 122

smoothSolver:  Solving for Ux, Initial residual = 0.0013895, Final residual = 3.4848e-07, No Iterations 7
smoothSolver:  Solving for Uy, Initial residual = 0.00406321, Final residual = 4.47166e-07, No Iterations 8
smoothSolver:  Solving for Uz, Initial residual = 0.000910737, Final residual = 7.95664e-07, No Iterations 6
DICPCG:  Solving for p, Initial residual = 0.0197103, Final residual = 1.90266e-05, No Iterations 180
DICPCG:  Solving for p, Initial residual = 0.00226269, Final residual = 2.20787e-06, No Iterations 289
time step continuity errors : sum local = 2.03e-06, global = 2.34708e-08, cumulative = 1.19307e-05
smoothSolver:  Solving for epsilon, Initial residual = 0.00220812, Final residual = 3.93111e-07, No Iterations 6
smoothSolver:  Solving for k, Initial residual = 0.00380249, Final residual = 5.43046e-07, No Iterations 7
ExecutionTime = 42.48 s  ClockTime = 43 s

Time = 123

smoothSolver:  Solving for Ux, Initial residual = 0.00137853, Final residual = 3.49775e-07, No Iterations 7
smoothSolver:  Solving for Uy, Initial residual = 0.00408276, Final residual = 4.52125e-07, No Iterations 8
smoothSolver:  Solving for Uz, Initial residual = 0.000888901, Final residual = 7.74917e-07, No Iterations 6
DICPCG:  Solving for p, Initial residual = 0.0195603, Final residual = 1.89234e-05, No Iterations 151
DICPCG:  Solving for p, Initial residual = 0.00225629, Final residual = 1.90209e-06, No Iterations 289
time step continuity errors : sum local = 1.75417e-06, global = -2.59521e-08, cumulative = 1.19047e-05
smoothSolver:  Solving for epsilon, Initial residual = 0.00213487, Final residual = 3.79052e-07, No Iterations 6
smoothSolver:  Solving for k, Initial residual = 0.00369574, Final residual = 5.2548e-07, No Iterations 7
ExecutionTime = 42.79 s  ClockTime = 44 s

Time = 124

smoothSolver:  Solving for Ux, Initial residual = 0.00136765, Final residual = 3.50728e-07, No Iterations 7
smoothSolver:  Solving for Uy, Initial residual = 0.00409908, Final residual = 4.56299e-07, No Iterations 8
smoothSolver:  Solving for Uz, Initial residual = 0.000866759, Final residual = 7.5354e-07, No Iterations 6
DICPCG:  Solving for p, Initial residual = 0.0193961, Final residual = 1.86779e-05, No Iterations 151
DICPCG:  Solving for p, Initial residual = 0.00224543, Final residual = 2.22345e-06, No Iterations 183
time step continuity errors : sum local = 2.05653e-06, global = -1.27867e-07, cumulative = 1.17768e-05
smoothSolver:  Solving for epsilon, Initial residual = 0.00205974, Final residual = 3.65463e-07, No Iterations 6
smoothSolver:  Solving for k, Initial residual = 0.00359204, Final residual = 5.10353e-07, No Iterations 7
ExecutionTime = 43.09 s  ClockTime = 44 s

Time = 125

smoothSolver:  Solving for Ux, Initial residual = 0.00135696, Final residual = 3.51307e-07, No Iterations 7
smoothSolver:  Solving for Uy, Initial residual = 0.00410956, Final residual = 4.59997e-07, No Iterations 8
smoothSolver:  Solving for Uz, Initial residual = 0.00084412, Final residual = 7.31504e-07, No Iterations 6
DICPCG:  Solving for p, Initial residual = 0.0192225, Final residual = 1.87529e-05, No Iterations 154
DICPCG:  Solving for p, Initial residual = 0.00223318, Final residual = 2.21889e-06, No Iterations 204
time step continuity errors : sum local = 2.05798e-06, global = 1.33303e-07, cumulative = 1.19101e-05
smoothSolver:  Solving for epsilon, Initial residual = 0.00198202, Final residual = 3.52237e-07, No Iterations 6
smoothSolver:  Solving for k, Initial residual = 0.00349177, Final residual = 4.97697e-07, No Iterations 7
ExecutionTime = 43.35 s  ClockTime = 44 s

Time = 126

smoothSolver:  Solving for Ux, Initial residual = 0.00134679, Final residual = 3.51549e-07, No Iterations 7
smoothSolver:  Solving for Uy, Initial residual = 0.00411394, Final residual = 4.62852e-07, No Iterations 8
smoothSolver:  Solving for Uz, Initial residual = 0.000820773, Final residual = 7.08914e-07, No Iterations 6
DICPCG:  Solving for p, Initial residual = 0.0190281, Final residual = 1.88925e-05, No Iterations 163
DICPCG:  Solving for p, Initial residual = 0.00222029, Final residual = 2.11831e-06, No Iterations 287
time step continuity errors : sum local = 1.97003e-06, global = -3.39746e-08, cumulative = 1.18762e-05
smoothSolver:  Solving for epsilon, Initial residual = 0.00190166, Final residual = 3.39479e-07, No Iterations 6
smoothSolver:  Solving for k, Initial residual = 0.00339578, Final residual = 4.87673e-07, No Iterations 7
ExecutionTime = 43.71 s  ClockTime = 44 s

Time = 127

smoothSolver:  Solving for Ux, Initial residual = 0.00133689, Final residual = 3.5128e-07, No Iterations 7
smoothSolver:  Solving for Uy, Initial residual = 0.0041108, Final residual = 4.64925e-07, No Iterations 8
smoothSolver:  Solving for Uz, Initial residual = 0.000796752, Final residual = 6.85767e-07, No Iterations 6
DICPCG:  Solving for p, Initial residual = 0.018823, Final residual = 1.86897e-05, No Iterations 247
DICPCG:  Solving for p, Initial residual = 0.00221014, Final residual = 2.05356e-06, No Iterations 279
time step continuity errors : sum local = 1.91285e-06, global = 3.34291e-08, cumulative = 1.19096e-05
smoothSolver:  Solving for epsilon, Initial residual = 0.00181932, Final residual = 3.27334e-07, No Iterations 6
smoothSolver:  Solving for k, Initial residual = 0.00330608, Final residual = 4.80063e-07, No Iterations 7
ExecutionTime = 44.04 s  ClockTime = 45 s

Time = 128

smoothSolver:  Solving for Ux, Initial residual = 0.00132772, Final residual = 3.50609e-07, No Iterations 7
smoothSolver:  Solving for Uy, Initial residual = 0.00409982, Final residual = 4.65852e-07, No Iterations 8
smoothSolver:  Solving for Uz, Initial residual = 0.000772173, Final residual = 6.61861e-07, No Iterations 6
DICPCG:  Solving for p, Initial residual = 0.018619, Final residual = 1.81805e-05, No Iterations 264
DICPCG:  Solving for p, Initial residual = 0.00219421, Final residual = 2.13823e-06, No Iterations 285
time step continuity errors : sum local = 1.99534e-06, global = 1.13247e-08, cumulative = 1.19209e-05
smoothSolver:  Solving for epsilon, Initial residual = 0.00173548, Final residual = 3.1567e-07, No Iterations 6
smoothSolver:  Solving for k, Initial residual = 0.00322325, Final residual = 4.74774e-07, No Iterations 7
ExecutionTime = 44.39 s  ClockTime = 45 s

Time = 129

smoothSolver:  Solving for Ux, Initial residual = 0.00131965, Final residual = 3.4955e-07, No Iterations 7
smoothSolver:  Solving for Uy, Initial residual = 0.00407972, Final residual = 4.65536e-07, No Iterations 8
smoothSolver:  Solving for Uz, Initial residual = 0.000746957, Final residual = 6.37056e-07, No Iterations 6
DICPCG:  Solving for p, Initial residual = 0.0184058, Final residual = 1.8246e-05, No Iterations 311
DICPCG:  Solving for p, Initial residual = 0.00217653, Final residual = 2.16598e-06, No Iterations 201
time step continuity errors : sum local = 2.02402e-06, global = 3.11552e-07, cumulative = 1.22325e-05
smoothSolver:  Solving for epsilon, Initial residual = 0.00165081, Final residual = 3.04506e-07, No Iterations 6
smoothSolver:  Solving for k, Initial residual = 0.00314494, Final residual = 4.72179e-07, No Iterations 7
ExecutionTime = 44.71 s  ClockTime = 45 s

Time = 130

smoothSolver:  Solving for Ux, Initial residual = 0.00131225, Final residual = 3.4802e-07, No Iterations 7
smoothSolver:  Solving for Uy, Initial residual = 0.00405096, Final residual = 4.63974e-07, No Iterations 8
smoothSolver:  Solving for Uz, Initial residual = 0.000721174, Final residual = 6.11495e-07, No Iterations 6
DICPCG:  Solving for p, Initial residual = 0.0181683, Final residual = 1.77611e-05, No Iterations 313
DICPCG:  Solving for p, Initial residual = 0.00215217, Final residual = 2.1199e-06, No Iterations 202
time step continuity errors : sum local = 1.98385e-06, global = 2.90887e-07, cumulative = 1.25234e-05
smoothSolver:  Solving for epsilon, Initial residual = 0.00156658, Final residual = 2.93954e-07, No Iterations 6
smoothSolver:  Solving for k, Initial residual = 0.00307055, Final residual = 4.72227e-07, No Iterations 7
ExecutionTime = 45.06 s  ClockTime = 46 s

Time = 131

smoothSolver:  Solving for Ux, Initial residual = 0.00130475, Final residual = 3.45977e-07, No Iterations 7
smoothSolver:  Solving for Uy, Initial residual = 0.00401308, Final residual = 4.61375e-07, No Iterations 8
smoothSolver:  Solving for Uz, Initial residual = 0.000695537, Final residual = 5.8533e-07, No Iterations 6
DICPCG:  Solving for p, Initial residual = 0.0179341, Final residual = 1.7875e-05, No Iterations 315
DICPCG:  Solving for p, Initial residual = 0.00212537, Final residual = 2.0879e-06, No Iterations 205
time step continuity errors : sum local = 1.95645e-06, global = 2.71849e-07, cumulative = 1.27952e-05
smoothSolver:  Solving for epsilon, Initial residual = 0.00148381, Final residual = 2.84076e-07, No Iterations 6
smoothSolver:  Solving for k, Initial residual = 0.00299934, Final residual = 4.75043e-07, No Iterations 7
ExecutionTime = 45.44 s  ClockTime = 46 s

Time = 132

smoothSolver:  Solving for Ux, Initial residual = 0.00129656, Final residual = 3.43347e-07, No Iterations 7
smoothSolver:  Solving for Uy, Initial residual = 0.00396537, Final residual = 4.57626e-07, No Iterations 8
smoothSolver:  Solving for Uz, Initial residual = 0.000670943, Final residual = 5.59661e-07, No Iterations 6
DICPCG:  Solving for p, Initial residual = 0.0177472, Final residual = 1.70636e-05, No Iterations 342
DICPCG:  Solving for p, Initial residual = 0.00209256, Final residual = 2.05298e-06, No Iterations 105
time step continuity errors : sum local = 1.92587e-06, global = 8.56068e-08, cumulative = 1.28808e-05
smoothSolver:  Solving for epsilon, Initial residual = 0.00140381, Final residual = 2.74854e-07, No Iterations 6
smoothSolver:  Solving for k, Initial residual = 0.00292928, Final residual = 4.79831e-07, No Iterations 7
ExecutionTime = 45.76 s  ClockTime = 46 s

Time = 133

smoothSolver:  Solving for Ux, Initial residual = 0.00128696, Final residual = 3.40039e-07, No Iterations 7
smoothSolver:  Solving for Uy, Initial residual = 0.0039077, Final residual = 4.5257e-07, No Iterations 8
smoothSolver:  Solving for Uz, Initial residual = 0.000648839, Final residual = 5.39533e-07, No Iterations 6
DICPCG:  Solving for p, Initial residual = 0.0175657, Final residual = 1.61664e-05, No Iterations 341
DICPCG:  Solving for p, Initial residual = 0.0020577, Final residual = 2.04327e-06, No Iterations 105
time step continuity errors : sum local = 1.91884e-06, global = 1.19368e-07, cumulative = 1.30002e-05
smoothSolver:  Solving for epsilon, Initial residual = 0.00132772, Final residual = 2.66722e-07, No Iterations 6
smoothSolver:  Solving for k, Initial residual = 0.0028602, Final residual = 4.8511e-07, No Iterations 7
ExecutionTime = 46.09 s  ClockTime = 47 s

Time = 134

smoothSolver:  Solving for Ux, Initial residual = 0.00127559, Final residual = 3.35966e-07, No Iterations 7
smoothSolver:  Solving for Uy, Initial residual = 0.00383975, Final residual = 4.46306e-07, No Iterations 8
smoothSolver:  Solving for Uz, Initial residual = 0.000628888, Final residual = 5.25903e-07, No Iterations 6
DICPCG:  Solving for p, Initial residual = 0.0173806, Final residual = 1.73504e-05, No Iterations 340
DICPCG:  Solving for p, Initial residual = 0.00202072, Final residual = 1.8922e-06, No Iterations 106
time step continuity errors : sum local = 1.77878e-06, global = 1.48988e-07, cumulative = 1.31492e-05
smoothSolver:  Solving for epsilon, Initial residual = 0.00125691, Final residual = 9.81479e-07, No Iterations 5
smoothSolver:  Solving for k, Initial residual = 0.00279323, Final residual = 4.89461e-07, No Iterations 7
ExecutionTime = 46.4 s  ClockTime = 47 s

Time = 135

smoothSolver:  Solving for Ux, Initial residual = 0.00126195, Final residual = 3.31023e-07, No Iterations 7
smoothSolver:  Solving for Uy, Initial residual = 0.00376425, Final residual = 4.38778e-07, No Iterations 8
smoothSolver:  Solving for Uz, Initial residual = 0.000610237, Final residual = 5.14128e-07, No Iterations 6
DICPCG:  Solving for p, Initial residual = 0.0171822, Final residual = 1.5631e-05, No Iterations 344
DICPCG:  Solving for p, Initial residual = 0.00198239, Final residual = 1.91704e-06, No Iterations 106
time step continuity errors : sum local = 1.80374e-06, global = 1.74522e-07, cumulative = 1.33237e-05
smoothSolver:  Solving for epsilon, Initial residual = 0.00119177, Final residual = 9.51109e-07, No Iterations 5
smoothSolver:  Solving for k, Initial residual = 0.00272844, Final residual = 4.92242e-07, No Iterations 7
ExecutionTime = 46.72 s  ClockTime = 47 s

Time = 136

smoothSolver:  Solving for Ux, Initial residual = 0.00124564, Final residual = 3.25226e-07, No Iterations 7
smoothSolver:  Solving for Uy, Initial residual = 0.00368049, Final residual = 4.30183e-07, No Iterations 8
smoothSolver:  Solving for Uz, Initial residual = 0.000592544, Final residual = 5.03215e-07, No Iterations 6
DICPCG:  Solving for p, Initial residual = 0.0169673, Final residual = 1.67974e-05, No Iterations 344
DICPCG:  Solving for p, Initial residual = 0.00194602, Final residual = 1.92948e-06, No Iterations 106
time step continuity errors : sum local = 1.81674e-06, global = 1.9045e-07, cumulative = 1.35141e-05
smoothSolver:  Solving for epsilon, Initial residual = 0.00113105, Final residual = 9.22065e-07, No Iterations 5
smoothSolver:  Solving for k, Initial residual = 0.00266325, Final residual = 4.93037e-07, No Iterations 7
ExecutionTime = 47.02 s  ClockTime = 48 s

Time = 137

smoothSolver:  Solving for Ux, Initial residual = 0.00122676, Final residual = 3.18594e-07, No Iterations 7
smoothSolver:  Solving for Uy, Initial residual = 0.00358978, Final residual = 4.20569e-07, No Iterations 8
smoothSolver:  Solving for Uz, Initial residual = 0.000575903, Final residual = 4.92886e-07, No Iterations 6
DICPCG:  Solving for p, Initial residual = 0.0167616, Final residual = 1.59765e-05, No Iterations 345
DICPCG:  Solving for p, Initial residual = 0.00191325, Final residual = 1.85681e-06, No Iterations 107
time step continuity errors : sum local = 1.74921e-06, global = 2.1711e-07, cumulative = 1.37312e-05
smoothSolver:  Solving for epsilon, Initial residual = 0.00107587, Final residual = 8.93287e-07, No Iterations 5
smoothSolver:  Solving for k, Initial residual = 0.00259958, Final residual = 4.91669e-07, No Iterations 7
ExecutionTime = 47.35 s  ClockTime = 48 s

Time = 138

smoothSolver:  Solving for Ux, Initial residual = 0.00120528, Final residual = 9.88897e-07, No Iterations 6
smoothSolver:  Solving for Uy, Initial residual = 0.00349228, Final residual = 4.09853e-07, No Iterations 8
smoothSolver:  Solving for Uz, Initial residual = 0.000560165, Final residual = 4.82712e-07, No Iterations 6
DICPCG:  Solving for p, Initial residual = 0.0165688, Final residual = 1.50596e-05, No Iterations 346
DICPCG:  Solving for p, Initial residual = 0.0018892, Final residual = 1.87511e-06, No Iterations 108
time step continuity errors : sum local = 1.767e-06, global = 2.43274e-07, cumulative = 1.39745e-05
smoothSolver:  Solving for epsilon, Initial residual = 0.00102542, Final residual = 8.64114e-07, No Iterations 5
smoothSolver:  Solving for k, Initial residual = 0.00253857, Final residual = 4.88189e-07, No Iterations 7
ExecutionTime = 47.65 s  ClockTime = 48 s

Time = 139

smoothSolver:  Solving for Ux, Initial residual = 0.00118124, Final residual = 9.64123e-07, No Iterations 6
smoothSolver:  Solving for Uy, Initial residual = 0.00338902, Final residual = 3.98269e-07, No Iterations 8
smoothSolver:  Solving for Uz, Initial residual = 0.000545094, Final residual = 4.72291e-07, No Iterations 6
DICPCG:  Solving for p, Initial residual = 0.016377, Final residual = 1.62002e-05, No Iterations 333
DICPCG:  Solving for p, Initial residual = 0.00187251, Final residual = 1.8651e-06, No Iterations 122
time step continuity errors : sum local = 1.75783e-06, global = 1.88239e-07, cumulative = 1.41628e-05
smoothSolver:  Solving for epsilon, Initial residual = 0.000979157, Final residual = 8.34419e-07, No Iterations 5
smoothSolver:  Solving for k, Initial residual = 0.00247858, Final residual = 4.82798e-07, No Iterations 7
ExecutionTime = 47.97 s  ClockTime = 49 s

Time = 140

smoothSolver:  Solving for Ux, Initial residual = 0.00115487, Final residual = 9.37386e-07, No Iterations 6
smoothSolver:  Solving for Uy, Initial residual = 0.00328162, Final residual = 3.86481e-07, No Iterations 8
smoothSolver:  Solving for Uz, Initial residual = 0.000530438, Final residual = 4.6157e-07, No Iterations 6
DICPCG:  Solving for p, Initial residual = 0.0161806, Final residual = 1.51781e-05, No Iterations 331
DICPCG:  Solving for p, Initial residual = 0.00185647, Final residual = 1.75406e-06, No Iterations 123
time step continuity errors : sum local = 1.65315e-06, global = 1.83113e-07, cumulative = 1.43459e-05
smoothSolver:  Solving for epsilon, Initial residual = 0.000935587, Final residual = 8.0424e-07, No Iterations 5
smoothSolver:  Solving for k, Initial residual = 0.00241957, Final residual = 4.75771e-07, No Iterations 7
ExecutionTime = 48.25 s  ClockTime = 49 s

Time = 141

smoothSolver:  Solving for Ux, Initial residual = 0.00112619, Final residual = 9.08551e-07, No Iterations 6
smoothSolver:  Solving for Uy, Initial residual = 0.00317001, Final residual = 3.74398e-07, No Iterations 8
smoothSolver:  Solving for Uz, Initial residual = 0.00051598, Final residual = 4.50217e-07, No Iterations 6
DICPCG:  Solving for p, Initial residual = 0.0159725, Final residual = 1.53449e-05, No Iterations 329
DICPCG:  Solving for p, Initial residual = 0.00183949, Final residual = 1.79161e-06, No Iterations 122
time step continuity errors : sum local = 1.68835e-06, global = 2.12961e-07, cumulative = 1.45588e-05
smoothSolver:  Solving for epsilon, Initial residual = 0.000896261, Final residual = 7.74062e-07, No Iterations 5
smoothSolver:  Solving for k, Initial residual = 0.00236219, Final residual = 4.67567e-07, No Iterations 7
ExecutionTime = 48.58 s  ClockTime = 49 s

Time = 142

smoothSolver:  Solving for Ux, Initial residual = 0.00109495, Final residual = 8.7767e-07, No Iterations 6
smoothSolver:  Solving for Uy, Initial residual = 0.00305668, Final residual = 3.61856e-07, No Iterations 8
smoothSolver:  Solving for Uz, Initial residual = 0.000501812, Final residual = 4.3823e-07, No Iterations 6
DICPCG:  Solving for p, Initial residual = 0.0157449, Final residual = 1.44228e-05, No Iterations 328
DICPCG:  Solving for p, Initial residual = 0.00182003, Final residual = 1.77223e-06, No Iterations 121
time step continuity errors : sum local = 1.6698e-06, global = 2.38724e-07, cumulative = 1.47976e-05
smoothSolver:  Solving for epsilon, Initial residual = 0.000862171, Final residual = 7.44553e-07, No Iterations 5
smoothSolver:  Solving for k, Initial residual = 0.00230611, Final residual = 4.58823e-07, No Iterations 7
ExecutionTime = 48.89 s  ClockTime = 49 s

Time = 143

smoothSolver:  Solving for Ux, Initial residual = 0.00106181, Final residual = 8.44855e-07, No Iterations 6
smoothSolver:  Solving for Uy, Initial residual = 0.00294418, Final residual = 3.4882e-07, No Iterations 8
smoothSolver:  Solving for Uz, Initial residual = 0.000488496, Final residual = 4.25792e-07, No Iterations 6
DICPCG:  Solving for p, Initial residual = 0.015482, Final residual = 1.53426e-05, No Iterations 320
DICPCG:  Solving for p, Initial residual = 0.00179788, Final residual = 1.79361e-06, No Iterations 119
time step continuity errors : sum local = 1.68955e-06, global = 2.47652e-07, cumulative = 1.50452e-05
smoothSolver:  Solving for epsilon, Initial residual = 0.000834626, Final residual = 7.1671e-07, No Iterations 5
smoothSolver:  Solving for k, Initial residual = 0.00225312, Final residual = 4.50585e-07, No Iterations 7
ExecutionTime = 49.2 s  ClockTime = 50 s

Time = 144

smoothSolver:  Solving for Ux, Initial residual = 0.00102717, Final residual = 8.10282e-07, No Iterations 6
smoothSolver:  Solving for Uy, Initial residual = 0.00283233, Final residual = 3.35523e-07, No Iterations 8
smoothSolver:  Solving for Uz, Initial residual = 0.000476575, Final residual = 4.13652e-07, No Iterations 6
DICPCG:  Solving for p, Initial residual = 0.0151989, Final residual = 1.51322e-05, No Iterations 319
DICPCG:  Solving for p, Initial residual = 0.00177044, Final residual = 1.73057e-06, No Iterations 121
time step continuity errors : sum local = 1.62975e-06, global = 2.38973e-07, cumulative = 1.52842e-05
smoothSolver:  Solving for epsilon, Initial residual = 0.000810494, Final residual = 6.92039e-07, No Iterations 5
smoothSolver:  Solving for k, Initial residual = 0.0022034, Final residual = 4.43199e-07, No Iterations 7
ExecutionTime = 49.52 s  ClockTime = 50 s

Time = 145

smoothSolver:  Solving for Ux, Initial residual = 0.000991234, Final residual = 7.74286e-07, No Iterations 6
smoothSolver:  Solving for Uy, Initial residual = 0.00272251, Final residual = 9.7977e-07, No Iterations 7
smoothSolver:  Solving for Uz, Initial residual = 0.000465773, Final residual = 4.03049e-07, No Iterations 6
DICPCG:  Solving for p, Initial residual = 0.0149084, Final residual = 1.49078e-05, No Iterations 321
DICPCG:  Solving for p, Initial residual = 0.00173959, Final residual = 1.70819e-06, No Iterations 120
time step continuity errors : sum local = 1.60824e-06, global = 2.27521e-07, cumulative = 1.55117e-05
smoothSolver:  Solving for epsilon, Initial residual = 0.000789953, Final residual = 6.73291e-07, No Iterations 5
smoothSolver:  Solving for k, Initial residual = 0.00215824, Final residual = 4.3557e-07, No Iterations 7
ExecutionTime = 49.82 s  ClockTime = 50 s

Time = 146

smoothSolver:  Solving for Ux, Initial residual = 0.000954746, Final residual = 7.3716e-07, No Iterations 6
smoothSolver:  Solving for Uy, Initial residual = 0.00261635, Final residual = 9.40026e-07, No Iterations 7
smoothSolver:  Solving for Uz, Initial residual = 0.000455685, Final residual = 3.94178e-07, No Iterations 6
DICPCG:  Solving for p, Initial residual = 0.0146075, Final residual = 1.27306e-05, No Iterations 332
DICPCG:  Solving for p, Initial residual = 0.00170611, Final residual = 1.70324e-06, No Iterations 116
time step continuity errors : sum local = 1.60313e-06, global = 2.20593e-07, cumulative = 1.57323e-05
smoothSolver:  Solving for epsilon, Initial residual = 0.000773135, Final residual = 6.58369e-07, No Iterations 5
smoothSolver:  Solving for k, Initial residual = 0.00211668, Final residual = 4.27355e-07, No Iterations 7
ExecutionTime = 50.13 s  ClockTime = 51 s

Time = 147

smoothSolver:  Solving for Ux, Initial residual = 0.000917913, Final residual = 6.99611e-07, No Iterations 6
smoothSolver:  Solving for Uy, Initial residual = 0.0025129, Final residual = 8.99401e-07, No Iterations 7
smoothSolver:  Solving for Uz, Initial residual = 0.000446016, Final residual = 3.86189e-07, No Iterations 6
DICPCG:  Solving for p, Initial residual = 0.014312, Final residual = 1.41842e-05, No Iterations 331
DICPCG:  Solving for p, Initial residual = 0.00167148, Final residual = 1.62335e-06, No Iterations 109
time step continuity errors : sum local = 1.52743e-06, global = 2.08329e-07, cumulative = 1.59406e-05
smoothSolver:  Solving for epsilon, Initial residual = 0.000758124, Final residual = 6.44966e-07, No Iterations 5
smoothSolver:  Solving for k, Initial residual = 0.00207603, Final residual = 4.18338e-07, No Iterations 7
ExecutionTime = 50.42 s  ClockTime = 51 s

Time = 148

smoothSolver:  Solving for Ux, Initial residual = 0.000881567, Final residual = 6.62266e-07, No Iterations 6
smoothSolver:  Solving for Uy, Initial residual = 0.00241345, Final residual = 8.58043e-07, No Iterations 7
smoothSolver:  Solving for Uz, Initial residual = 0.000436794, Final residual = 3.79043e-07, No Iterations 6
DICPCG:  Solving for p, Initial residual = 0.0140176, Final residual = 1.26764e-05, No Iterations 333
DICPCG:  Solving for p, Initial residual = 0.00163682, Final residual = 1.63302e-06, No Iterations 108
time step continuity errors : sum local = 1.53597e-06, global = 1.92106e-07, cumulative = 1.61327e-05
smoothSolver:  Solving for epsilon, Initial residual = 0.000743569, Final residual = 6.31901e-07, No Iterations 5
smoothSolver:  Solving for k, Initial residual = 0.00203467, Final residual = 4.0849e-07, No Iterations 7
ExecutionTime = 50.72 s  ClockTime = 51 s

Time = 149

smoothSolver:  Solving for Ux, Initial residual = 0.000845928, Final residual = 6.2594e-07, No Iterations 6
smoothSolver:  Solving for Uy, Initial residual = 0.0023183, Final residual = 8.16434e-07, No Iterations 7
smoothSolver:  Solving for Uz, Initial residual = 0.000428121, Final residual = 3.72485e-07, No Iterations 6
DICPCG:  Solving for p, Initial residual = 0.0137323, Final residual = 1.33972e-05, No Iterations 318
DICPCG:  Solving for p, Initial residual = 0.00160228, Final residual = 1.58755e-06, No Iterations 126
time step continuity errors : sum local = 1.49266e-06, global = 1.28218e-07, cumulative = 1.6261e-05
smoothSolver:  Solving for epsilon, Initial residual = 0.000728961, Final residual = 6.18361e-07, No Iterations 5
smoothSolver:  Solving for k, Initial residual = 0.00199091, Final residual = 3.97779e-07, No Iterations 7
ExecutionTime = 51.03 s  ClockTime = 52 s

Time = 150

smoothSolver:  Solving for Ux, Initial residual = 0.000811804, Final residual = 5.90997e-07, No Iterations 6
smoothSolver:  Solving for Uy, Initial residual = 0.00222659, Final residual = 7.75068e-07, No Iterations 7
smoothSolver:  Solving for Uz, Initial residual = 0.000419864, Final residual = 3.66125e-07, No Iterations 6
DICPCG:  Solving for p, Initial residual = 0.0134647, Final residual = 1.27809e-05, No Iterations 308
DICPCG:  Solving for p, Initial residual = 0.0015659, Final residual = 1.56473e-06, No Iterations 100
time step continuity errors : sum local = 1.47052e-06, global = 1.58602e-07, cumulative = 1.64196e-05
smoothSolver:  Solving for epsilon, Initial residual = 0.000713517, Final residual = 6.0366e-07, No Iterations 5
smoothSolver:  Solving for k, Initial residual = 0.0019448, Final residual = 3.86203e-07, No Iterations 7
ExecutionTime = 51.34 s  ClockTime = 52 s

Time = 151

smoothSolver:  Solving for Ux, Initial residual = 0.0007793, Final residual = 5.58226e-07, No Iterations 6
smoothSolver:  Solving for Uy, Initial residual = 0.00213896, Final residual = 7.3406e-07, No Iterations 7
smoothSolver:  Solving for Uz, Initial residual = 0.000412202, Final residual = 3.6006e-07, No Iterations 6
DICPCG:  Solving for p, Initial residual = 0.0132232, Final residual = 1.23985e-05, No Iterations 290
DICPCG:  Solving for p, Initial residual = 0.00153216, Final residual = 1.39702e-06, No Iterations 88
time step continuity errors : sum local = 1.31234e-06, global = 1.75967e-07, cumulative = 1.65955e-05
smoothSolver:  Solving for epsilon, Initial residual = 0.000696955, Final residual = 5.8759e-07, No Iterations 5
smoothSolver:  Solving for k, Initial residual = 0.00189571, Final residual = 3.7385e-07, No Iterations 7
ExecutionTime = 51.63 s  ClockTime = 52 s

Time = 152

smoothSolver:  Solving for Ux, Initial residual = 0.000749215, Final residual = 5.28294e-07, No Iterations 6
smoothSolver:  Solving for Uy, Initial residual = 0.00205469, Final residual = 6.93244e-07, No Iterations 7
smoothSolver:  Solving for Uz, Initial residual = 0.000405283, Final residual = 3.53923e-07, No Iterations 6
DICPCG:  Solving for p, Initial residual = 0.0130162, Final residual = 1.29641e-05, No Iterations 223
DICPCG:  Solving for p, Initial residual = 0.00150137, Final residual = 1.36631e-06, No Iterations 284
time step continuity errors : sum local = 1.28345e-06, global = 3.89284e-08, cumulative = 1.66344e-05
smoothSolver:  Solving for epsilon, Initial residual = 0.000678757, Final residual = 5.70115e-07, No Iterations 5
smoothSolver:  Solving for k, Initial residual = 0.00184328, Final residual = 3.60859e-07, No Iterations 7
ExecutionTime = 51.94 s  ClockTime = 52 s

Time = 153

smoothSolver:  Solving for Ux, Initial residual = 0.0007221, Final residual = 5.01932e-07, No Iterations 6
smoothSolver:  Solving for Uy, Initial residual = 0.00197423, Final residual = 6.53038e-07, No Iterations 7
smoothSolver:  Solving for Uz, Initial residual = 0.00039908, Final residual = 3.47685e-07, No Iterations 6
DICPCG:  Solving for p, Initial residual = 0.0128341, Final residual = 1.23973e-05, No Iterations 206
DICPCG:  Solving for p, Initial residual = 0.00146656, Final residual = 1.30156e-06, No Iterations 284
time step continuity errors : sum local = 1.22202e-06, global = 1.88423e-09, cumulative = 1.66363e-05
smoothSolver:  Solving for epsilon, Initial residual = 0.000659256, Final residual = 5.51305e-07, No Iterations 5
smoothSolver:  Solving for k, Initial residual = 0.00178714, Final residual = 3.47263e-07, No Iterations 7
ExecutionTime = 52.27 s  ClockTime = 53 s

Time = 154

smoothSolver:  Solving for Ux, Initial residual = 0.000698551, Final residual = 4.79721e-07, No Iterations 6
smoothSolver:  Solving for Uy, Initial residual = 0.00189776, Final residual = 6.14791e-07, No Iterations 7
smoothSolver:  Solving for Uz, Initial residual = 0.000393411, Final residual = 3.41101e-07, No Iterations 6
DICPCG:  Solving for p, Initial residual = 0.0126689, Final residual = 1.241e-05, No Iterations 204
DICPCG:  Solving for p, Initial residual = 0.0014325, Final residual = 1.35408e-06, No Iterations 226
time step continuity errors : sum local = 1.27063e-06, global = 1.32098e-07, cumulative = 1.67684e-05
smoothSolver:  Solving for epsilon, Initial residual = 0.000638774, Final residual = 5.31416e-07, No Iterations 5
smoothSolver:  Solving for k, Initial residual = 0.00172805, Final residual = 3.33203e-07, No Iterations 7
ExecutionTime = 52.59 s  ClockTime = 53 s

Time = 155

smoothSolver:  Solving for Ux, Initial residual = 0.000679014, Final residual = 4.62548e-07, No Iterations 6
smoothSolver:  Solving for Uy, Initial residual = 0.0018252, Final residual = 5.79312e-07, No Iterations 7
smoothSolver:  Solving for Uz, Initial residual = 0.000388029, Final residual = 3.34253e-07, No Iterations 6
DICPCG:  Solving for p, Initial residual = 0.012511, Final residual = 1.21933e-05, No Iterations 202
DICPCG:  Solving for p, Initial residual = 0.00139934, Final residual = 1.37294e-06, No Iterations 220
time step continuity errors : sum local = 1.28758e-06, global = -8.47492e-08, cumulative = 1.66837e-05
smoothSolver:  Solving for epsilon, Initial residual = 0.000617503, Final residual = 5.10751e-07, No Iterations 5
smoothSolver:  Solving for k, Initial residual = 0.00166793, Final residual = 3.18795e-07, No Iterations 7
ExecutionTime = 52.93 s  ClockTime = 53 s

Time = 156

smoothSolver:  Solving for Ux, Initial residual = 0.000662908, Final residual = 4.50121e-07, No Iterations 6
smoothSolver:  Solving for Uy, Initial residual = 0.00175674, Final residual = 5.46755e-07, No Iterations 7
smoothSolver:  Solving for Uz, Initial residual = 0.000382762, Final residual = 3.27204e-07, No Iterations 6
DICPCG:  Solving for p, Initial residual = 0.0123468, Final residual = 1.23085e-05, No Iterations 180
DICPCG:  Solving for p, Initial residual = 0.00136587, Final residual = 1.33349e-06, No Iterations 282
time step continuity errors : sum local = 1.24987e-06, global = 1.29667e-08, cumulative = 1.66966e-05
smoothSolver:  Solving for epsilon, Initial residual = 0.000595638, Final residual = 4.89402e-07, No Iterations 5
smoothSolver:  Solving for k, Initial residual = 0.00160737, Final residual = 3.04155e-07, No Iterations 7
ExecutionTime = 53.22 s  ClockTime = 54 s

Time = 157

smoothSolver:  Solving for Ux, Initial residual = 0.000649759, Final residual = 4.4164e-07, No Iterations 6
smoothSolver:  Solving for Uy, Initial residual = 0.00169246, Final residual = 5.16262e-07, No Iterations 7
smoothSolver:  Solving for Uz, Initial residual = 0.000377487, Final residual = 3.20015e-07, No Iterations 6
DICPCG:  Solving for p, Initial residual = 0.012173, Final residual = 1.21609e-05, No Iterations 172
DICPCG:  Solving for p, Initial residual = 0.00133314, Final residual = 1.26644e-06, No Iterations 279
time step continuity errors : sum local = 1.18615e-06, global = 2.42316e-08, cumulative = 1.67209e-05
smoothSolver:  Solving for epsilon, Initial residual = 0.000573197, Final residual = 4.67459e-07, No Iterations 5
smoothSolver:  Solving for k, Initial residual = 0.00154659, Final residual = 9.55386e-07, No Iterations 6
ExecutionTime = 53.51 s  ClockTime = 54 s

Time = 158

smoothSolver:  Solving for Ux, Initial residual = 0.000639616, Final residual = 4.36363e-07, No Iterations 6
smoothSolver:  Solving for Uy, Initial residual = 0.00163243, Final residual = 4.87656e-07, No Iterations 7
smoothSolver:  Solving for Uz, Initial residual = 0.000372298, Final residual = 3.12667e-07, No Iterations 6
DICPCG:  Solving for p, Initial residual = 0.0120103, Final residual = 1.19416e-05, No Iterations 168
DICPCG:  Solving for p, Initial residual = 0.00130059, Final residual = 1.25069e-06, No Iterations 186
time step continuity errors : sum local = 1.17053e-06, global = 5.38081e-08, cumulative = 1.67747e-05
smoothSolver:  Solving for epsilon, Initial residual = 0.000550322, Final residual = 4.44984e-07, No Iterations 5
smoothSolver:  Solving for k, Initial residual = 0.00148577, Final residual = 9.08133e-07, No Iterations 6
ExecutionTime = 53.77 s  ClockTime = 54 s

Time = 159

smoothSolver:  Solving for Ux, Initial residual = 0.000631742, Final residual = 4.33626e-07, No Iterations 6
smoothSolver:  Solving for Uy, Initial residual = 0.00157629, Final residual = 4.60564e-07, No Iterations 7
smoothSolver:  Solving for Uz, Initial residual = 0.000367081, Final residual = 9.8078e-07, No Iterations 5
DICPCG:  Solving for p, Initial residual = 0.011847, Final residual = 1.15879e-05, No Iterations 164
DICPCG:  Solving for p, Initial residual = 0.00126854, Final residual = 1.22302e-06, No Iterations 171
time step continuity errors : sum local = 1.14378e-06, global = 8.99893e-08, cumulative = 1.68647e-05
smoothSolver:  Solving for epsilon, Initial residual = 0.000526864, Final residual = 4.2229e-07, No Iterations 5
smoothSolver:  Solving for k, Initial residual = 0.00142513, Final residual = 8.61505e-07, No Iterations 6
ExecutionTime = 54.03 s  ClockTime = 55 s

Time = 160

smoothSolver:  Solving for Ux, Initial residual = 0.000626129, Final residual = 4.33047e-07, No Iterations 6
smoothSolver:  Solving for Uy, Initial residual = 0.00152334, Final residual = 4.35128e-07, No Iterations 7
smoothSolver:  Solving for Uz, Initial residual = 0.000361794, Final residual = 9.59548e-07, No Iterations 5
DICPCG:  Solving for p, Initial residual = 0.0116838, Final residual = 1.14168e-05, No Iterations 155
DICPCG:  Solving for p, Initial residual = 0.00123707, Final residual = 1.15299e-06, No Iterations 170
time step continuity errors : sum local = 1.07741e-06, global = 6.36751e-08, cumulative = 1.69284e-05
smoothSolver:  Solving for epsilon, Initial residual = 0.000503096, Final residual = 3.99828e-07, No Iterations 5
smoothSolver:  Solving for k, Initial residual = 0.00136502, Final residual = 8.15882e-07, No Iterations 6
ExecutionTime = 54.27 s  ClockTime = 55 s

Time = 161

smoothSolver:  Solving for Ux, Initial residual = 0.000622315, Final residual = 4.34155e-07, No Iterations 6
smoothSolver:  Solving for Uy, Initial residual = 0.00147307, Final residual = 4.12899e-07, No Iterations 7
smoothSolver:  Solving for Uz, Initial residual = 0.000356425, Final residual = 9.38237e-07, No Iterations 5
DICPCG:  Solving for p, Initial residual = 0.0115085, Final residual = 1.09558e-05, No Iterations 155
DICPCG:  Solving for p, Initial residual = 0.00120533, Final residual = 1.12049e-06, No Iterations 171
time step continuity errors : sum local = 1.04609e-06, global = 1.83393e-08, cumulative = 1.69467e-05
smoothSolver:  Solving for epsilon, Initial residual = 0.00047932, Final residual = 3.7786e-07, No Iterations 5
smoothSolver:  Solving for k, Initial residual = 0.00130636, Final residual = 7.71534e-07, No Iterations 6
ExecutionTime = 54.52 s  ClockTime = 55 s

Time = 162

smoothSolver:  Solving for Ux, Initial residual = 0.000620298, Final residual = 4.36558e-07, No Iterations 6
smoothSolver:  Solving for Uy, Initial residual = 0.00142553, Final residual = 3.94311e-07, No Iterations 7
smoothSolver:  Solving for Uz, Initial residual = 0.000350875, Final residual = 9.16683e-07, No Iterations 5
DICPCG:  Solving for p, Initial residual = 0.0113154, Final residual = 1.07574e-05, No Iterations 155
DICPCG:  Solving for p, Initial residual = 0.00117274, Final residual = 1.15845e-06, No Iterations 176
time step continuity errors : sum local = 1.08054e-06, global = -7.21705e-08, cumulative = 1.68745e-05
smoothSolver:  Solving for epsilon, Initial residual = 0.00045569, Final residual = 3.5628e-07, No Iterations 5
smoothSolver:  Solving for k, Initial residual = 0.00124889, Final residual = 7.28564e-07, No Iterations 6
ExecutionTime = 54.77 s  ClockTime = 55 s

Time = 163

smoothSolver:  Solving for Ux, Initial residual = 0.000619808, Final residual = 4.39645e-07, No Iterations 6
smoothSolver:  Solving for Uy, Initial residual = 0.00138079, Final residual = 3.78989e-07, No Iterations 7
smoothSolver:  Solving for Uz, Initial residual = 0.000345047, Final residual = 8.94854e-07, No Iterations 5
DICPCG:  Solving for p, Initial residual = 0.0111116, Final residual = 1.07269e-05, No Iterations 155
DICPCG:  Solving for p, Initial residual = 0.00113951, Final residual = 1.0999e-06, No Iterations 203
time step continuity errors : sum local = 1.02495e-06, global = -1.71835e-07, cumulative = 1.67027e-05
smoothSolver:  Solving for epsilon, Initial residual = 0.000432248, Final residual = 3.35146e-07, No Iterations 5
smoothSolver:  Solving for k, Initial residual = 0.00119272, Final residual = 6.86994e-07, No Iterations 6
ExecutionTime = 55.05 s  ClockTime = 56 s

Time = 164

smoothSolver:  Solving for Ux, Initial residual = 0.000620364, Final residual = 4.42966e-07, No Iterations 6
smoothSolver:  Solving for Uy, Initial residual = 0.00133821, Final residual = 3.65795e-07, No Iterations 7
smoothSolver:  Solving for Uz, Initial residual = 0.000338942, Final residual = 8.72706e-07, No Iterations 5
DICPCG:  Solving for p, Initial residual = 0.0108998, Final residual = 1.06364e-05, No Iterations 155
DICPCG:  Solving for p, Initial residual = 0.00110589, Final residual = 1.04334e-06, No Iterations 283
time step continuity errors : sum local = 9.71297e-07, global = -7.81011e-09, cumulative = 1.66949e-05
smoothSolver:  Solving for epsilon, Initial residual = 0.00040911, Final residual = 3.14477e-07, No Iterations 5
smoothSolver:  Solving for k, Initial residual = 0.00113775, Final residual = 6.46884e-07, No Iterations 6
ExecutionTime = 55.37 s  ClockTime = 56 s

Time = 165

smoothSolver:  Solving for Ux, Initial residual = 0.000621076, Final residual = 4.45951e-07, No Iterations 6
smoothSolver:  Solving for Uy, Initial residual = 0.00129827, Final residual = 3.53798e-07, No Iterations 7
smoothSolver:  Solving for Uz, Initial residual = 0.000332595, Final residual = 8.50226e-07, No Iterations 5
DICPCG:  Solving for p, Initial residual = 0.0106955, Final residual = 1.03958e-05, No Iterations 155
DICPCG:  Solving for p, Initial residual = 0.00107215, Final residual = 1.03271e-06, No Iterations 282
time step continuity errors : sum local = 9.60455e-07, global = -8.05796e-09, cumulative = 1.66868e-05
smoothSolver:  Solving for epsilon, Initial residual = 0.000386384, Final residual = 2.94401e-07, No Iterations 5
smoothSolver:  Solving for k, Initial residual = 0.00108438, Final residual = 6.08349e-07, No Iterations 6
ExecutionTime = 55.68 s  ClockTime = 56 s

Time = 166

smoothSolver:  Solving for Ux, Initial residual = 0.000621781, Final residual = 4.4883e-07, No Iterations 6
smoothSolver:  Solving for Uy, Initial residual = 0.00126049, Final residual = 3.43083e-07, No Iterations 7
smoothSolver:  Solving for Uz, Initial residual = 0.000326113, Final residual = 8.276e-07, No Iterations 5
DICPCG:  Solving for p, Initial residual = 0.0104981, Final residual = 1.01146e-05, No Iterations 155
DICPCG:  Solving for p, Initial residual = 0.0010388, Final residual = 9.53356e-07, No Iterations 282
time step continuity errors : sum local = 8.85747e-07, global = -6.75649e-09, cumulative = 1.66801e-05
smoothSolver:  Solving for epsilon, Initial residual = 0.000364179, Final residual = 2.75036e-07, No Iterations 5
smoothSolver:  Solving for k, Initial residual = 0.00103268, Final residual = 5.71427e-07, No Iterations 6
ExecutionTime = 55.99 s  ClockTime = 56 s

Time = 167

smoothSolver:  Solving for Ux, Initial residual = 0.000622343, Final residual = 4.51344e-07, No Iterations 6
smoothSolver:  Solving for Uy, Initial residual = 0.00122554, Final residual = 3.33792e-07, No Iterations 7
smoothSolver:  Solving for Uz, Initial residual = 0.000319509, Final residual = 8.05056e-07, No Iterations 5
DICPCG:  Solving for p, Initial residual = 0.0102909, Final residual = 1.02815e-05, No Iterations 154
DICPCG:  Solving for p, Initial residual = 0.00100595, Final residual = 9.815e-07, No Iterations 281
time step continuity errors : sum local = 9.10942e-07, global = -5.46326e-09, cumulative = 1.66746e-05
smoothSolver:  Solving for epsilon, Initial residual = 0.000342548, Final residual = 2.56407e-07, No Iterations 5
smoothSolver:  Solving for k, Initial residual = 0.000982624, Final residual = 5.3634e-07, No Iterations 6
ExecutionTime = 56.3 s  ClockTime = 57 s

Time = 168

smoothSolver:  Solving for Ux, Initial residual = 0.000622708, Final residual = 4.53446e-07, No Iterations 6
smoothSolver:  Solving for Uy, Initial residual = 0.00119362, Final residual = 3.25512e-07, No Iterations 7
smoothSolver:  Solving for Uz, Initial residual = 0.000312851, Final residual = 7.82559e-07, No Iterations 5
DICPCG:  Solving for p, Initial residual = 0.0100748, Final residual = 9.68857e-06, No Iterations 155
DICPCG:  Solving for p, Initial residual = 0.000974316, Final residual = 9.21016e-07, No Iterations 281
time step continuity errors : sum local = 8.53886e-07, global = -4.58839e-09, cumulative = 1.667e-05
smoothSolver:  Solving for epsilon, Initial residual = 0.000321614, Final residual = 9.3203e-07, No Iterations 4
smoothSolver:  Solving for k, Initial residual = 0.00093445, Final residual = 5.03137e-07, No Iterations 6
ExecutionTime = 56.62 s  ClockTime = 57 s

Time = 169

smoothSolver:  Solving for Ux, Initial residual = 0.000622777, Final residual = 4.54764e-07, No Iterations 6
smoothSolver:  Solving for Uy, Initial residual = 0.00116484, Final residual = 3.18103e-07, No Iterations 7
smoothSolver:  Solving for Uz, Initial residual = 0.000306134, Final residual = 7.59901e-07, No Iterations 5
DICPCG:  Solving for p, Initial residual = 0.00986617, Final residual = 9.57163e-06, No Iterations 155
DICPCG:  Solving for p, Initial residual = 0.000944384, Final residual = 9.3549e-07, No Iterations 280
time step continuity errors : sum local = 8.66361e-07, global = -5.9823e-09, cumulative = 1.6664e-05
smoothSolver:  Solving for epsilon, Initial residual = 0.000301653, Final residual = 8.67746e-07, No Iterations 4
smoothSolver:  Solving for k, Initial residual = 0.000887999, Final residual = 4.7179e-07, No Iterations 6
ExecutionTime = 56.92 s  ClockTime = 57 s

Time = 170

smoothSolver:  Solving for Ux, Initial residual = 0.000622377, Final residual = 4.55418e-07, No Iterations 6
smoothSolver:  Solving for Uy, Initial residual = 0.00113928, Final residual = 9.83435e-07, No Iterations 6
smoothSolver:  Solving for Uz, Initial residual = 0.000299356, Final residual = 7.37451e-07, No Iterations 5
DICPCG:  Solving for p, Initial residual = 0.00965846, Final residual = 9.52958e-06, No Iterations 155
DICPCG:  Solving for p, Initial residual = 0.00091668, Final residual = 8.43621e-07, No Iterations 279
time step continuity errors : sum local = 7.80416e-07, global = -2.34085e-09, cumulative = 1.66617e-05
smoothSolver:  Solving for epsilon, Initial residual = 0.000282497, Final residual = 8.06215e-07, No Iterations 4
smoothSolver:  Solving for k, Initial residual = 0.000843371, Final residual = 4.4212e-07, No Iterations 6
ExecutionTime = 57.21 s  ClockTime = 58 s

Time = 171

smoothSolver:  Solving for Ux, Initial residual = 0.000621504, Final residual = 4.55309e-07, No Iterations 6
smoothSolver:  Solving for Uy, Initial residual = 0.00111649, Final residual = 9.64254e-07, No Iterations 6
smoothSolver:  Solving for Uz, Initial residual = 0.000292709, Final residual = 7.16653e-07, No Iterations 5
DICPCG:  Solving for p, Initial residual = 0.00945178, Final residual = 9.26206e-06, No Iterations 156
DICPCG:  Solving for p, Initial residual = 0.000890815, Final residual = 8.73231e-07, No Iterations 280
time step continuity errors : sum local = 8.06897e-07, global = 6.38346e-09, cumulative = 1.66681e-05
smoothSolver:  Solving for epsilon, Initial residual = 0.00026416, Final residual = 7.47664e-07, No Iterations 4
smoothSolver:  Solving for k, Initial residual = 0.000800539, Final residual = 4.14142e-07, No Iterations 6
ExecutionTime = 57.51 s  ClockTime = 58 s

Time = 172

smoothSolver:  Solving for Ux, Initial residual = 0.000620133, Final residual = 4.54357e-07, No Iterations 6
smoothSolver:  Solving for Uy, Initial residual = 0.00109604, Final residual = 9.47109e-07, No Iterations 6
smoothSolver:  Solving for Uz, Initial residual = 0.000286314, Final residual = 6.98507e-07, No Iterations 5
DICPCG:  Solving for p, Initial residual = 0.00923972, Final residual = 9.19212e-06, No Iterations 156
DICPCG:  Solving for p, Initial residual = 0.000865999, Final residual = 8.37532e-07, No Iterations 280
time step continuity errors : sum local = 7.73025e-07, global = 5.92496e-09, cumulative = 1.6674e-05
smoothSolver:  Solving for epsilon, Initial residual = 0.00024671, Final residual = 6.92374e-07, No Iterations 4
smoothSolver:  Solving for k, Initial residual = 0.000759634, Final residual = 3.87846e-07, No Iterations 6
ExecutionTime = 57.8 s  ClockTime = 58 s

Time = 173

smoothSolver:  Solving for Ux, Initial residual = 0.000618306, Final residual = 4.52734e-07, No Iterations 6
smoothSolver:  Solving for Uy, Initial residual = 0.00107696, Final residual = 9.31397e-07, No Iterations 6
smoothSolver:  Solving for Uz, Initial residual = 0.00028021, Final residual = 6.82972e-07, No Iterations 5
DICPCG:  Solving for p, Initial residual = 0.00902977, Final residual = 8.55576e-06, No Iterations 157
DICPCG:  Solving for p, Initial residual = 0.000842357, Final residual = 7.43836e-07, No Iterations 280
time step continuity errors : sum local = 6.85747e-07, global = 2.88089e-09, cumulative = 1.66769e-05
smoothSolver:  Solving for epsilon, Initial residual = 0.000230212, Final residual = 6.40447e-07, No Iterations 4
smoothSolver:  Solving for k, Initial residual = 0.000720498, Final residual = 3.63278e-07, No Iterations 6
ExecutionTime = 58.09 s  ClockTime = 59 s

Time = 174

smoothSolver:  Solving for Ux, Initial residual = 0.000615906, Final residual = 4.50281e-07, No Iterations 6
smoothSolver:  Solving for Uy, Initial residual = 0.00105889, Final residual = 9.16312e-07, No Iterations 6
smoothSolver:  Solving for Uz, Initial residual = 0.000274362, Final residual = 6.68978e-07, No Iterations 5
DICPCG:  Solving for p, Initial residual = 0.00882357, Final residual = 8.39869e-06, No Iterations 157
DICPCG:  Solving for p, Initial residual = 0.00082016, Final residual = 7.24968e-07, No Iterations 278
time step continuity errors : sum local = 6.6756e-07, global = -2.972e-09, cumulative = 1.66739e-05
smoothSolver:  Solving for epsilon, Initial residual = 0.000214692, Final residual = 5.9182e-07, No Iterations 4
smoothSolver:  Solving for k, Initial residual = 0.000683141, Final residual = 3.40507e-07, No Iterations 6
ExecutionTime = 58.42 s  ClockTime = 59 s

Time = 175

smoothSolver:  Solving for Ux, Initial residual = 0.000612986, Final residual = 4.47065e-07, No Iterations 6
smoothSolver:  Solving for Uy, Initial residual = 0.00104138, Final residual = 9.01215e-07, No Iterations 6
smoothSolver:  Solving for Uz, Initial residual = 0.000268707, Final residual = 6.5585e-07, No Iterations 5
DICPCG:  Solving for p, Initial residual = 0.00862259, Final residual = 8.12104e-06, No Iterations 157
DICPCG:  Solving for p, Initial residual = 0.000799363, Final residual = 6.97816e-07, No Iterations 277
time step continuity errors : sum local = 6.41791e-07, global = -8.21201e-10, cumulative = 1.66731e-05
smoothSolver:  Solving for epsilon, Initial residual = 0.000200169, Final residual = 5.46596e-07, No Iterations 4
smoothSolver:  Solving for k, Initial residual = 0.000647718, Final residual = 3.1946e-07, No Iterations 6
ExecutionTime = 58.69 s  ClockTime = 59 s

Time = 176

smoothSolver:  Solving for Ux, Initial residual = 0.000609597, Final residual = 4.43306e-07, No Iterations 6
smoothSolver:  Solving for Uy, Initial residual = 0.00102435, Final residual = 8.85855e-07, No Iterations 6
smoothSolver:  Solving for Uz, Initial residual = 0.000263167, Final residual = 6.42882e-07, No Iterations 5
DICPCG:  Solving for p, Initial residual = 0.00842383, Final residual = 7.78222e-06, No Iterations 157
DICPCG:  Solving for p, Initial residual = 0.000779964, Final residual = 7.27e-07, No Iterations 277
time step continuity errors : sum local = 6.67827e-07, global = -5.23727e-09, cumulative = 1.66678e-05
smoothSolver:  Solving for epsilon, Initial residual = 0.000186769, Final residual = 5.05293e-07, No Iterations 4
smoothSolver:  Solving for k, Initial residual = 0.000614202, Final residual = 2.99924e-07, No Iterations 6
ExecutionTime = 59.01 s  ClockTime = 59 s

Time = 177

smoothSolver:  Solving for Ux, Initial residual = 0.000605628, Final residual = 4.38718e-07, No Iterations 6
smoothSolver:  Solving for Uy, Initial residual = 0.00100794, Final residual = 8.70119e-07, No Iterations 6
smoothSolver:  Solving for Uz, Initial residual = 0.000257775, Final residual = 6.29931e-07, No Iterations 5
DICPCG:  Solving for p, Initial residual = 0.00822894, Final residual = 8.07168e-06, No Iterations 156
DICPCG:  Solving for p, Initial residual = 0.000761773, Final residual = 7.46275e-07, No Iterations 273
time step continuity errors : sum local = 6.84697e-07, global = -5.9206e-09, cumulative = 1.66619e-05
smoothSolver:  Solving for epsilon, Initial residual = 0.000174495, Final residual = 4.68912e-07, No Iterations 4
smoothSolver:  Solving for k, Initial residual = 0.000582638, Final residual = 9.691e-07, No Iterations 5
ExecutionTime = 59.26 s  ClockTime = 60 s

Time = 178

smoothSolver:  Solving for Ux, Initial residual = 0.000601167, Final residual = 4.33499e-07, No Iterations 6
smoothSolver:  Solving for Uy, Initial residual = 0.000992046, Final residual = 8.54023e-07, No Iterations 6
smoothSolver:  Solving for Uz, Initial residual = 0.000252468, Final residual = 6.16586e-07, No Iterations 5
DICPCG:  Solving for p, Initial residual = 0.00804074, Final residual = 7.98677e-06, No Iterations 155
DICPCG:  Solving for p, Initial residual = 0.00074443, Final residual = 7.0906e-07, No Iterations 277
time step continuity errors : sum local = 6.49757e-07, global = 8.25173e-09, cumulative = 1.66702e-05
smoothSolver:  Solving for epsilon, Initial residual = 0.000163345, Final residual = 4.36918e-07, No Iterations 4
smoothSolver:  Solving for k, Initial residual = 0.000553284, Final residual = 9.13071e-07, No Iterations 5
ExecutionTime = 59.54 s  ClockTime = 60 s

Time = 179

smoothSolver:  Solving for Ux, Initial residual = 0.000596189, Final residual = 4.27996e-07, No Iterations 6
smoothSolver:  Solving for Uy, Initial residual = 0.000976644, Final residual = 8.37531e-07, No Iterations 6
smoothSolver:  Solving for Uz, Initial residual = 0.00024728, Final residual = 6.03377e-07, No Iterations 5
DICPCG:  Solving for p, Initial residual = 0.00785657, Final residual = 7.58039e-06, No Iterations 152
DICPCG:  Solving for p, Initial residual = 0.000727994, Final residual = 7.01539e-07, No Iterations 277
time step continuity errors : sum local = 6.42084e-07, global = 8.22937e-09, cumulative = 1.66784e-05
smoothSolver:  Solving for epsilon, Initial residual = 0.00015333, Final residual = 4.09295e-07, No Iterations 4
smoothSolver:  Solving for k, Initial residual = 0.000525953, Final residual = 8.61792e-07, No Iterations 5
ExecutionTime = 59.83 s  ClockTime = 60 s

Time = 180

smoothSolver:  Solving for Ux, Initial residual = 0.000590781, Final residual = 4.22095e-07, No Iterations 6
smoothSolver:  Solving for Uy, Initial residual = 0.000961906, Final residual = 8.20351e-07, No Iterations 6
smoothSolver:  Solving for Uz, Initial residual = 0.000242207, Final residual = 5.9001e-07, No Iterations 5
DICPCG:  Solving for p, Initial residual = 0.00767156, Final residual = 7.28796e-06, No Iterations 151
DICPCG:  Solving for p, Initial residual = 0.000711764, Final residual = 7.0171e-07, No Iterations 277
time step continuity errors : sum local = 6.41463e-07, global = 7.60215e-09, cumulative = 1.6686e-05
smoothSolver:  Solving for epsilon, Initial residual = 0.000144306, Final residual = 3.84931e-07, No Iterations 4
smoothSolver:  Solving for k, Initial residual = 0.00050076, Final residual = 8.15648e-07, No Iterations 5
ExecutionTime = 60.15 s  ClockTime = 61 s

Time = 181

smoothSolver:  Solving for Ux, Initial residual = 0.000585024, Final residual = 4.15996e-07, No Iterations 6
smoothSolver:  Solving for Uy, Initial residual = 0.00094764, Final residual = 8.02577e-07, No Iterations 6
smoothSolver:  Solving for Uz, Initial residual = 0.000237199, Final residual = 5.76657e-07, No Iterations 5
DICPCG:  Solving for p, Initial residual = 0.00749119, Final residual = 7.44147e-06, No Iterations 150
DICPCG:  Solving for p, Initial residual = 0.000696636, Final residual = 6.60997e-07, No Iterations 277
time step continuity errors : sum local = 6.03517e-07, global = 5.98645e-09, cumulative = 1.6692e-05
smoothSolver:  Solving for epsilon, Initial residual = 0.000136188, Final residual = 3.63501e-07, No Iterations 4
smoothSolver:  Solving for k, Initial residual = 0.000477575, Final residual = 7.74535e-07, No Iterations 5
ExecutionTime = 60.43 s  ClockTime = 61 s

Time = 182

smoothSolver:  Solving for Ux, Initial residual = 0.000578944, Final residual = 4.09813e-07, No Iterations 6
smoothSolver:  Solving for Uy, Initial residual = 0.0009337, Final residual = 7.84037e-07, No Iterations 6
smoothSolver:  Solving for Uz, Initial residual = 0.000232276, Final residual = 5.63111e-07, No Iterations 5
DICPCG:  Solving for p, Initial residual = 0.00731637, Final residual = 7.05675e-06, No Iterations 150
DICPCG:  Solving for p, Initial residual = 0.000681876, Final residual = 6.29111e-07, No Iterations 277
time step continuity errors : sum local = 5.73722e-07, global = 8.33416e-09, cumulative = 1.67003e-05
smoothSolver:  Solving for epsilon, Initial residual = 0.00012897, Final residual = 3.446e-07, No Iterations 4
smoothSolver:  Solving for k, Initial residual = 0.000456214, Final residual = 7.37785e-07, No Iterations 5
ExecutionTime = 60.78 s  ClockTime = 61 s

Time = 183

smoothSolver:  Solving for Ux, Initial residual = 0.000572751, Final residual = 4.03486e-07, No Iterations 6
smoothSolver:  Solving for Uy, Initial residual = 0.00091993, Final residual = 7.65158e-07, No Iterations 6
smoothSolver:  Solving for Uz, Initial residual = 0.000227406, Final residual = 5.49557e-07, No Iterations 5
DICPCG:  Solving for p, Initial residual = 0.00715166, Final residual = 6.68515e-06, No Iterations 150
DICPCG:  Solving for p, Initial residual = 0.000667885, Final residual = 6.37495e-07, No Iterations 278
time step continuity errors : sum local = 5.80691e-07, global = 3.19049e-09, cumulative = 1.67035e-05
smoothSolver:  Solving for epsilon, Initial residual = 0.000122631, Final residual = 3.27778e-07, No Iterations 4
smoothSolver:  Solving for k, Initial residual = 0.000436663, Final residual = 7.04231e-07, No Iterations 5
ExecutionTime = 61.08 s  ClockTime = 61 s

Time = 184

smoothSolver:  Solving for Ux, Initial residual = 0.000566472, Final residual = 3.97169e-07, No Iterations 6
smoothSolver:  Solving for Uy, Initial residual = 0.000906151, Final residual = 7.45863e-07, No Iterations 6
smoothSolver:  Solving for Uz, Initial residual = 0.000222599, Final residual = 5.35927e-07, No Iterations 5
DICPCG:  Solving for p, Initial residual = 0.00699558, Final residual = 6.65747e-06, No Iterations 150
DICPCG:  Solving for p, Initial residual = 0.000654391, Final residual = 6.46357e-07, No Iterations 278
time step continuity errors : sum local = 5.88087e-07, global = 4.27823e-09, cumulative = 1.67078e-05
smoothSolver:  Solving for epsilon, Initial residual = 0.000117103, Final residual = 3.12724e-07, No Iterations 4
smoothSolver:  Solving for k, Initial residual = 0.000418852, Final residual = 6.73842e-07, No Iterations 5
ExecutionTime = 61.41 s  ClockTime = 62 s

Time = 185

smoothSolver:  Solving for Ux, Initial residual = 0.000560036, Final residual = 3.90998e-07, No Iterations 6
smoothSolver:  Solving for Uy, Initial residual = 0.000892153, Final residual = 7.26279e-07, No Iterations 6
smoothSolver:  Solving for Uz, Initial residual = 0.000217935, Final residual = 5.22322e-07, No Iterations 5
DICPCG:  Solving for p, Initial residual = 0.006844, Final residual = 6.68133e-06, No Iterations 150
DICPCG:  Solving for p, Initial residual = 0.00064094, Final residual = 6.11633e-07, No Iterations 277
time step continuity errors : sum local = 5.55869e-07, global = 2.31768e-10, cumulative = 1.6708e-05
smoothSolver:  Solving for epsilon, Initial residual = 0.00011225, Final residual = 2.993e-07, No Iterations 4
smoothSolver:  Solving for k, Initial residual = 0.000402461, Final residual = 6.46267e-07, No Iterations 5
ExecutionTime = 61.72 s  ClockTime = 62 s

Time = 186

smoothSolver:  Solving for Ux, Initial residual = 0.000553456, Final residual = 3.85027e-07, No Iterations 6
smoothSolver:  Solving for Uy, Initial residual = 0.00087788, Final residual = 7.06482e-07, No Iterations 6
smoothSolver:  Solving for Uz, Initial residual = 0.000213501, Final residual = 5.08902e-07, No Iterations 5
DICPCG:  Solving for p, Initial residual = 0.00669705, Final residual = 6.65773e-06, No Iterations 150
DICPCG:  Solving for p, Initial residual = 0.000627336, Final residual = 6.266e-07, No Iterations 278
time step continuity errors : sum local = 5.68848e-07, global = 8.14107e-10, cumulative = 1.67088e-05
smoothSolver:  Solving for epsilon, Initial residual = 0.000107952, Final residual = 2.8732e-07, No Iterations 4
smoothSolver:  Solving for k, Initial residual = 0.000387392, Final residual = 6.21111e-07, No Iterations 5
ExecutionTime = 61.99 s  ClockTime = 62 s

Time = 187

smoothSolver:  Solving for Ux, Initial residual = 0.000546794, Final residual = 3.79275e-07, No Iterations 6
smoothSolver:  Solving for Uy, Initial residual = 0.000863209, Final residual = 6.8666e-07, No Iterations 6
smoothSolver:  Solving for Uz, Initial residual = 0.000209232, Final residual = 4.95735e-07, No Iterations 5
DICPCG:  Solving for p, Initial residual = 0.00655248, Final residual = 6.27935e-06, No Iterations 151
DICPCG:  Solving for p, Initial residual = 0.000613487, Final residual = 5.7925e-07, No Iterations 279
time step continuity errors : sum local = 5.25299e-07, global = -1.86557e-09, cumulative = 1.6707e-05
smoothSolver:  Solving for epsilon, Initial residual = 0.000104116, Final residual = 2.76363e-07, No Iterations 4
smoothSolver:  Solving for k, Initial residual = 0.00037359, Final residual = 5.98238e-07, No Iterations 5
ExecutionTime = 62.32 s  ClockTime = 63 s

Time = 188

smoothSolver:  Solving for Ux, Initial residual = 0.000540158, Final residual = 3.73571e-07, No Iterations 6
smoothSolver:  Solving for Uy, Initial residual = 0.000848187, Final residual = 6.66644e-07, No Iterations 6
smoothSolver:  Solving for Uz, Initial residual = 0.000205086, Final residual = 4.83039e-07, No Iterations 5
DICPCG:  Solving for p, Initial residual = 0.00641065, Final residual = 6.20178e-06, No Iterations 139
DICPCG:  Solving for p, Initial residual = 0.000599547, Final residual = 5.89469e-07, No Iterations 284
time step continuity errors : sum local = 5.3401e-07, global = 2.47742e-09, cumulative = 1.67095e-05
smoothSolver:  Solving for epsilon, Initial residual = 0.000100656, Final residual = 2.66255e-07, No Iterations 4
smoothSolver:  Solving for k, Initial residual = 0.000360969, Final residual = 5.77543e-07, No Iterations 5
ExecutionTime = 62.67 s  ClockTime = 63 s

Time = 189

smoothSolver:  Solving for Ux, Initial residual = 0.000533481, Final residual = 3.67943e-07, No Iterations 6
smoothSolver:  Solving for Uy, Initial residual = 0.000832861, Final residual = 6.46906e-07, No Iterations 6
smoothSolver:  Solving for Uz, Initial residual = 0.000201081, Final residual = 4.70893e-07, No Iterations 5
DICPCG:  Solving for p, Initial residual = 0.00627298, Final residual = 5.95597e-06, No Iterations 139
DICPCG:  Solving for p, Initial residual = 0.000585903, Final residual = 5.79397e-07, No Iterations 283
time step continuity errors : sum local = 5.24355e-07, global = 5.6389e-11, cumulative = 1.67095e-05
smoothSolver:  Solving for epsilon, Initial residual = 9.74965e-05, Final residual = 2.5691e-07, No Iterations 4
smoothSolver:  Solving for k, Initial residual = 0.000349391, Final residual = 5.58829e-07, No Iterations 5
ExecutionTime = 62.96 s  ClockTime = 63 s

Time = 190

smoothSolver:  Solving for Ux, Initial residual = 0.000526766, Final residual = 3.62491e-07, No Iterations 6
smoothSolver:  Solving for Uy, Initial residual = 0.000817228, Final residual = 6.27268e-07, No Iterations 6
smoothSolver:  Solving for Uz, Initial residual = 0.000197183, Final residual = 4.59118e-07, No Iterations 5
DICPCG:  Solving for p, Initial residual = 0.00613895, Final residual = 5.81665e-06, No Iterations 139
DICPCG:  Solving for p, Initial residual = 0.000572611, Final residual = 5.56091e-07, No Iterations 279
time step continuity errors : sum local = 5.02774e-07, global = 2.20099e-09, cumulative = 1.67117e-05
smoothSolver:  Solving for epsilon, Initial residual = 9.45555e-05, Final residual = 2.48151e-07, No Iterations 4
smoothSolver:  Solving for k, Initial residual = 0.000338827, Final residual = 5.41712e-07, No Iterations 5
ExecutionTime = 63.26 s  ClockTime = 64 s

Time = 191

smoothSolver:  Solving for Ux, Initial residual = 0.000520128, Final residual = 3.57328e-07, No Iterations 6
smoothSolver:  Solving for Uy, Initial residual = 0.000801318, Final residual = 6.07642e-07, No Iterations 6
smoothSolver:  Solving for Uz, Initial residual = 0.000193385, Final residual = 4.47792e-07, No Iterations 5
DICPCG:  Solving for p, Initial residual = 0.00600872, Final residual = 5.74496e-06, No Iterations 139
DICPCG:  Solving for p, Initial residual = 0.000559699, Final residual = 5.45506e-07, No Iterations 264
time step continuity errors : sum local = 4.92743e-07, global = -3.33735e-09, cumulative = 1.67084e-05
smoothSolver:  Solving for epsilon, Initial residual = 9.17647e-05, Final residual = 9.69668e-07, No Iterations 3
smoothSolver:  Solving for k, Initial residual = 0.000329368, Final residual = 5.26142e-07, No Iterations 5
ExecutionTime = 63.52 s  ClockTime = 64 s

Time = 192

smoothSolver:  Solving for Ux, Initial residual = 0.000513637, Final residual = 3.526e-07, No Iterations 6
smoothSolver:  Solving for Uy, Initial residual = 0.000785218, Final residual = 5.88427e-07, No Iterations 6
smoothSolver:  Solving for Uz, Initial residual = 0.000189679, Final residual = 4.36643e-07, No Iterations 5
DICPCG:  Solving for p, Initial residual = 0.00587998, Final residual = 5.80424e-06, No Iterations 139
DICPCG:  Solving for p, Initial residual = 0.000546968, Final residual = 5.02155e-07, No Iterations 277
time step continuity errors : sum local = 4.5318e-07, global = -1.6081e-09, cumulative = 1.67068e-05
smoothSolver:  Solving for epsilon, Initial residual = 8.93378e-05, Final residual = 9.42172e-07, No Iterations 3
smoothSolver:  Solving for k, Initial residual = 0.000320715, Final residual = 5.11976e-07, No Iterations 5
ExecutionTime = 63.79 s  ClockTime = 64 s

Time = 193

smoothSolver:  Solving for Ux, Initial residual = 0.000507434, Final residual = 3.48222e-07, No Iterations 6
smoothSolver:  Solving for Uy, Initial residual = 0.00076895, Final residual = 5.69321e-07, No Iterations 6
smoothSolver:  Solving for Uz, Initial residual = 0.000186079, Final residual = 4.25806e-07, No Iterations 5
DICPCG:  Solving for p, Initial residual = 0.005755, Final residual = 5.60591e-06, No Iterations 143
DICPCG:  Solving for p, Initial residual = 0.0005346, Final residual = 5.15926e-07, No Iterations 268
time step continuity errors : sum local = 4.65207e-07, global = -7.03715e-09, cumulative = 1.66997e-05
smoothSolver:  Solving for epsilon, Initial residual = 8.69613e-05, Final residual = 9.14781e-07, No Iterations 3
smoothSolver:  Solving for k, Initial residual = 0.000312666, Final residual = 4.98883e-07, No Iterations 5
ExecutionTime = 64.05 s  ClockTime = 64 s

Time = 194

smoothSolver:  Solving for Ux, Initial residual = 0.000501556, Final residual = 3.44041e-07, No Iterations 6
smoothSolver:  Solving for Uy, Initial residual = 0.000752484, Final residual = 5.50578e-07, No Iterations 6
smoothSolver:  Solving for Uz, Initial residual = 0.000182563, Final residual = 4.1529e-07, No Iterations 5
DICPCG:  Solving for p, Initial residual = 0.00563536, Final residual = 5.62825e-06, No Iterations 145
DICPCG:  Solving for p, Initial residual = 0.000522504, Final residual = 5.16904e-07, No Iterations 237
time step continuity errors : sum local = 4.65706e-07, global = -2.81864e-08, cumulative = 1.66715e-05
smoothSolver:  Solving for epsilon, Initial residual = 8.46175e-05, Final residual = 8.87664e-07, No Iterations 3
smoothSolver:  Solving for k, Initial residual = 0.000305221, Final residual = 4.86736e-07, No Iterations 5
ExecutionTime = 64.34 s  ClockTime = 65 s

Time = 195

smoothSolver:  Solving for Ux, Initial residual = 0.000495933, Final residual = 3.39956e-07, No Iterations 6
smoothSolver:  Solving for Uy, Initial residual = 0.000735826, Final residual = 5.32303e-07, No Iterations 6
smoothSolver:  Solving for Uz, Initial residual = 0.000179145, Final residual = 4.0499e-07, No Iterations 5
DICPCG:  Solving for p, Initial residual = 0.00552138, Final residual = 5.29976e-06, No Iterations 145
DICPCG:  Solving for p, Initial residual = 0.000510905, Final residual = 5.09824e-07, No Iterations 196
time step continuity errors : sum local = 4.58967e-07, global = -5.82254e-08, cumulative = 1.66133e-05
smoothSolver:  Solving for epsilon, Initial residual = 8.22912e-05, Final residual = 8.6072e-07, No Iterations 3
smoothSolver:  Solving for k, Initial residual = 0.000298406, Final residual = 4.75461e-07, No Iterations 5
ExecutionTime = 64.61 s  ClockTime = 65 s

Time = 196

smoothSolver:  Solving for Ux, Initial residual = 0.000490664, Final residual = 3.35831e-07, No Iterations 6
smoothSolver:  Solving for Uy, Initial residual = 0.000719113, Final residual = 5.14202e-07, No Iterations 6
smoothSolver:  Solving for Uz, Initial residual = 0.00017586, Final residual = 3.94998e-07, No Iterations 5
DICPCG:  Solving for p, Initial residual = 0.0054088, Final residual = 5.39634e-06, No Iterations 144
DICPCG:  Solving for p, Initial residual = 0.000499497, Final residual = 4.60508e-07, No Iterations 194
time step continuity errors : sum local = 4.14259e-07, global = -7.2498e-10, cumulative = 1.66126e-05
smoothSolver:  Solving for epsilon, Initial residual = 7.99929e-05, Final residual = 8.34107e-07, No Iterations 3
smoothSolver:  Solving for k, Initial residual = 0.000292106, Final residual = 4.65026e-07, No Iterations 5
ExecutionTime = 64.87 s  ClockTime = 65 s

Time = 197

smoothSolver:  Solving for Ux, Initial residual = 0.00048575, Final residual = 3.3168e-07, No Iterations 6
smoothSolver:  Solving for Uy, Initial residual = 0.000702367, Final residual = 4.96642e-07, No Iterations 6
smoothSolver:  Solving for Uz, Initial residual = 0.000172697, Final residual = 3.85193e-07, No Iterations 5
DICPCG:  Solving for p, Initial residual = 0.00529735, Final residual = 5.14028e-06, No Iterations 143
DICPCG:  Solving for p, Initial residual = 0.00048816, Final residual = 4.79147e-07, No Iterations 195
time step continuity errors : sum local = 4.30721e-07, global = 2.00216e-08, cumulative = 1.66326e-05
smoothSolver:  Solving for epsilon, Initial residual = 7.77076e-05, Final residual = 8.08267e-07, No Iterations 3
smoothSolver:  Solving for k, Initial residual = 0.000286037, Final residual = 4.55478e-07, No Iterations 5
ExecutionTime = 65.13 s  ClockTime = 65 s

Time = 198

smoothSolver:  Solving for Ux, Initial residual = 0.000481094, Final residual = 3.27174e-07, No Iterations 6
smoothSolver:  Solving for Uy, Initial residual = 0.000685615, Final residual = 4.79459e-07, No Iterations 6
smoothSolver:  Solving for Uz, Initial residual = 0.000169607, Final residual = 3.75693e-07, No Iterations 5
DICPCG:  Solving for p, Initial residual = 0.00518461, Final residual = 5.06812e-06, No Iterations 143
DICPCG:  Solving for p, Initial residual = 0.000476628, Final residual = 4.31768e-07, No Iterations 254
time step continuity errors : sum local = 3.87867e-07, global = 2.4878e-08, cumulative = 1.66575e-05
smoothSolver:  Solving for epsilon, Initial residual = 7.54251e-05, Final residual = 7.83136e-07, No Iterations 3
smoothSolver:  Solving for k, Initial residual = 0.000280155, Final residual = 4.4689e-07, No Iterations 5
ExecutionTime = 65.38 s  ClockTime = 66 s

Time = 199

smoothSolver:  Solving for Ux, Initial residual = 0.000476764, Final residual = 3.22179e-07, No Iterations 6
smoothSolver:  Solving for Uy, Initial residual = 0.00066888, Final residual = 4.62669e-07, No Iterations 6
smoothSolver:  Solving for Uz, Initial residual = 0.000166592, Final residual = 3.66413e-07, No Iterations 5
DICPCG:  Solving for p, Initial residual = 0.0050727, Final residual = 4.97344e-06, No Iterations 145
DICPCG:  Solving for p, Initial residual = 0.000465009, Final residual = 4.41863e-07, No Iterations 254
time step continuity errors : sum local = 3.96681e-07, global = 1.80657e-08, cumulative = 1.66756e-05
smoothSolver:  Solving for epsilon, Initial residual = 7.31371e-05, Final residual = 7.58435e-07, No Iterations 3
smoothSolver:  Solving for k, Initial residual = 0.000274454, Final residual = 4.39446e-07, No Iterations 5
ExecutionTime = 65.67 s  ClockTime = 66 s

Time = 200

smoothSolver:  Solving for Ux, Initial residual = 0.000472827, Final residual = 3.16714e-07, No Iterations 6
smoothSolver:  Solving for Uy, Initial residual = 0.000652113, Final residual = 4.46408e-07, No Iterations 6
smoothSolver:  Solving for Uz, Initial residual = 0.000163631, Final residual = 3.5729e-07, No Iterations 5
DICPCG:  Solving for p, Initial residual = 0.00496137, Final residual = 4.83236e-06, No Iterations 147
DICPCG:  Solving for p, Initial residual = 0.000453421, Final residual = 4.47662e-07, No Iterations 262
time step continuity errors : sum local = 4.01642e-07, global = -1.6551e-09, cumulative = 1.66739e-05
smoothSolver:  Solving for epsilon, Initial residual = 7.08509e-05, Final residual = 7.34582e-07, No Iterations 3
smoothSolver:  Solving for k, Initial residual = 0.000269011, Final residual = 4.32685e-07, No Iterations 5
ExecutionTime = 66.03 s  ClockTime = 66 s

Time = 201

smoothSolver:  Solving for Ux, Initial residual = 0.000469115, Final residual = 3.10843e-07, No Iterations 6
smoothSolver:  Solving for Uy, Initial residual = 0.000635297, Final residual = 4.30355e-07, No Iterations 6
smoothSolver:  Solving for Uz, Initial residual = 0.000160712, Final residual = 3.48267e-07, No Iterations 5
DICPCG:  Solving for p, Initial residual = 0.00484954, Final residual = 4.57402e-06, No Iterations 148
DICPCG:  Solving for p, Initial residual = 0.000442058, Final residual = 4.33374e-07, No Iterations 275
time step continuity errors : sum local = 3.886e-07, global = 5.56137e-10, cumulative = 1.66745e-05
smoothSolver:  Solving for epsilon, Initial residual = 6.85717e-05, Final residual = 7.11448e-07, No Iterations 3
smoothSolver:  Solving for k, Initial residual = 0.000263828, Final residual = 4.26377e-07, No Iterations 5
ExecutionTime = 66.32 s  ClockTime = 67 s

Time = 202

smoothSolver:  Solving for Ux, Initial residual = 0.000465566, Final residual = 3.04575e-07, No Iterations 6
smoothSolver:  Solving for Uy, Initial residual = 0.000618477, Final residual = 4.1462e-07, No Iterations 6
smoothSolver:  Solving for Uz, Initial residual = 0.000157789, Final residual = 3.39235e-07, No Iterations 5
DICPCG:  Solving for p, Initial residual = 0.00473675, Final residual = 4.48374e-06, No Iterations 149
DICPCG:  Solving for p, Initial residual = 0.000430641, Final residual = 4.2422e-07, No Iterations 256
time step continuity errors : sum local = 3.80187e-07, global = -1.3461e-08, cumulative = 1.6661e-05
smoothSolver:  Solving for epsilon, Initial residual = 6.63276e-05, Final residual = 6.89177e-07, No Iterations 3
smoothSolver:  Solving for k, Initial residual = 0.000258861, Final residual = 4.20515e-07, No Iterations 5
ExecutionTime = 66.64 s  ClockTime = 67 s

Time = 203

smoothSolver:  Solving for Ux, Initial residual = 0.000462009, Final residual = 2.97902e-07, No Iterations 6
smoothSolver:  Solving for Uy, Initial residual = 0.000601738, Final residual = 3.9945e-07, No Iterations 6
smoothSolver:  Solving for Uz, Initial residual = 0.000154813, Final residual = 3.30187e-07, No Iterations 5
DICPCG:  Solving for p, Initial residual = 0.0046221, Final residual = 4.59685e-06, No Iterations 151
DICPCG:  Solving for p, Initial residual = 0.000419277, Final residual = 3.83383e-07, No Iterations 279
time step continuity errors : sum local = 3.43415e-07, global = 1.08107e-08, cumulative = 1.66718e-05
smoothSolver:  Solving for epsilon, Initial residual = 6.41421e-05, Final residual = 6.67772e-07, No Iterations 3
smoothSolver:  Solving for k, Initial residual = 0.000254112, Final residual = 4.14892e-07, No Iterations 5
ExecutionTime = 66.92 s  ClockTime = 67 s

Time = 204

smoothSolver:  Solving for Ux, Initial residual = 0.000458151, Final residual = 9.85765e-07, No Iterations 5
smoothSolver:  Solving for Uy, Initial residual = 0.000585036, Final residual = 3.84419e-07, No Iterations 6
smoothSolver:  Solving for Uz, Initial residual = 0.00015178, Final residual = 3.20959e-07, No Iterations 5
DICPCG:  Solving for p, Initial residual = 0.00450523, Final residual = 4.46424e-06, No Iterations 155
DICPCG:  Solving for p, Initial residual = 0.000407732, Final residual = 3.79016e-07, No Iterations 303
time step continuity errors : sum local = 3.39344e-07, global = 3.70254e-09, cumulative = 1.66755e-05
smoothSolver:  Solving for epsilon, Initial residual = 6.20351e-05, Final residual = 6.47184e-07, No Iterations 3
smoothSolver:  Solving for k, Initial residual = 0.000249611, Final residual = 4.09395e-07, No Iterations 5
ExecutionTime = 67.23 s  ClockTime = 68 s

Time = 205

smoothSolver:  Solving for Ux, Initial residual = 0.000453702, Final residual = 9.62846e-07, No Iterations 5
smoothSolver:  Solving for Uy, Initial residual = 0.000568389, Final residual = 3.69656e-07, No Iterations 6
smoothSolver:  Solving for Uz, Initial residual = 0.0001487, Final residual = 3.11748e-07, No Iterations 5
DICPCG:  Solving for p, Initial residual = 0.00438674, Final residual = 4.35315e-06, No Iterations 157
DICPCG:  Solving for p, Initial residual = 0.000396177, Final residual = 3.70153e-07, No Iterations 303
time step continuity errors : sum local = 3.31265e-07, global = 4.56501e-09, cumulative = 1.66801e-05
smoothSolver:  Solving for epsilon, Initial residual = 6.00101e-05, Final residual = 6.27802e-07, No Iterations 3
smoothSolver:  Solving for k, Initial residual = 0.000245329, Final residual = 4.03879e-07, No Iterations 5
ExecutionTime = 67.57 s  ClockTime = 68 s

Time = 206

smoothSolver:  Solving for Ux, Initial residual = 0.00044852, Final residual = 9.38655e-07, No Iterations 5
smoothSolver:  Solving for Uy, Initial residual = 0.00055175, Final residual = 3.55349e-07, No Iterations 6
smoothSolver:  Solving for Uz, Initial residual = 0.000145553, Final residual = 3.02326e-07, No Iterations 5
DICPCG:  Solving for p, Initial residual = 0.00426707, Final residual = 4.21108e-06, No Iterations 232
DICPCG:  Solving for p, Initial residual = 0.000385304, Final residual = 3.46578e-07, No Iterations 279
time step continuity errors : sum local = 3.10072e-07, global = 3.88419e-10, cumulative = 1.66805e-05
smoothSolver:  Solving for epsilon, Initial residual = 5.807e-05, Final residual = 6.09532e-07, No Iterations 3
smoothSolver:  Solving for k, Initial residual = 0.000241265, Final residual = 3.9836e-07, No Iterations 5
ExecutionTime = 67.91 s  ClockTime = 68 s

Time = 207

smoothSolver:  Solving for Ux, Initial residual = 0.000442597, Final residual = 9.13466e-07, No Iterations 5
smoothSolver:  Solving for Uy, Initial residual = 0.000535266, Final residual = 3.41222e-07, No Iterations 6
smoothSolver:  Solving for Uz, Initial residual = 0.000142338, Final residual = 9.94548e-07, No Iterations 4
DICPCG:  Solving for p, Initial residual = 0.00414387, Final residual = 4.10368e-06, No Iterations 204
DICPCG:  Solving for p, Initial residual = 0.000373936, Final residual = 3.53189e-07, No Iterations 229
time step continuity errors : sum local = 3.15854e-07, global = -3.93245e-08, cumulative = 1.66411e-05
smoothSolver:  Solving for epsilon, Initial residual = 5.62299e-05, Final residual = 5.92292e-07, No Iterations 3
smoothSolver:  Solving for k, Initial residual = 0.000237289, Final residual = 3.92696e-07, No Iterations 5
ExecutionTime = 68.2 s  ClockTime = 68 s

Time = 208

smoothSolver:  Solving for Ux, Initial residual = 0.000435904, Final residual = 8.86915e-07, No Iterations 5
smoothSolver:  Solving for Uy, Initial residual = 0.000518689, Final residual = 3.27225e-07, No Iterations 6
smoothSolver:  Solving for Uz, Initial residual = 0.000139123, Final residual = 9.64223e-07, No Iterations 4
DICPCG:  Solving for p, Initial residual = 0.00402072, Final residual = 4.01253e-06, No Iterations 200
DICPCG:  Solving for p, Initial residual = 0.000362275, Final residual = 3.61216e-07, No Iterations 282
time step continuity errors : sum local = 3.2292e-07, global = -1.93044e-08, cumulative = 1.66218e-05
smoothSolver:  Solving for epsilon, Initial residual = 5.44709e-05, Final residual = 5.75952e-07, No Iterations 3
smoothSolver:  Solving for k, Initial residual = 0.000233334, Final residual = 3.86752e-07, No Iterations 5
ExecutionTime = 68.51 s  ClockTime = 69 s

Time = 209

smoothSolver:  Solving for Ux, Initial residual = 0.00042851, Final residual = 8.59162e-07, No Iterations 5
smoothSolver:  Solving for Uy, Initial residual = 0.000502275, Final residual = 3.13629e-07, No Iterations 6
smoothSolver:  Solving for Uz, Initial residual = 0.000135828, Final residual = 9.33895e-07, No Iterations 4
DICPCG:  Solving for p, Initial residual = 0.00389833, Final residual = 3.85044e-06, No Iterations 193
DICPCG:  Solving for p, Initial residual = 0.00035098, Final residual = 3.40668e-07, No Iterations 273
time step continuity errors : sum local = 3.0445e-07, global = -2.04637e-08, cumulative = 1.66014e-05
smoothSolver:  Solving for epsilon, Initial residual = 5.27919e-05, Final residual = 5.60457e-07, No Iterations 3
smoothSolver:  Solving for k, Initial residual = 0.00022939, Final residual = 3.80572e-07, No Iterations 5
ExecutionTime = 68.82 s  ClockTime = 69 s

Time = 210

smoothSolver:  Solving for Ux, Initial residual = 0.000420382, Final residual = 8.30149e-07, No Iterations 5
smoothSolver:  Solving for Uy, Initial residual = 0.000485998, Final residual = 3.00451e-07, No Iterations 6
smoothSolver:  Solving for Uz, Initial residual = 0.000132416, Final residual = 9.0288e-07, No Iterations 4
DICPCG:  Solving for p, Initial residual = 0.00377728, Final residual = 3.61431e-06, No Iterations 192
DICPCG:  Solving for p, Initial residual = 0.000339478, Final residual = 3.27212e-07, No Iterations 280
time step continuity errors : sum local = 2.92337e-07, global = -1.29056e-08, cumulative = 1.65885e-05
smoothSolver:  Solving for epsilon, Initial residual = 5.11821e-05, Final residual = 5.45937e-07, No Iterations 3
smoothSolver:  Solving for k, Initial residual = 0.000225421, Final residual = 3.73983e-07, No Iterations 5
ExecutionTime = 69.12 s  ClockTime = 69 s

Time = 211

smoothSolver:  Solving for Ux, Initial residual = 0.000411611, Final residual = 8.00783e-07, No Iterations 5
smoothSolver:  Solving for Uy, Initial residual = 0.000469797, Final residual = 9.65865e-07, No Iterations 5
smoothSolver:  Solving for Uz, Initial residual = 0.000128863, Final residual = 8.71585e-07, No Iterations 4
DICPCG:  Solving for p, Initial residual = 0.00365823, Final residual = 3.65778e-06, No Iterations 172
DICPCG:  Solving for p, Initial residual = 0.000327875, Final residual = 3.24934e-07, No Iterations 256
time step continuity errors : sum local = 2.90217e-07, global = -1.73133e-08, cumulative = 1.65712e-05
smoothSolver:  Solving for epsilon, Initial residual = 4.9642e-05, Final residual = 5.32237e-07, No Iterations 3
smoothSolver:  Solving for k, Initial residual = 0.000221362, Final residual = 3.6711e-07, No Iterations 5
ExecutionTime = 69.41 s  ClockTime = 70 s

Time = 212

smoothSolver:  Solving for Ux, Initial residual = 0.000402233, Final residual = 7.70822e-07, No Iterations 5
smoothSolver:  Solving for Uy, Initial residual = 0.000453864, Final residual = 9.25198e-07, No Iterations 5
smoothSolver:  Solving for Uz, Initial residual = 0.000125179, Final residual = 8.39942e-07, No Iterations 4
DICPCG:  Solving for p, Initial residual = 0.00354178, Final residual = 3.48075e-06, No Iterations 170
DICPCG:  Solving for p, Initial residual = 0.000316698, Final residual = 3.0893e-07, No Iterations 288
time step continuity errors : sum local = 2.75852e-07, global = -9.74037e-09, cumulative = 1.65614e-05
smoothSolver:  Solving for epsilon, Initial residual = 4.81825e-05, Final residual = 5.19214e-07, No Iterations 3
smoothSolver:  Solving for k, Initial residual = 0.000217203, Final residual = 3.59866e-07, No Iterations 5
ExecutionTime = 69.71 s  ClockTime = 70 s

Time = 213

smoothSolver:  Solving for Ux, Initial residual = 0.000392324, Final residual = 7.4075e-07, No Iterations 5
smoothSolver:  Solving for Uy, Initial residual = 0.000438141, Final residual = 8.85487e-07, No Iterations 5
smoothSolver:  Solving for Uz, Initial residual = 0.000121368, Final residual = 8.07755e-07, No Iterations 4
DICPCG:  Solving for p, Initial residual = 0.00342786, Final residual = 3.34115e-06, No Iterations 169
DICPCG:  Solving for p, Initial residual = 0.000305627, Final residual = 3.01051e-07, No Iterations 284
time step continuity errors : sum local = 2.68752e-07, global = -6.80215e-10, cumulative = 1.65607e-05
smoothSolver:  Solving for epsilon, Initial residual = 4.68113e-05, Final residual = 5.0696e-07, No Iterations 3
smoothSolver:  Solving for k, Initial residual = 0.000212941, Final residual = 3.52201e-07, No Iterations 5
ExecutionTime = 70.02 s  ClockTime = 70 s

Time = 214

smoothSolver:  Solving for Ux, Initial residual = 0.000381973, Final residual = 7.10231e-07, No Iterations 5
smoothSolver:  Solving for Uy, Initial residual = 0.000422627, Final residual = 8.47119e-07, No Iterations 5
smoothSolver:  Solving for Uz, Initial residual = 0.000117471, Final residual = 7.75662e-07, No Iterations 4
DICPCG:  Solving for p, Initial residual = 0.00331542, Final residual = 3.20743e-06, No Iterations 169
DICPCG:  Solving for p, Initial residual = 0.000294774, Final residual = 2.90431e-07, No Iterations 282
time step continuity errors : sum local = 2.59215e-07, global = 3.85254e-09, cumulative = 1.65646e-05
smoothSolver:  Solving for epsilon, Initial residual = 4.55365e-05, Final residual = 4.95455e-07, No Iterations 3
smoothSolver:  Solving for k, Initial residual = 0.000208584, Final residual = 3.44154e-07, No Iterations 5
ExecutionTime = 70.4 s  ClockTime = 71 s

Time = 215

smoothSolver:  Solving for Ux, Initial residual = 0.000371181, Final residual = 6.79996e-07, No Iterations 5
smoothSolver:  Solving for Uy, Initial residual = 0.000407341, Final residual = 8.10243e-07, No Iterations 5
smoothSolver:  Solving for Uz, Initial residual = 0.000113522, Final residual = 7.43467e-07, No Iterations 4
DICPCG:  Solving for p, Initial residual = 0.00320405, Final residual = 3.19221e-06, No Iterations 170
DICPCG:  Solving for p, Initial residual = 0.000284085, Final residual = 2.69439e-07, No Iterations 289
time step continuity errors : sum local = 2.40431e-07, global = -9.5857e-09, cumulative = 1.6555e-05
smoothSolver:  Solving for epsilon, Initial residual = 4.43516e-05, Final residual = 4.84623e-07, No Iterations 3
smoothSolver:  Solving for k, Initial residual = 0.000204149, Final residual = 3.35796e-07, No Iterations 5
ExecutionTime = 70.73 s  ClockTime = 71 s

Time = 216

smoothSolver:  Solving for Ux, Initial residual = 0.000359977, Final residual = 6.50036e-07, No Iterations 5
smoothSolver:  Solving for Uy, Initial residual = 0.00039228, Final residual = 7.74495e-07, No Iterations 5
smoothSolver:  Solving for Uz, Initial residual = 0.000109568, Final residual = 7.11744e-07, No Iterations 4
DICPCG:  Solving for p, Initial residual = 0.00309427, Final residual = 3.01488e-06, No Iterations 252
DICPCG:  Solving for p, Initial residual = 0.00027382, Final residual = 2.66706e-07, No Iterations 316
time step continuity errors : sum local = 2.37965e-07, global = -1.00279e-08, cumulative = 1.6545e-05
smoothSolver:  Solving for epsilon, Initial residual = 4.32418e-05, Final residual = 4.74118e-07, No Iterations 3
smoothSolver:  Solving for k, Initial residual = 0.000199648, Final residual = 3.27084e-07, No Iterations 5
ExecutionTime = 71.09 s  ClockTime = 71 s

Time = 217

smoothSolver:  Solving for Ux, Initial residual = 0.00034845, Final residual = 6.20488e-07, No Iterations 5
smoothSolver:  Solving for Uy, Initial residual = 0.000377485, Final residual = 7.40388e-07, No Iterations 5
smoothSolver:  Solving for Uz, Initial residual = 0.000105617, Final residual = 6.80404e-07, No Iterations 4
DICPCG:  Solving for p, Initial residual = 0.00298537, Final residual = 2.93858e-06, No Iterations 249
DICPCG:  Solving for p, Initial residual = 0.000263539, Final residual = 2.39957e-07, No Iterations 328
time step continuity errors : sum local = 2.14061e-07, global = 2.29875e-10, cumulative = 1.65452e-05
smoothSolver:  Solving for epsilon, Initial residual = 4.22037e-05, Final residual = 4.639e-07, No Iterations 3
smoothSolver:  Solving for k, Initial residual = 0.000195123, Final residual = 3.18085e-07, No Iterations 5
ExecutionTime = 71.46 s  ClockTime = 72 s

Time = 218

smoothSolver:  Solving for Ux, Initial residual = 0.000336632, Final residual = 5.91271e-07, No Iterations 5
smoothSolver:  Solving for Uy, Initial residual = 0.000362984, Final residual = 7.07808e-07, No Iterations 5
smoothSolver:  Solving for Uz, Initial residual = 0.000101672, Final residual = 6.4938e-07, No Iterations 4
DICPCG:  Solving for p, Initial residual = 0.00287721, Final residual = 2.70461e-06, No Iterations 305
DICPCG:  Solving for p, Initial residual = 0.000252478, Final residual = 2.47563e-07, No Iterations 108
time step continuity errors : sum local = 2.20831e-07, global = -2.94255e-08, cumulative = 1.65158e-05
smoothSolver:  Solving for epsilon, Initial residual = 4.12321e-05, Final residual = 4.53987e-07, No Iterations 3
smoothSolver:  Solving for k, Initial residual = 0.00019056, Final residual = 3.08863e-07, No Iterations 5
ExecutionTime = 71.73 s  ClockTime = 72 s

Time = 219

smoothSolver:  Solving for Ux, Initial residual = 0.000324549, Final residual = 5.62512e-07, No Iterations 5
smoothSolver:  Solving for Uy, Initial residual = 0.000348778, Final residual = 6.76526e-07, No Iterations 5
smoothSolver:  Solving for Uz, Initial residual = 9.77395e-05, Final residual = 6.18751e-07, No Iterations 4
DICPCG:  Solving for p, Initial residual = 0.00277026, Final residual = 2.7549e-06, No Iterations 217
DICPCG:  Solving for p, Initial residual = 0.000243399, Final residual = 2.37249e-07, No Iterations 288
time step continuity errors : sum local = 2.1158e-07, global = -3.66521e-09, cumulative = 1.65121e-05
smoothSolver:  Solving for epsilon, Initial residual = 4.0297e-05, Final residual = 4.44294e-07, No Iterations 3
smoothSolver:  Solving for k, Initial residual = 0.000185936, Final residual = 2.99456e-07, No Iterations 5
ExecutionTime = 72.07 s  ClockTime = 72 s

Time = 220

smoothSolver:  Solving for Ux, Initial residual = 0.000312299, Final residual = 5.34505e-07, No Iterations 5
smoothSolver:  Solving for Uy, Initial residual = 0.000334758, Final residual = 6.46324e-07, No Iterations 5
smoothSolver:  Solving for Uz, Initial residual = 9.37878e-05, Final residual = 5.88818e-07, No Iterations 4
DICPCG:  Solving for p, Initial residual = 0.00266467, Final residual = 2.6191e-06, No Iterations 217
DICPCG:  Solving for p, Initial residual = 0.000233545, Final residual = 2.28532e-07, No Iterations 325
time step continuity errors : sum local = 2.03783e-07, global = 1.93891e-09, cumulative = 1.65141e-05
smoothSolver:  Solving for epsilon, Initial residual = 3.93897e-05, Final residual = 4.34843e-07, No Iterations 3
smoothSolver:  Solving for k, Initial residual = 0.000181271, Final residual = 2.89955e-07, No Iterations 5
ExecutionTime = 72.4 s  ClockTime = 73 s

Time = 221

smoothSolver:  Solving for Ux, Initial residual = 0.000299947, Final residual = 5.07286e-07, No Iterations 5
smoothSolver:  Solving for Uy, Initial residual = 0.00032102, Final residual = 6.17433e-07, No Iterations 5
smoothSolver:  Solving for Uz, Initial residual = 8.98751e-05, Final residual = 5.59593e-07, No Iterations 4
DICPCG:  Solving for p, Initial residual = 0.00256141, Final residual = 2.552e-06, No Iterations 222
DICPCG:  Solving for p, Initial residual = 0.000223787, Final residual = 2.10218e-07, No Iterations 311
time step continuity errors : sum local = 1.87434e-07, global = 6.24487e-09, cumulative = 1.65203e-05
smoothSolver:  Solving for epsilon, Initial residual = 3.85112e-05, Final residual = 4.25584e-07, No Iterations 3
smoothSolver:  Solving for k, Initial residual = 0.000176572, Final residual = 9.71271e-07, No Iterations 4
ExecutionTime = 72.75 s  ClockTime = 73 s

Time = 222

smoothSolver:  Solving for Ux, Initial residual = 0.0002875, Final residual = 4.80813e-07, No Iterations 5
smoothSolver:  Solving for Uy, Initial residual = 0.000307509, Final residual = 5.89934e-07, No Iterations 5
smoothSolver:  Solving for Uz, Initial residual = 8.60235e-05, Final residual = 5.31038e-07, No Iterations 4
DICPCG:  Solving for p, Initial residual = 0.00245973, Final residual = 2.45425e-06, No Iterations 294
DICPCG:  Solving for p, Initial residual = 0.000213493, Final residual = 2.12976e-07, No Iterations 242
time step continuity errors : sum local = 1.89898e-07, global = -7.35331e-09, cumulative = 1.65129e-05
smoothSolver:  Solving for epsilon, Initial residual = 3.76202e-05, Final residual = 4.15965e-07, No Iterations 3
smoothSolver:  Solving for k, Initial residual = 0.000171841, Final residual = 9.40574e-07, No Iterations 4
ExecutionTime = 73.1 s  ClockTime = 73 s

Time = 223

smoothSolver:  Solving for Ux, Initial residual = 0.000275037, Final residual = 4.55265e-07, No Iterations 5
smoothSolver:  Solving for Uy, Initial residual = 0.000294264, Final residual = 5.63565e-07, No Iterations 5
smoothSolver:  Solving for Uz, Initial residual = 8.22358e-05, Final residual = 5.0331e-07, No Iterations 4
DICPCG:  Solving for p, Initial residual = 0.00235984, Final residual = 2.23293e-06, No Iterations 298
DICPCG:  Solving for p, Initial residual = 0.000204108, Final residual = 2.03241e-07, No Iterations 242
time step continuity errors : sum local = 1.81208e-07, global = 2.39282e-09, cumulative = 1.65153e-05
smoothSolver:  Solving for epsilon, Initial residual = 3.67563e-05, Final residual = 4.06614e-07, No Iterations 3
smoothSolver:  Solving for k, Initial residual = 0.000167095, Final residual = 9.10198e-07, No Iterations 4
ExecutionTime = 73.43 s  ClockTime = 74 s

Time = 224

smoothSolver:  Solving for Ux, Initial residual = 0.000262631, Final residual = 4.30616e-07, No Iterations 5
smoothSolver:  Solving for Uy, Initial residual = 0.000281339, Final residual = 5.38213e-07, No Iterations 5
smoothSolver:  Solving for Uz, Initial residual = 7.84933e-05, Final residual = 4.76494e-07, No Iterations 4
DICPCG:  Solving for p, Initial residual = 0.00226192, Final residual = 2.23945e-06, No Iterations 299
DICPCG:  Solving for p, Initial residual = 0.00019485, Final residual = 1.8287e-07, No Iterations 244
time step continuity errors : sum local = 1.6304e-07, global = 3.00617e-09, cumulative = 1.65183e-05
smoothSolver:  Solving for epsilon, Initial residual = 3.59161e-05, Final residual = 3.97438e-07, No Iterations 3
smoothSolver:  Solving for k, Initial residual = 0.000162351, Final residual = 8.80273e-07, No Iterations 4
ExecutionTime = 73.79 s  ClockTime = 75 s

Time = 225

smoothSolver:  Solving for Ux, Initial residual = 0.000250337, Final residual = 4.07159e-07, No Iterations 5
smoothSolver:  Solving for Uy, Initial residual = 0.000268741, Final residual = 5.13924e-07, No Iterations 5
smoothSolver:  Solving for Uz, Initial residual = 7.48088e-05, Final residual = 4.50651e-07, No Iterations 4
DICPCG:  Solving for p, Initial residual = 0.00216566, Final residual = 2.13095e-06, No Iterations 300
DICPCG:  Solving for p, Initial residual = 0.000185891, Final residual = 1.85434e-07, No Iterations 245
time step continuity errors : sum local = 1.65324e-07, global = 3.96886e-09, cumulative = 1.65223e-05
smoothSolver:  Solving for epsilon, Initial residual = 3.50926e-05, Final residual = 3.88411e-07, No Iterations 3
smoothSolver:  Solving for k, Initial residual = 0.000157597, Final residual = 8.50837e-07, No Iterations 4
ExecutionTime = 74.14 s  ClockTime = 75 s

Time = 226

smoothSolver:  Solving for Ux, Initial residual = 0.000238235, Final residual = 3.84859e-07, No Iterations 5
smoothSolver:  Solving for Uy, Initial residual = 0.00025655, Final residual = 4.9099e-07, No Iterations 5
smoothSolver:  Solving for Uz, Initial residual = 7.11965e-05, Final residual = 4.25874e-07, No Iterations 4
DICPCG:  Solving for p, Initial residual = 0.00207148, Final residual = 2.01936e-06, No Iterations 300
DICPCG:  Solving for p, Initial residual = 0.000177315, Final residual = 1.75909e-07, No Iterations 250
time step continuity errors : sum local = 1.56834e-07, global = 3.61539e-09, cumulative = 1.65259e-05
smoothSolver:  Solving for epsilon, Initial residual = 3.4282e-05, Final residual = 3.79516e-07, No Iterations 3
smoothSolver:  Solving for k, Initial residual = 0.00015284, Final residual = 8.21985e-07, No Iterations 4
ExecutionTime = 74.5 s  ClockTime = 75 s

Time = 227

smoothSolver:  Solving for Ux, Initial residual = 0.000226329, Final residual = 3.63733e-07, No Iterations 5
smoothSolver:  Solving for Uy, Initial residual = 0.000244757, Final residual = 4.68897e-07, No Iterations 5
smoothSolver:  Solving for Uz, Initial residual = 6.76814e-05, Final residual = 4.02284e-07, No Iterations 4
DICPCG:  Solving for p, Initial residual = 0.0019798, Final residual = 1.95064e-06, No Iterations 299
DICPCG:  Solving for p, Initial residual = 0.000169012, Final residual = 1.6845e-07, No Iterations 252
time step continuity errors : sum local = 1.50188e-07, global = -5.89894e-10, cumulative = 1.65253e-05
smoothSolver:  Solving for epsilon, Initial residual = 3.34851e-05, Final residual = 3.70749e-07, No Iterations 3
smoothSolver:  Solving for k, Initial residual = 0.000148101, Final residual = 7.93747e-07, No Iterations 4
ExecutionTime = 74.89 s  ClockTime = 76 s

Time = 228

smoothSolver:  Solving for Ux, Initial residual = 0.000214646, Final residual = 3.44003e-07, No Iterations 5
smoothSolver:  Solving for Uy, Initial residual = 0.000233417, Final residual = 4.47914e-07, No Iterations 5
smoothSolver:  Solving for Uz, Initial residual = 6.42715e-05, Final residual = 3.79914e-07, No Iterations 4
DICPCG:  Solving for p, Initial residual = 0.00189044, Final residual = 1.88369e-06, No Iterations 298
DICPCG:  Solving for p, Initial residual = 0.00016103, Final residual = 1.52528e-07, No Iterations 254
time step continuity errors : sum local = 1.35998e-07, global = -2.66086e-09, cumulative = 1.65227e-05
smoothSolver:  Solving for epsilon, Initial residual = 3.27016e-05, Final residual = 3.62098e-07, No Iterations 3
smoothSolver:  Solving for k, Initial residual = 0.000143388, Final residual = 7.66119e-07, No Iterations 4
ExecutionTime = 75.25 s  ClockTime = 76 s

Time = 229

smoothSolver:  Solving for Ux, Initial residual = 0.000203261, Final residual = 3.25483e-07, No Iterations 5
smoothSolver:  Solving for Uy, Initial residual = 0.000222535, Final residual = 4.27818e-07, No Iterations 5
smoothSolver:  Solving for Uz, Initial residual = 6.09829e-05, Final residual = 3.58684e-07, No Iterations 4
DICPCG:  Solving for p, Initial residual = 0.00180327, Final residual = 1.80199e-06, No Iterations 319
DICPCG:  Solving for p, Initial residual = 0.000153079, Final residual = 1.51748e-07, No Iterations 257
time step continuity errors : sum local = 1.35313e-07, global = 9.30515e-09, cumulative = 1.6532e-05
smoothSolver:  Solving for epsilon, Initial residual = 3.19318e-05, Final residual = 3.53602e-07, No Iterations 3
smoothSolver:  Solving for k, Initial residual = 0.000138706, Final residual = 7.39307e-07, No Iterations 4
ExecutionTime = 75.6 s  ClockTime = 76 s

Time = 230

smoothSolver:  Solving for Ux, Initial residual = 0.00019228, Final residual = 3.08278e-07, No Iterations 5
smoothSolver:  Solving for Uy, Initial residual = 0.000212136, Final residual = 4.08919e-07, No Iterations 5
smoothSolver:  Solving for Uz, Initial residual = 5.78072e-05, Final residual = 3.38685e-07, No Iterations 4
DICPCG:  Solving for p, Initial residual = 0.0017186, Final residual = 1.71802e-06, No Iterations 320
DICPCG:  Solving for p, Initial residual = 0.000145656, Final residual = 1.44577e-07, No Iterations 264
time step continuity errors : sum local = 1.28928e-07, global = 7.6947e-09, cumulative = 1.65397e-05
smoothSolver:  Solving for epsilon, Initial residual = 3.1178e-05, Final residual = 3.45241e-07, No Iterations 3
smoothSolver:  Solving for k, Initial residual = 0.000134056, Final residual = 7.13243e-07, No Iterations 4
ExecutionTime = 75.99 s  ClockTime = 77 s

Time = 231

smoothSolver:  Solving for Ux, Initial residual = 0.000181757, Final residual = 2.9231e-07, No Iterations 5
smoothSolver:  Solving for Uy, Initial residual = 0.000202239, Final residual = 3.90835e-07, No Iterations 5
smoothSolver:  Solving for Uz, Initial residual = 5.47433e-05, Final residual = 3.19797e-07, No Iterations 4
DICPCG:  Solving for p, Initial residual = 0.00163664, Final residual = 1.52607e-06, No Iterations 343
DICPCG:  Solving for p, Initial residual = 0.000138114, Final residual = 1.3597e-07, No Iterations 133
time step continuity errors : sum local = 1.21264e-07, global = -1.32041e-08, cumulative = 1.65265e-05
smoothSolver:  Solving for epsilon, Initial residual = 3.04407e-05, Final residual = 3.37084e-07, No Iterations 3
smoothSolver:  Solving for k, Initial residual = 0.000129457, Final residual = 6.87947e-07, No Iterations 4
ExecutionTime = 76.3 s  ClockTime = 77 s

Time = 232

smoothSolver:  Solving for Ux, Initial residual = 0.00017165, Final residual = 9.81899e-07, No Iterations 4
smoothSolver:  Solving for Uy, Initial residual = 0.000192783, Final residual = 3.73705e-07, No Iterations 5
smoothSolver:  Solving for Uz, Initial residual = 5.17913e-05, Final residual = 3.02012e-07, No Iterations 4
DICPCG:  Solving for p, Initial residual = 0.00155723, Final residual = 1.49295e-06, No Iterations 343
DICPCG:  Solving for p, Initial residual = 0.000131191, Final residual = 1.29277e-07, No Iterations 137
time step continuity errors : sum local = 1.15306e-07, global = -1.18028e-08, cumulative = 1.65147e-05
smoothSolver:  Solving for epsilon, Initial residual = 2.97135e-05, Final residual = 3.29076e-07, No Iterations 3
smoothSolver:  Solving for k, Initial residual = 0.000124901, Final residual = 6.63509e-07, No Iterations 4
ExecutionTime = 76.61 s  ClockTime = 77 s

Time = 233

smoothSolver:  Solving for Ux, Initial residual = 0.000162021, Final residual = 9.31503e-07, No Iterations 4
smoothSolver:  Solving for Uy, Initial residual = 0.000183745, Final residual = 3.57432e-07, No Iterations 5
smoothSolver:  Solving for Uz, Initial residual = 4.89486e-05, Final residual = 9.98356e-07, No Iterations 3
DICPCG:  Solving for p, Initial residual = 0.00147946, Final residual = 1.32911e-06, No Iterations 332
DICPCG:  Solving for p, Initial residual = 0.000124509, Final residual = 1.24318e-07, No Iterations 133
time step continuity errors : sum local = 1.10894e-07, global = -1.24533e-08, cumulative = 1.65022e-05
smoothSolver:  Solving for epsilon, Initial residual = 2.89938e-05, Final residual = 3.21221e-07, No Iterations 3
smoothSolver:  Solving for k, Initial residual = 0.000120411, Final residual = 6.39736e-07, No Iterations 4
ExecutionTime = 76.89 s  ClockTime = 78 s

Time = 234

smoothSolver:  Solving for Ux, Initial residual = 0.000152867, Final residual = 8.84721e-07, No Iterations 4
smoothSolver:  Solving for Uy, Initial residual = 0.000175026, Final residual = 3.41898e-07, No Iterations 5
smoothSolver:  Solving for Uz, Initial residual = 4.63278e-05, Final residual = 9.45691e-07, No Iterations 3
DICPCG:  Solving for p, Initial residual = 0.00140496, Final residual = 1.37257e-06, No Iterations 345
DICPCG:  Solving for p, Initial residual = 0.000118262, Final residual = 1.16497e-07, No Iterations 165
time step continuity errors : sum local = 1.0393e-07, global = -6.7271e-09, cumulative = 1.64955e-05
smoothSolver:  Solving for epsilon, Initial residual = 2.82858e-05, Final residual = 3.13473e-07, No Iterations 3
smoothSolver:  Solving for k, Initial residual = 0.000115996, Final residual = 6.17088e-07, No Iterations 4
ExecutionTime = 77.2 s  ClockTime = 78 s

Time = 235

smoothSolver:  Solving for Ux, Initial residual = 0.000144262, Final residual = 8.42123e-07, No Iterations 4
smoothSolver:  Solving for Uy, Initial residual = 0.000166705, Final residual = 3.27124e-07, No Iterations 5
smoothSolver:  Solving for Uz, Initial residual = 4.38405e-05, Final residual = 8.96884e-07, No Iterations 3
DICPCG:  Solving for p, Initial residual = 0.00133395, Final residual = 1.28927e-06, No Iterations 347
DICPCG:  Solving for p, Initial residual = 0.00011228, Final residual = 1.10246e-07, No Iterations 162
time step continuity errors : sum local = 9.83644e-08, global = -7.12823e-09, cumulative = 1.64884e-05
smoothSolver:  Solving for epsilon, Initial residual = 2.75873e-05, Final residual = 3.05938e-07, No Iterations 3
smoothSolver:  Solving for k, Initial residual = 0.000111661, Final residual = 5.95196e-07, No Iterations 4
ExecutionTime = 77.55 s  ClockTime = 78 s

Time = 236

smoothSolver:  Solving for Ux, Initial residual = 0.000136147, Final residual = 8.02925e-07, No Iterations 4
smoothSolver:  Solving for Uy, Initial residual = 0.000158803, Final residual = 3.13289e-07, No Iterations 5
smoothSolver:  Solving for Uz, Initial residual = 4.14646e-05, Final residual = 8.51012e-07, No Iterations 3
DICPCG:  Solving for p, Initial residual = 0.00126674, Final residual = 1.09385e-06, No Iterations 348
DICPCG:  Solving for p, Initial residual = 0.00010673, Final residual = 1.05967e-07, No Iterations 161
time step continuity errors : sum local = 9.45575e-08, global = -7.22548e-09, cumulative = 1.64811e-05
smoothSolver:  Solving for epsilon, Initial residual = 2.68963e-05, Final residual = 2.98546e-07, No Iterations 3
smoothSolver:  Solving for k, Initial residual = 0.000107425, Final residual = 5.74433e-07, No Iterations 4
ExecutionTime = 77.92 s  ClockTime = 79 s

Time = 237

smoothSolver:  Solving for Ux, Initial residual = 0.000128536, Final residual = 7.67493e-07, No Iterations 4
smoothSolver:  Solving for Uy, Initial residual = 0.000151368, Final residual = 3.00372e-07, No Iterations 5
smoothSolver:  Solving for Uz, Initial residual = 3.91924e-05, Final residual = 8.07349e-07, No Iterations 3
DICPCG:  Solving for p, Initial residual = 0.00120347, Final residual = 1.04622e-06, No Iterations 348
DICPCG:  Solving for p, Initial residual = 0.000101546, Final residual = 1.01471e-07, No Iterations 161
time step continuity errors : sum local = 9.0556e-08, global = -7.30103e-09, cumulative = 1.64738e-05
smoothSolver:  Solving for epsilon, Initial residual = 2.62149e-05, Final residual = 2.91313e-07, No Iterations 3
smoothSolver:  Solving for k, Initial residual = 0.000103298, Final residual = 5.54628e-07, No Iterations 4
ExecutionTime = 78.22 s  ClockTime = 79 s

Time = 238

smoothSolver:  Solving for Ux, Initial residual = 0.000121424, Final residual = 7.35214e-07, No Iterations 4
smoothSolver:  Solving for Uy, Initial residual = 0.000144358, Final residual = 9.69741e-07, No Iterations 4
smoothSolver:  Solving for Uz, Initial residual = 3.70183e-05, Final residual = 7.66119e-07, No Iterations 3
DICPCG:  Solving for p, Initial residual = 0.00114315, Final residual = 1.14034e-06, No Iterations 345
DICPCG:  Solving for p, Initial residual = 9.67058e-05, Final residual = 9.66504e-08, No Iterations 162
time step continuity errors : sum local = 8.62639e-08, global = -7.26044e-09, cumulative = 1.64666e-05
smoothSolver:  Solving for epsilon, Initial residual = 2.5539e-05, Final residual = 2.84239e-07, No Iterations 3
smoothSolver:  Solving for k, Initial residual = 9.92926e-05, Final residual = 5.36043e-07, No Iterations 4
ExecutionTime = 78.57 s  ClockTime = 79 s

Time = 239

smoothSolver:  Solving for Ux, Initial residual = 0.000114838, Final residual = 7.06028e-07, No Iterations 4
smoothSolver:  Solving for Uy, Initial residual = 0.00013785, Final residual = 9.30251e-07, No Iterations 4
smoothSolver:  Solving for Uz, Initial residual = 3.49426e-05, Final residual = 7.26929e-07, No Iterations 3
DICPCG:  Solving for p, Initial residual = 0.00108652, Final residual = 1.06067e-06, No Iterations 341
DICPCG:  Solving for p, Initial residual = 9.20471e-05, Final residual = 8.36606e-08, No Iterations 196
time step continuity errors : sum local = 7.46784e-08, global = -3.76783e-10, cumulative = 1.64662e-05
smoothSolver:  Solving for epsilon, Initial residual = 2.4874e-05, Final residual = 2.77355e-07, No Iterations 3
smoothSolver:  Solving for k, Initial residual = 9.54219e-05, Final residual = 5.18427e-07, No Iterations 4
ExecutionTime = 78.95 s  ClockTime = 80 s

Time = 240

smoothSolver:  Solving for Ux, Initial residual = 0.000108765, Final residual = 6.79228e-07, No Iterations 4
smoothSolver:  Solving for Uy, Initial residual = 0.000131716, Final residual = 8.93229e-07, No Iterations 4
smoothSolver:  Solving for Uz, Initial residual = 3.298e-05, Final residual = 6.90168e-07, No Iterations 3
DICPCG:  Solving for p, Initial residual = 0.00103305, Final residual = 9.36067e-07, No Iterations 340
DICPCG:  Solving for p, Initial residual = 8.76037e-05, Final residual = 8.67333e-08, No Iterations 146
time step continuity errors : sum local = 7.74297e-08, global = -6.21962e-09, cumulative = 1.646e-05
smoothSolver:  Solving for epsilon, Initial residual = 2.42225e-05, Final residual = 2.70684e-07, No Iterations 3
smoothSolver:  Solving for k, Initial residual = 9.17025e-05, Final residual = 5.01996e-07, No Iterations 4
ExecutionTime = 79.32 s  ClockTime = 80 s

Time = 241

smoothSolver:  Solving for Ux, Initial residual = 0.000103183, Final residual = 6.55196e-07, No Iterations 4
smoothSolver:  Solving for Uy, Initial residual = 0.000125895, Final residual = 8.58298e-07, No Iterations 4
smoothSolver:  Solving for Uz, Initial residual = 3.11475e-05, Final residual = 6.56184e-07, No Iterations 3
DICPCG:  Solving for p, Initial residual = 0.000982785, Final residual = 9.77356e-07, No Iterations 343
DICPCG:  Solving for p, Initial residual = 8.35486e-05, Final residual = 8.32047e-08, No Iterations 150
time step continuity errors : sum local = 7.42875e-08, global = -7.12298e-09, cumulative = 1.64529e-05
smoothSolver:  Solving for epsilon, Initial residual = 2.35849e-05, Final residual = 2.64225e-07, No Iterations 3
smoothSolver:  Solving for k, Initial residual = 8.81446e-05, Final residual = 4.86574e-07, No Iterations 4
ExecutionTime = 79.68 s  ClockTime = 80 s

Time = 242

smoothSolver:  Solving for Ux, Initial residual = 9.80846e-05, Final residual = 6.32547e-07, No Iterations 4
smoothSolver:  Solving for Uy, Initial residual = 0.000120334, Final residual = 8.24679e-07, No Iterations 4
smoothSolver:  Solving for Uz, Initial residual = 2.94605e-05, Final residual = 6.2471e-07, No Iterations 3
DICPCG:  Solving for p, Initial residual = 0.000935309, Final residual = 8.73905e-07, No Iterations 348
DICPCG:  Solving for p, Initial residual = 7.961e-05, Final residual = 7.85938e-08, No Iterations 145
time step continuity errors : sum local = 7.0178e-08, global = -6.29734e-09, cumulative = 1.64466e-05
smoothSolver:  Solving for epsilon, Initial residual = 2.29653e-05, Final residual = 2.57981e-07, No Iterations 3
smoothSolver:  Solving for k, Initial residual = 8.47585e-05, Final residual = 4.72201e-07, No Iterations 4
ExecutionTime = 80.02 s  ClockTime = 81 s

Time = 243

smoothSolver:  Solving for Ux, Initial residual = 9.3448e-05, Final residual = 6.11484e-07, No Iterations 4
smoothSolver:  Solving for Uy, Initial residual = 0.000115023, Final residual = 7.92662e-07, No Iterations 4
smoothSolver:  Solving for Uz, Initial residual = 2.79156e-05, Final residual = 5.9613e-07, No Iterations 3
DICPCG:  Solving for p, Initial residual = 0.000890386, Final residual = 8.90245e-07, No Iterations 348
DICPCG:  Solving for p, Initial residual = 7.595e-05, Final residual = 7.26173e-08, No Iterations 145
time step continuity errors : sum local = 6.48481e-08, global = -6.51658e-09, cumulative = 1.644e-05
smoothSolver:  Solving for epsilon, Initial residual = 2.23651e-05, Final residual = 2.51967e-07, No Iterations 3
smoothSolver:  Solving for k, Initial residual = 8.15407e-05, Final residual = 4.58845e-07, No Iterations 4
ExecutionTime = 80.31 s  ClockTime = 81 s

Time = 244

smoothSolver:  Solving for Ux, Initial residual = 8.92658e-05, Final residual = 5.9102e-07, No Iterations 4
smoothSolver:  Solving for Uy, Initial residual = 0.000109956, Final residual = 7.61672e-07, No Iterations 4
smoothSolver:  Solving for Uz, Initial residual = 2.65016e-05, Final residual = 5.69942e-07, No Iterations 3
DICPCG:  Solving for p, Initial residual = 0.000847883, Final residual = 8.47732e-07, No Iterations 316
DICPCG:  Solving for p, Initial residual = 7.26735e-05, Final residual = 7.20094e-08, No Iterations 268
time step continuity errors : sum local = 6.43112e-08, global = 1.37799e-09, cumulative = 1.64414e-05
smoothSolver:  Solving for epsilon, Initial residual = 2.17855e-05, Final residual = 2.46172e-07, No Iterations 3
smoothSolver:  Solving for k, Initial residual = 7.84994e-05, Final residual = 4.4642e-07, No Iterations 4
ExecutionTime = 80.65 s  ClockTime = 81 s

Time = 245

smoothSolver:  Solving for Ux, Initial residual = 8.55198e-05, Final residual = 5.71239e-07, No Iterations 4
smoothSolver:  Solving for Uy, Initial residual = 0.000105133, Final residual = 7.32024e-07, No Iterations 4
smoothSolver:  Solving for Uz, Initial residual = 2.5205e-05, Final residual = 5.45738e-07, No Iterations 3
DICPCG:  Solving for p, Initial residual = 0.000807856, Final residual = 7.69112e-07, No Iterations 315
DICPCG:  Solving for p, Initial residual = 6.93045e-05, Final residual = 6.78421e-08, No Iterations 268
time step continuity errors : sum local = 6.05951e-08, global = 1.67187e-09, cumulative = 1.64431e-05
smoothSolver:  Solving for epsilon, Initial residual = 2.12236e-05, Final residual = 9.85188e-07, No Iterations 2
smoothSolver:  Solving for k, Initial residual = 7.58419e-05, Final residual = 4.36447e-07, No Iterations 4
ExecutionTime = 81.02 s  ClockTime = 82 s

Time = 246

smoothSolver:  Solving for Ux, Initial residual = 8.22012e-05, Final residual = 5.51523e-07, No Iterations 4
smoothSolver:  Solving for Uy, Initial residual = 0.000100576, Final residual = 7.03517e-07, No Iterations 4
smoothSolver:  Solving for Uz, Initial residual = 2.40092e-05, Final residual = 5.23235e-07, No Iterations 3
DICPCG:  Solving for p, Initial residual = 0.000770141, Final residual = 7.29608e-07, No Iterations 313
DICPCG:  Solving for p, Initial residual = 6.61403e-05, Final residual = 6.54436e-08, No Iterations 270
time step continuity errors : sum local = 5.84577e-08, global = 1.6069e-09, cumulative = 1.64447e-05
smoothSolver:  Solving for epsilon, Initial residual = 2.0942e-05, Final residual = 9.77679e-07, No Iterations 2
smoothSolver:  Solving for k, Initial residual = 7.34416e-05, Final residual = 4.27843e-07, No Iterations 4
ExecutionTime = 81.44 s  ClockTime = 82 s

Time = 247

smoothSolver:  Solving for Ux, Initial residual = 7.9252e-05, Final residual = 5.32087e-07, No Iterations 4
smoothSolver:  Solving for Uy, Initial residual = 9.62697e-05, Final residual = 6.75978e-07, No Iterations 4
smoothSolver:  Solving for Uz, Initial residual = 2.28997e-05, Final residual = 5.02099e-07, No Iterations 3
DICPCG:  Solving for p, Initial residual = 0.000734773, Final residual = 6.92601e-07, No Iterations 312
DICPCG:  Solving for p, Initial residual = 6.31312e-05, Final residual = 6.14401e-08, No Iterations 271
time step continuity errors : sum local = 5.48861e-08, global = 1.31154e-09, cumulative = 1.6446e-05
smoothSolver:  Solving for epsilon, Initial residual = 2.05959e-05, Final residual = 9.66423e-07, No Iterations 2
smoothSolver:  Solving for k, Initial residual = 7.11284e-05, Final residual = 4.19369e-07, No Iterations 4
ExecutionTime = 81.83 s  ClockTime = 82 s

Time = 248

smoothSolver:  Solving for Ux, Initial residual = 7.65743e-05, Final residual = 5.12681e-07, No Iterations 4
smoothSolver:  Solving for Uy, Initial residual = 9.22068e-05, Final residual = 6.49402e-07, No Iterations 4
smoothSolver:  Solving for Uz, Initial residual = 2.187e-05, Final residual = 4.82169e-07, No Iterations 3
DICPCG:  Solving for p, Initial residual = 0.000701377, Final residual = 6.86243e-07, No Iterations 311
DICPCG:  Solving for p, Initial residual = 6.03321e-05, Final residual = 6.01212e-08, No Iterations 270
time step continuity errors : sum local = 5.37121e-08, global = 1.18601e-09, cumulative = 1.64472e-05
smoothSolver:  Solving for epsilon, Initial residual = 2.02121e-05, Final residual = 9.52663e-07, No Iterations 2
smoothSolver:  Solving for k, Initial residual = 6.89234e-05, Final residual = 4.11132e-07, No Iterations 4
ExecutionTime = 82.2 s  ClockTime = 83 s

Time = 249

smoothSolver:  Solving for Ux, Initial residual = 7.40783e-05, Final residual = 4.93106e-07, No Iterations 4
smoothSolver:  Solving for Uy, Initial residual = 8.83704e-05, Final residual = 6.23404e-07, No Iterations 4
smoothSolver:  Solving for Uz, Initial residual = 2.09129e-05, Final residual = 4.62983e-07, No Iterations 3
DICPCG:  Solving for p, Initial residual = 0.00066978, Final residual = 6.13973e-07, No Iterations 311
DICPCG:  Solving for p, Initial residual = 5.76558e-05, Final residual = 5.57432e-08, No Iterations 119
time step continuity errors : sum local = 4.98047e-08, global = -7.17326e-09, cumulative = 1.644e-05
smoothSolver:  Solving for epsilon, Initial residual = 1.98065e-05, Final residual = 9.37414e-07, No Iterations 2
smoothSolver:  Solving for k, Initial residual = 6.68446e-05, Final residual = 4.03231e-07, No Iterations 4
ExecutionTime = 82.51 s  ClockTime = 83 s

Time = 250

smoothSolver:  Solving for Ux, Initial residual = 7.17057e-05, Final residual = 4.73033e-07, No Iterations 4
smoothSolver:  Solving for Uy, Initial residual = 8.4741e-05, Final residual = 5.97643e-07, No Iterations 4
smoothSolver:  Solving for Uz, Initial residual = 2.00184e-05, Final residual = 4.44755e-07, No Iterations 3
DICPCG:  Solving for p, Initial residual = 0.000639761, Final residual = 6.34329e-07, No Iterations 310
DICPCG:  Solving for p, Initial residual = 5.51428e-05, Final residual = 4.99737e-08, No Iterations 119
time step continuity errors : sum local = 4.46533e-08, global = -5.92371e-09, cumulative = 1.64341e-05
smoothSolver:  Solving for epsilon, Initial residual = 1.93889e-05, Final residual = 9.21222e-07, No Iterations 2
smoothSolver:  Solving for k, Initial residual = 6.48962e-05, Final residual = 3.95591e-07, No Iterations 4
ExecutionTime = 82.78 s  ClockTime = 83 s

Time = 251

smoothSolver:  Solving for Ux, Initial residual = 6.94134e-05, Final residual = 4.52361e-07, No Iterations 4
smoothSolver:  Solving for Uy, Initial residual = 8.12985e-05, Final residual = 5.72181e-07, No Iterations 4
smoothSolver:  Solving for Uz, Initial residual = 1.91808e-05, Final residual = 4.27238e-07, No Iterations 3
DICPCG:  Solving for p, Initial residual = 0.000611354, Final residual = 5.75784e-07, No Iterations 310
DICPCG:  Solving for p, Initial residual = 5.27673e-05, Final residual = 4.7667e-08, No Iterations 119
time step continuity errors : sum local = 4.25953e-08, global = -4.75571e-09, cumulative = 1.64293e-05
smoothSolver:  Solving for epsilon, Initial residual = 1.89647e-05, Final residual = 9.04548e-07, No Iterations 2
smoothSolver:  Solving for k, Initial residual = 6.30754e-05, Final residual = 3.8821e-07, No Iterations 4
ExecutionTime = 83.1 s  ClockTime = 84 s

Time = 252

smoothSolver:  Solving for Ux, Initial residual = 6.71777e-05, Final residual = 4.31225e-07, No Iterations 4
smoothSolver:  Solving for Uy, Initial residual = 7.80238e-05, Final residual = 5.47001e-07, No Iterations 4
smoothSolver:  Solving for Uz, Initial residual = 1.83969e-05, Final residual = 4.10287e-07, No Iterations 3
DICPCG:  Solving for p, Initial residual = 0.000584494, Final residual = 5.52056e-07, No Iterations 310
DICPCG:  Solving for p, Initial residual = 5.05301e-05, Final residual = 5.01847e-08, No Iterations 118
time step continuity errors : sum local = 4.48482e-08, global = -4.53122e-09, cumulative = 1.64248e-05
smoothSolver:  Solving for epsilon, Initial residual = 1.85394e-05, Final residual = 8.87577e-07, No Iterations 2
smoothSolver:  Solving for k, Initial residual = 6.13787e-05, Final residual = 3.80991e-07, No Iterations 4
ExecutionTime = 83.38 s  ClockTime = 84 s

Time = 253

smoothSolver:  Solving for Ux, Initial residual = 6.49852e-05, Final residual = 4.09675e-07, No Iterations 4
smoothSolver:  Solving for Uy, Initial residual = 7.48838e-05, Final residual = 5.21944e-07, No Iterations 4
smoothSolver:  Solving for Uz, Initial residual = 1.76629e-05, Final residual = 3.93979e-07, No Iterations 3
DICPCG:  Solving for p, Initial residual = 0.000559207, Final residual = 5.05556e-07, No Iterations 311
DICPCG:  Solving for p, Initial residual = 4.84348e-05, Final residual = 4.5458e-08, No Iterations 118
time step continuity errors : sum local = 4.06268e-08, global = -4.75777e-09, cumulative = 1.64201e-05
smoothSolver:  Solving for epsilon, Initial residual = 1.81185e-05, Final residual = 8.70616e-07, No Iterations 2
smoothSolver:  Solving for k, Initial residual = 5.97974e-05, Final residual = 3.73826e-07, No Iterations 4
ExecutionTime = 83.68 s  ClockTime = 84 s

Time = 254

smoothSolver:  Solving for Ux, Initial residual = 6.27511e-05, Final residual = 3.88116e-07, No Iterations 4
smoothSolver:  Solving for Uy, Initial residual = 7.1857e-05, Final residual = 4.97281e-07, No Iterations 4
smoothSolver:  Solving for Uz, Initial residual = 1.69753e-05, Final residual = 3.77962e-07, No Iterations 3
DICPCG:  Solving for p, Initial residual = 0.000535247, Final residual = 5.05138e-07, No Iterations 311
DICPCG:  Solving for p, Initial residual = 4.64747e-05, Final residual = 4.46875e-08, No Iterations 117
time step continuity errors : sum local = 3.99408e-08, global = -4.51643e-09, cumulative = 1.64155e-05
smoothSolver:  Solving for epsilon, Initial residual = 1.77036e-05, Final residual = 8.53717e-07, No Iterations 2
smoothSolver:  Solving for k, Initial residual = 5.83178e-05, Final residual = 3.66639e-07, No Iterations 4
ExecutionTime = 83.97 s  ClockTime = 85 s

Time = 255

smoothSolver:  Solving for Ux, Initial residual = 6.04295e-05, Final residual = 3.66602e-07, No Iterations 4
smoothSolver:  Solving for Uy, Initial residual = 6.89166e-05, Final residual = 4.73405e-07, No Iterations 4
smoothSolver:  Solving for Uz, Initial residual = 1.63256e-05, Final residual = 3.6244e-07, No Iterations 3
DICPCG:  Solving for p, Initial residual = 0.000512601, Final residual = 4.93249e-07, No Iterations 294
DICPCG:  Solving for p, Initial residual = 4.45993e-05, Final residual = 4.44479e-08, No Iterations 147
time step continuity errors : sum local = 3.97291e-08, global = -5.29021e-09, cumulative = 1.64102e-05
smoothSolver:  Solving for epsilon, Initial residual = 1.72974e-05, Final residual = 8.36879e-07, No Iterations 2
smoothSolver:  Solving for k, Initial residual = 5.69184e-05, Final residual = 3.59363e-07, No Iterations 4
ExecutionTime = 84.32 s  ClockTime = 85 s

Time = 256

smoothSolver:  Solving for Ux, Initial residual = 5.79939e-05, Final residual = 3.45174e-07, No Iterations 4
smoothSolver:  Solving for Uy, Initial residual = 6.60355e-05, Final residual = 4.50261e-07, No Iterations 4
smoothSolver:  Solving for Uz, Initial residual = 1.57094e-05, Final residual = 3.47108e-07, No Iterations 3
DICPCG:  Solving for p, Initial residual = 0.000491032, Final residual = 4.77618e-07, No Iterations 213
DICPCG:  Solving for p, Initial residual = 4.30042e-05, Final residual = 4.14343e-08, No Iterations 288
time step continuity errors : sum local = 3.70368e-08, global = 1.29722e-09, cumulative = 1.64115e-05
smoothSolver:  Solving for epsilon, Initial residual = 1.6901e-05, Final residual = 8.20049e-07, No Iterations 2
smoothSolver:  Solving for k, Initial residual = 5.55827e-05, Final residual = 3.52e-07, No Iterations 4
ExecutionTime = 84.66 s  ClockTime = 85 s

Time = 257

smoothSolver:  Solving for Ux, Initial residual = 5.54788e-05, Final residual = 3.24055e-07, No Iterations 4
smoothSolver:  Solving for Uy, Initial residual = 6.3202e-05, Final residual = 4.27841e-07, No Iterations 4
smoothSolver:  Solving for Uz, Initial residual = 1.5119e-05, Final residual = 3.32131e-07, No Iterations 3
DICPCG:  Solving for p, Initial residual = 0.000470541, Final residual = 4.671e-07, No Iterations 202
DICPCG:  Solving for p, Initial residual = 4.13078e-05, Final residual = 4.04419e-08, No Iterations 290
time step continuity errors : sum local = 3.61519e-08, global = -2.9712e-10, cumulative = 1.64112e-05
smoothSolver:  Solving for epsilon, Initial residual = 1.65112e-05, Final residual = 8.03199e-07, No Iterations 2
smoothSolver:  Solving for k, Initial residual = 5.42929e-05, Final residual = 3.44544e-07, No Iterations 4
ExecutionTime = 84.99 s  ClockTime = 86 s

Time = 258

smoothSolver:  Solving for Ux, Initial residual = 5.28921e-05, Final residual = 3.03383e-07, No Iterations 4
smoothSolver:  Solving for Uy, Initial residual = 6.04126e-05, Final residual = 4.06484e-07, No Iterations 4
smoothSolver:  Solving for Uz, Initial residual = 1.45423e-05, Final residual = 3.17291e-07, No Iterations 3
DICPCG:  Solving for p, Initial residual = 0.000450976, Final residual = 4.43519e-07, No Iterations 214
DICPCG:  Solving for p, Initial residual = 3.96121e-05, Final residual = 3.95815e-08, No Iterations 296
time step continuity errors : sum local = 3.53848e-08, global = -3.86846e-10, cumulative = 1.64109e-05
smoothSolver:  Solving for epsilon, Initial residual = 1.6129e-05, Final residual = 7.86345e-07, No Iterations 2
smoothSolver:  Solving for k, Initial residual = 5.30342e-05, Final residual = 3.3703e-07, No Iterations 4
ExecutionTime = 85.31 s  ClockTime = 86 s

Time = 259

smoothSolver:  Solving for Ux, Initial residual = 5.02524e-05, Final residual = 2.83276e-07, No Iterations 4
smoothSolver:  Solving for Uy, Initial residual = 5.76761e-05, Final residual = 3.86221e-07, No Iterations 4
smoothSolver:  Solving for Uz, Initial residual = 1.39768e-05, Final residual = 3.02754e-07, No Iterations 3
DICPCG:  Solving for p, Initial residual = 0.000432136, Final residual = 4.2675e-07, No Iterations 217
DICPCG:  Solving for p, Initial residual = 3.80061e-05, Final residual = 3.78206e-08, No Iterations 306
time step continuity errors : sum local = 3.38124e-08, global = -7.86891e-10, cumulative = 1.64101e-05
smoothSolver:  Solving for epsilon, Initial residual = 1.57529e-05, Final residual = 7.69457e-07, No Iterations 2
smoothSolver:  Solving for k, Initial residual = 5.17916e-05, Final residual = 3.29471e-07, No Iterations 4
ExecutionTime = 85.63 s  ClockTime = 86 s

Time = 260

smoothSolver:  Solving for Ux, Initial residual = 4.75832e-05, Final residual = 9.5705e-07, No Iterations 3
smoothSolver:  Solving for Uy, Initial residual = 5.50031e-05, Final residual = 3.67104e-07, No Iterations 4
smoothSolver:  Solving for Uz, Initial residual = 1.34184e-05, Final residual = 2.8845e-07, No Iterations 3
DICPCG:  Solving for p, Initial residual = 0.000413694, Final residual = 4.06406e-07, No Iterations 223
DICPCG:  Solving for p, Initial residual = 3.63675e-05, Final residual = 3.51958e-08, No Iterations 312
time step continuity errors : sum local = 3.14676e-08, global = 1.71475e-10, cumulative = 1.64102e-05
smoothSolver:  Solving for epsilon, Initial residual = 1.53766e-05, Final residual = 7.52269e-07, No Iterations 2
smoothSolver:  Solving for k, Initial residual = 5.05394e-05, Final residual = 3.2182e-07, No Iterations 4
ExecutionTime = 85.94 s  ClockTime = 86 s

Time = 261

smoothSolver:  Solving for Ux, Initial residual = 4.49496e-05, Final residual = 8.93171e-07, No Iterations 3
smoothSolver:  Solving for Uy, Initial residual = 5.23783e-05, Final residual = 3.48786e-07, No Iterations 4
smoothSolver:  Solving for Uz, Initial residual = 1.28501e-05, Final residual = 9.65901e-07, No Iterations 2
DICPCG:  Solving for p, Initial residual = 0.000394878, Final residual = 3.65154e-07, No Iterations 231
DICPCG:  Solving for p, Initial residual = 3.4733e-05, Final residual = 3.35703e-08, No Iterations 302
time step continuity errors : sum local = 3.00158e-08, global = -6.78461e-10, cumulative = 1.64096e-05
smoothSolver:  Solving for epsilon, Initial residual = 1.5e-05, Final residual = 7.35171e-07, No Iterations 2
smoothSolver:  Solving for k, Initial residual = 4.92854e-05, Final residual = 3.14181e-07, No Iterations 4
ExecutionTime = 86.27 s  ClockTime = 87 s

Time = 262

smoothSolver:  Solving for Ux, Initial residual = 4.23024e-05, Final residual = 8.3126e-07, No Iterations 3
smoothSolver:  Solving for Uy, Initial residual = 4.97216e-05, Final residual = 3.31039e-07, No Iterations 4
smoothSolver:  Solving for Uz, Initial residual = 1.23873e-05, Final residual = 9.27596e-07, No Iterations 2
DICPCG:  Solving for p, Initial residual = 0.000377018, Final residual = 3.72379e-07, No Iterations 231
DICPCG:  Solving for p, Initial residual = 3.3183e-05, Final residual = 3.22814e-08, No Iterations 300
time step continuity errors : sum local = 2.88648e-08, global = -8.39163e-10, cumulative = 1.64087e-05
smoothSolver:  Solving for epsilon, Initial residual = 1.4629e-05, Final residual = 7.18116e-07, No Iterations 2
smoothSolver:  Solving for k, Initial residual = 4.80357e-05, Final residual = 3.06572e-07, No Iterations 4
ExecutionTime = 86.59 s  ClockTime = 87 s

Time = 263

smoothSolver:  Solving for Ux, Initial residual = 3.96916e-05, Final residual = 7.71902e-07, No Iterations 3
smoothSolver:  Solving for Uy, Initial residual = 4.71511e-05, Final residual = 3.14492e-07, No Iterations 4
smoothSolver:  Solving for Uz, Initial residual = 1.1948e-05, Final residual = 8.91668e-07, No Iterations 2
DICPCG:  Solving for p, Initial residual = 0.00036019, Final residual = 3.5374e-07, No Iterations 155
DICPCG:  Solving for p, Initial residual = 3.174e-05, Final residual = 3.04447e-08, No Iterations 309
time step continuity errors : sum local = 2.72234e-08, global = 6.9634e-10, cumulative = 1.64094e-05
smoothSolver:  Solving for epsilon, Initial residual = 1.42625e-05, Final residual = 7.01039e-07, No Iterations 2
smoothSolver:  Solving for k, Initial residual = 4.67908e-05, Final residual = 2.99002e-07, No Iterations 4
ExecutionTime = 86.96 s  ClockTime = 87 s

Time = 264

smoothSolver:  Solving for Ux, Initial residual = 3.71351e-05, Final residual = 7.15765e-07, No Iterations 3
smoothSolver:  Solving for Uy, Initial residual = 4.473e-05, Final residual = 2.99218e-07, No Iterations 4
smoothSolver:  Solving for Uz, Initial residual = 1.15026e-05, Final residual = 8.55332e-07, No Iterations 2
DICPCG:  Solving for p, Initial residual = 0.000344612, Final residual = 3.27758e-07, No Iterations 153
DICPCG:  Solving for p, Initial residual = 3.03908e-05, Final residual = 3.02395e-08, No Iterations 298
time step continuity errors : sum local = 2.70413e-08, global = 7.4348e-10, cumulative = 1.64102e-05
smoothSolver:  Solving for epsilon, Initial residual = 1.39002e-05, Final residual = 6.83934e-07, No Iterations 2
smoothSolver:  Solving for k, Initial residual = 4.55505e-05, Final residual = 9.90885e-07, No Iterations 3
ExecutionTime = 87.24 s  ClockTime = 88 s

Time = 265

smoothSolver:  Solving for Ux, Initial residual = 3.46486e-05, Final residual = 6.62883e-07, No Iterations 3
smoothSolver:  Solving for Uy, Initial residual = 4.24755e-05, Final residual = 9.67607e-07, No Iterations 3
smoothSolver:  Solving for Uz, Initial residual = 1.10311e-05, Final residual = 8.17703e-07, No Iterations 2
DICPCG:  Solving for p, Initial residual = 0.000329823, Final residual = 3.29667e-07, No Iterations 151
DICPCG:  Solving for p, Initial residual = 2.90944e-05, Final residual = 2.67959e-08, No Iterations 298
time step continuity errors : sum local = 2.3963e-08, global = 8.14119e-10, cumulative = 1.6411e-05
smoothSolver:  Solving for epsilon, Initial residual = 1.34804e-05, Final residual = 6.63782e-07, No Iterations 2
smoothSolver:  Solving for k, Initial residual = 4.42797e-05, Final residual = 9.65169e-07, No Iterations 3
ExecutionTime = 87.54 s  ClockTime = 88 s

Time = 266

smoothSolver:  Solving for Ux, Initial residual = 3.22451e-05, Final residual = 6.13283e-07, No Iterations 3
smoothSolver:  Solving for Uy, Initial residual = 4.04738e-05, Final residual = 9.25142e-07, No Iterations 3
smoothSolver:  Solving for Uz, Initial residual = 1.05252e-05, Final residual = 7.7807e-07, No Iterations 2
DICPCG:  Solving for p, Initial residual = 0.000316012, Final residual = 2.95559e-07, No Iterations 151
DICPCG:  Solving for p, Initial residual = 2.79173e-05, Final residual = 2.72349e-08, No Iterations 297
time step continuity errors : sum local = 2.43567e-08, global = 1.10861e-09, cumulative = 1.64121e-05
smoothSolver:  Solving for epsilon, Initial residual = 1.30867e-05, Final residual = 6.44752e-07, No Iterations 2
smoothSolver:  Solving for k, Initial residual = 4.30379e-05, Final residual = 9.39815e-07, No Iterations 3
ExecutionTime = 87.87 s  ClockTime = 88 s

Time = 267

smoothSolver:  Solving for Ux, Initial residual = 2.99481e-05, Final residual = 5.67102e-07, No Iterations 3
smoothSolver:  Solving for Uy, Initial residual = 3.86388e-05, Final residual = 8.86673e-07, No Iterations 3
smoothSolver:  Solving for Uz, Initial residual = 9.99866e-06, Final residual = 7.37304e-07, No Iterations 2
DICPCG:  Solving for p, Initial residual = 0.000302957, Final residual = 2.75866e-07, No Iterations 151
DICPCG:  Solving for p, Initial residual = 2.68193e-05, Final residual = 2.58876e-08, No Iterations 287
time step continuity errors : sum local = 2.31529e-08, global = 1.45486e-09, cumulative = 1.64135e-05
smoothSolver:  Solving for epsilon, Initial residual = 1.27085e-05, Final residual = 6.2642e-07, No Iterations 2
smoothSolver:  Solving for k, Initial residual = 4.18214e-05, Final residual = 9.1486e-07, No Iterations 3
ExecutionTime = 88.17 s  ClockTime = 89 s

Time = 268

smoothSolver:  Solving for Ux, Initial residual = 2.77677e-05, Final residual = 5.24339e-07, No Iterations 3
smoothSolver:  Solving for Uy, Initial residual = 3.69282e-05, Final residual = 8.51265e-07, No Iterations 3
smoothSolver:  Solving for Uz, Initial residual = 9.46786e-06, Final residual = 6.96888e-07, No Iterations 2
DICPCG:  Solving for p, Initial residual = 0.00029045, Final residual = 2.68158e-07, No Iterations 151
DICPCG:  Solving for p, Initial residual = 2.57677e-05, Final residual = 2.3817e-08, No Iterations 232
time step continuity errors : sum local = 2.13019e-08, global = 1.2708e-09, cumulative = 1.64148e-05
smoothSolver:  Solving for epsilon, Initial residual = 1.23417e-05, Final residual = 6.08619e-07, No Iterations 2
smoothSolver:  Solving for k, Initial residual = 4.06294e-05, Final residual = 8.90355e-07, No Iterations 3
ExecutionTime = 88.43 s  ClockTime = 89 s

Time = 269

smoothSolver:  Solving for Ux, Initial residual = 2.57077e-05, Final residual = 4.85213e-07, No Iterations 3
smoothSolver:  Solving for Uy, Initial residual = 3.53074e-05, Final residual = 8.17808e-07, No Iterations 3
smoothSolver:  Solving for Uz, Initial residual = 8.9484e-06, Final residual = 6.57749e-07, No Iterations 2
DICPCG:  Solving for p, Initial residual = 0.000278335, Final residual = 2.67092e-07, No Iterations 151
DICPCG:  Solving for p, Initial residual = 2.47358e-05, Final residual = 2.4458e-08, No Iterations 231
time step continuity errors : sum local = 2.18762e-08, global = -6.96217e-10, cumulative = 1.64141e-05
smoothSolver:  Solving for epsilon, Initial residual = 1.19841e-05, Final residual = 5.91252e-07, No Iterations 2
smoothSolver:  Solving for k, Initial residual = 3.94609e-05, Final residual = 8.66314e-07, No Iterations 3
ExecutionTime = 88.69 s  ClockTime = 89 s

Time = 270

smoothSolver:  Solving for Ux, Initial residual = 2.37694e-05, Final residual = 4.4957e-07, No Iterations 3
smoothSolver:  Solving for Uy, Initial residual = 3.37554e-05, Final residual = 7.86026e-07, No Iterations 3
smoothSolver:  Solving for Uz, Initial residual = 8.4504e-06, Final residual = 6.2063e-07, No Iterations 2
DICPCG:  Solving for p, Initial residual = 0.000266575, Final residual = 2.37873e-07, No Iterations 152
DICPCG:  Solving for p, Initial residual = 2.37216e-05, Final residual = 2.34005e-08, No Iterations 233
time step continuity errors : sum local = 2.09313e-08, global = -1.63968e-09, cumulative = 1.64125e-05
smoothSolver:  Solving for epsilon, Initial residual = 1.16349e-05, Final residual = 5.74276e-07, No Iterations 2
smoothSolver:  Solving for k, Initial residual = 3.83155e-05, Final residual = 8.42785e-07, No Iterations 3
ExecutionTime = 88.96 s  ClockTime = 89 s

Time = 271

smoothSolver:  Solving for Ux, Initial residual = 2.19565e-05, Final residual = 4.17237e-07, No Iterations 3
smoothSolver:  Solving for Uy, Initial residual = 3.22671e-05, Final residual = 7.55493e-07, No Iterations 3
smoothSolver:  Solving for Uz, Initial residual = 7.98034e-06, Final residual = 5.86105e-07, No Iterations 2
DICPCG:  Solving for p, Initial residual = 0.000255174, Final residual = 2.37652e-07, No Iterations 152
DICPCG:  Solving for p, Initial residual = 2.27213e-05, Final residual = 2.18571e-08, No Iterations 242
time step continuity errors : sum local = 1.95516e-08, global = -1.81793e-09, cumulative = 1.64107e-05
smoothSolver:  Solving for epsilon, Initial residual = 1.12934e-05, Final residual = 5.57674e-07, No Iterations 2
smoothSolver:  Solving for k, Initial residual = 3.71944e-05, Final residual = 8.19751e-07, No Iterations 3
ExecutionTime = 89.23 s  ClockTime = 90 s

Time = 272

smoothSolver:  Solving for Ux, Initial residual = 2.0273e-05, Final residual = 3.8812e-07, No Iterations 3
smoothSolver:  Solving for Uy, Initial residual = 3.08478e-05, Final residual = 7.26396e-07, No Iterations 3
smoothSolver:  Solving for Uz, Initial residual = 7.5387e-06, Final residual = 5.54096e-07, No Iterations 2
DICPCG:  Solving for p, Initial residual = 0.000244159, Final residual = 2.35509e-07, No Iterations 152
DICPCG:  Solving for p, Initial residual = 2.1745e-05, Final residual = 2.15056e-08, No Iterations 232
time step continuity errors : sum local = 1.92379e-08, global = -1.1172e-09, cumulative = 1.64095e-05
smoothSolver:  Solving for epsilon, Initial residual = 1.09588e-05, Final residual = 5.41427e-07, No Iterations 2
smoothSolver:  Solving for k, Initial residual = 3.60981e-05, Final residual = 7.97266e-07, No Iterations 3
ExecutionTime = 89.51 s  ClockTime = 90 s

Time = 273

smoothSolver:  Solving for Ux, Initial residual = 1.87248e-05, Final residual = 3.62119e-07, No Iterations 3
smoothSolver:  Solving for Uy, Initial residual = 2.94987e-05, Final residual = 6.98873e-07, No Iterations 3
smoothSolver:  Solving for Uz, Initial residual = 7.12443e-06, Final residual = 5.24389e-07, No Iterations 2
DICPCG:  Solving for p, Initial residual = 0.000233546, Final residual = 2.31464e-07, No Iterations 152
DICPCG:  Solving for p, Initial residual = 2.07969e-05, Final residual = 2.06461e-08, No Iterations 231
time step continuity errors : sum local = 1.84699e-08, global = -4.7841e-10, cumulative = 1.64091e-05
smoothSolver:  Solving for epsilon, Initial residual = 1.06312e-05, Final residual = 5.25512e-07, No Iterations 2
smoothSolver:  Solving for k, Initial residual = 3.50268e-05, Final residual = 7.75301e-07, No Iterations 3
ExecutionTime = 89.8 s  ClockTime = 90 s

Time = 274

smoothSolver:  Solving for Ux, Initial residual = 1.73118e-05, Final residual = 3.38973e-07, No Iterations 3
smoothSolver:  Solving for Uy, Initial residual = 2.82236e-05, Final residual = 6.72722e-07, No Iterations 3
smoothSolver:  Solving for Uz, Initial residual = 6.73577e-06, Final residual = 4.97064e-07, No Iterations 2
DICPCG:  Solving for p, Initial residual = 0.000223391, Final residual = 2.11915e-07, No Iterations 153
DICPCG:  Solving for p, Initial residual = 1.98858e-05, Final residual = 1.95374e-08, No Iterations 231
time step continuity errors : sum local = 1.74787e-08, global = 5.6436e-11, cumulative = 1.64091e-05
smoothSolver:  Solving for epsilon, Initial residual = 1.03105e-05, Final residual = 5.0992e-07, No Iterations 2
smoothSolver:  Solving for k, Initial residual = 3.39816e-05, Final residual = 7.53868e-07, No Iterations 3
ExecutionTime = 90.08 s  ClockTime = 91 s

Time = 275

smoothSolver:  Solving for Ux, Initial residual = 1.60275e-05, Final residual = 3.18528e-07, No Iterations 3
smoothSolver:  Solving for Uy, Initial residual = 2.70241e-05, Final residual = 6.48098e-07, No Iterations 3
smoothSolver:  Solving for Uz, Initial residual = 6.36984e-06, Final residual = 4.71564e-07, No Iterations 2
DICPCG:  Solving for p, Initial residual = 0.00021371, Final residual = 2.08316e-07, No Iterations 153
DICPCG:  Solving for p, Initial residual = 1.90165e-05, Final residual = 1.73579e-08, No Iterations 232
time step continuity errors : sum local = 1.55295e-08, global = 5.6518e-10, cumulative = 1.64097e-05
smoothSolver:  Solving for epsilon, Initial residual = 9.99686e-06, Final residual = 4.94645e-07, No Iterations 2
smoothSolver:  Solving for k, Initial residual = 3.29631e-05, Final residual = 7.32968e-07, No Iterations 3
ExecutionTime = 90.34 s  ClockTime = 91 s

Time = 276

smoothSolver:  Solving for Ux, Initial residual = 1.48641e-05, Final residual = 3.0054e-07, No Iterations 3
smoothSolver:  Solving for Uy, Initial residual = 2.59031e-05, Final residual = 6.24987e-07, No Iterations 3
smoothSolver:  Solving for Uz, Initial residual = 6.02426e-06, Final residual = 4.47711e-07, No Iterations 2
DICPCG:  Solving for p, Initial residual = 0.000204504, Final residual = 2.00679e-07, No Iterations 154
DICPCG:  Solving for p, Initial residual = 1.81911e-05, Final residual = 1.74243e-08, No Iterations 242
time step continuity errors : sum local = 1.55896e-08, global = 9.61434e-10, cumulative = 1.64106e-05
smoothSolver:  Solving for epsilon, Initial residual = 9.69047e-06, Final residual = 4.79694e-07, No Iterations 2
smoothSolver:  Solving for k, Initial residual = 3.19725e-05, Final residual = 7.12597e-07, No Iterations 3
ExecutionTime = 90.62 s  ClockTime = 91 s

Time = 277

smoothSolver:  Solving for Ux, Initial residual = 1.38168e-05, Final residual = 2.84888e-07, No Iterations 3
smoothSolver:  Solving for Uy, Initial residual = 2.48584e-05, Final residual = 6.03253e-07, No Iterations 3
smoothSolver:  Solving for Uz, Initial residual = 5.6985e-06, Final residual = 4.25493e-07, No Iterations 2
DICPCG:  Solving for p, Initial residual = 0.000195766, Final residual = 1.94109e-07, No Iterations 155
DICPCG:  Solving for p, Initial residual = 1.74071e-05, Final residual = 1.69665e-08, No Iterations 255
time step continuity errors : sum local = 1.51807e-08, global = 6.01003e-10, cumulative = 1.64112e-05
smoothSolver:  Solving for epsilon, Initial residual = 9.3914e-06, Final residual = 4.65072e-07, No Iterations 2
smoothSolver:  Solving for k, Initial residual = 3.10101e-05, Final residual = 6.92767e-07, No Iterations 3
ExecutionTime = 90.87 s  ClockTime = 91 s

Time = 278

smoothSolver:  Solving for Ux, Initial residual = 1.28826e-05, Final residual = 9.58109e-07, No Iterations 2
smoothSolver:  Solving for Uy, Initial residual = 2.38764e-05, Final residual = 5.82672e-07, No Iterations 3
smoothSolver:  Solving for Uz, Initial residual = 5.39175e-06, Final residual = 4.04832e-07, No Iterations 2
DICPCG:  Solving for p, Initial residual = 0.000187052, Final residual = 1.74675e-07, No Iterations 164
DICPCG:  Solving for p, Initial residual = 1.66021e-05, Final residual = 1.64656e-08, No Iterations 297
time step continuity errors : sum local = 1.47331e-08, global = 8.30716e-10, cumulative = 1.64121e-05
smoothSolver:  Solving for epsilon, Initial residual = 9.09439e-06, Final residual = 4.50555e-07, No Iterations 2
smoothSolver:  Solving for k, Initial residual = 3.00598e-05, Final residual = 6.73117e-07, No Iterations 3
ExecutionTime = 91.15 s  ClockTime = 92 s

Time = 279

smoothSolver:  Solving for Ux, Initial residual = 1.21135e-05, Final residual = 9.14564e-07, No Iterations 2
smoothSolver:  Solving for Uy, Initial residual = 2.29015e-05, Final residual = 5.61944e-07, No Iterations 3
smoothSolver:  Solving for Uz, Initial residual = 5.08951e-06, Final residual = 3.84437e-07, No Iterations 2
DICPCG:  Solving for p, Initial residual = 0.000178906, Final residual = 1.77209e-07, No Iterations 164
DICPCG:  Solving for p, Initial residual = 1.58533e-05, Final residual = 1.57608e-08, No Iterations 299
time step continuity errors : sum local = 1.41031e-08, global = 7.14564e-10, cumulative = 1.64128e-05
smoothSolver:  Solving for epsilon, Initial residual = 8.80593e-06, Final residual = 4.36443e-07, No Iterations 2
smoothSolver:  Solving for k, Initial residual = 2.91422e-05, Final residual = 6.54069e-07, No Iterations 3
ExecutionTime = 91.47 s  ClockTime = 92 s

Time = 280

smoothSolver:  Solving for Ux, Initial residual = 1.14347e-05, Final residual = 8.76949e-07, No Iterations 2
smoothSolver:  Solving for Uy, Initial residual = 2.19736e-05, Final residual = 5.4206e-07, No Iterations 3
smoothSolver:  Solving for Uz, Initial residual = 4.80786e-06, Final residual = 3.65616e-07, No Iterations 2
DICPCG:  Solving for p, Initial residual = 0.000171284, Final residual = 1.67317e-07, No Iterations 165
DICPCG:  Solving for p, Initial residual = 1.51524e-05, Final residual = 1.50019e-08, No Iterations 314
time step continuity errors : sum local = 1.34245e-08, global = 5.0446e-10, cumulative = 1.64133e-05
smoothSolver:  Solving for epsilon, Initial residual = 8.52625e-06, Final residual = 4.22727e-07, No Iterations 2
smoothSolver:  Solving for k, Initial residual = 2.82561e-05, Final residual = 6.35595e-07, No Iterations 3
ExecutionTime = 91.83 s  ClockTime = 92 s

Time = 281

smoothSolver:  Solving for Ux, Initial residual = 1.08384e-05, Final residual = 8.43872e-07, No Iterations 2
smoothSolver:  Solving for Uy, Initial residual = 2.11041e-05, Final residual = 5.23381e-07, No Iterations 3
smoothSolver:  Solving for Uz, Initial residual = 4.55266e-06, Final residual = 3.48775e-07, No Iterations 2
DICPCG:  Solving for p, Initial residual = 0.000164149, Final residual = 1.6085e-07, No Iterations 252
DICPCG:  Solving for p, Initial residual = 1.44738e-05, Final residual = 1.36066e-08, No Iterations 327
time step continuity errors : sum local = 1.21765e-08, global = -7.62733e-11, cumulative = 1.64132e-05
smoothSolver:  Solving for epsilon, Initial residual = 8.255e-06, Final residual = 4.0939e-07, No Iterations 2
smoothSolver:  Solving for k, Initial residual = 2.74012e-05, Final residual = 6.17676e-07, No Iterations 3
ExecutionTime = 92.16 s  ClockTime = 93 s

Time = 282

smoothSolver:  Solving for Ux, Initial residual = 1.03154e-05, Final residual = 8.14764e-07, No Iterations 2
smoothSolver:  Solving for Uy, Initial residual = 2.02966e-05, Final residual = 5.06013e-07, No Iterations 3
smoothSolver:  Solving for Uz, Initial residual = 4.32604e-06, Final residual = 3.34011e-07, No Iterations 2
DICPCG:  Solving for p, Initial residual = 0.000157438, Final residual = 1.56661e-07, No Iterations 251
DICPCG:  Solving for p, Initial residual = 1.38959e-05, Final residual = 1.26231e-08, No Iterations 327
time step continuity errors : sum local = 1.12968e-08, global = -1.23098e-10, cumulative = 1.64131e-05
smoothSolver:  Solving for epsilon, Initial residual = 7.99154e-06, Final residual = 3.96425e-07, No Iterations 2
smoothSolver:  Solving for k, Initial residual = 2.65761e-05, Final residual = 6.00289e-07, No Iterations 3
ExecutionTime = 92.51 s  ClockTime = 93 s

Time = 283

smoothSolver:  Solving for Ux, Initial residual = 9.86055e-06, Final residual = 7.89172e-07, No Iterations 2
smoothSolver:  Solving for Uy, Initial residual = 1.95488e-05, Final residual = 4.89964e-07, No Iterations 3
smoothSolver:  Solving for Uz, Initial residual = 4.1258e-06, Final residual = 3.2107e-07, No Iterations 2
DICPCG:  Solving for p, Initial residual = 0.000151137, Final residual = 1.46539e-07, No Iterations 251
DICPCG:  Solving for p, Initial residual = 1.33599e-05, Final residual = 1.32551e-08, No Iterations 326
time step continuity errors : sum local = 1.18629e-08, global = -8.82055e-11, cumulative = 1.6413e-05
smoothSolver:  Solving for epsilon, Initial residual = 7.73632e-06, Final residual = 3.83828e-07, No Iterations 2
smoothSolver:  Solving for k, Initial residual = 2.57808e-05, Final residual = 5.8342e-07, No Iterations 3
ExecutionTime = 92.87 s  ClockTime = 93 s

Time = 284

smoothSolver:  Solving for Ux, Initial residual = 9.4651e-06, Final residual = 7.6649e-07, No Iterations 2
smoothSolver:  Solving for Uy, Initial residual = 1.88546e-05, Final residual = 4.75008e-07, No Iterations 3
smoothSolver:  Solving for Uz, Initial residual = 3.94918e-06, Final residual = 3.0967e-07, No Iterations 2
DICPCG:  Solving for p, Initial residual = 0.000145209, Final residual = 1.42394e-07, No Iterations 251
DICPCG:  Solving for p, Initial residual = 1.28638e-05, Final residual = 1.2394e-08, No Iterations 326
time step continuity errors : sum local = 1.10926e-08, global = -2.59835e-11, cumulative = 1.6413e-05
smoothSolver:  Solving for epsilon, Initial residual = 7.48921e-06, Final residual = 3.7161e-07, No Iterations 2
smoothSolver:  Solving for k, Initial residual = 2.5014e-05, Final residual = 5.67051e-07, No Iterations 3
ExecutionTime = 93.17 s  ClockTime = 94 s

Time = 285

smoothSolver:  Solving for Ux, Initial residual = 9.12342e-06, Final residual = 7.46447e-07, No Iterations 2
smoothSolver:  Solving for Uy, Initial residual = 1.82066e-05, Final residual = 4.61035e-07, No Iterations 3
smoothSolver:  Solving for Uz, Initial residual = 3.79159e-06, Final residual = 2.99609e-07, No Iterations 2
DICPCG:  Solving for p, Initial residual = 0.000139633, Final residual = 1.35631e-07, No Iterations 263
DICPCG:  Solving for p, Initial residual = 1.23977e-05, Final residual = 1.1284e-08, No Iterations 325
time step continuity errors : sum local = 1.00996e-08, global = 2.62095e-10, cumulative = 1.64132e-05
smoothSolver:  Solving for epsilon, Initial residual = 7.25038e-06, Final residual = 3.59784e-07, No Iterations 2
smoothSolver:  Solving for k, Initial residual = 2.42758e-05, Final residual = 5.51185e-07, No Iterations 3
ExecutionTime = 93.54 s  ClockTime = 94 s

Time = 286

smoothSolver:  Solving for Ux, Initial residual = 8.82741e-06, Final residual = 7.28763e-07, No Iterations 2
smoothSolver:  Solving for Uy, Initial residual = 1.75993e-05, Final residual = 4.47832e-07, No Iterations 3
smoothSolver:  Solving for Uz, Initial residual = 3.6495e-06, Final residual = 2.90519e-07, No Iterations 2
DICPCG:  Solving for p, Initial residual = 0.000134382, Final residual = 1.31578e-07, No Iterations 265
DICPCG:  Solving for p, Initial residual = 1.19655e-05, Final residual = 1.18564e-08, No Iterations 323
time step continuity errors : sum local = 1.06123e-08, global = -8.25087e-11, cumulative = 1.64132e-05
smoothSolver:  Solving for epsilon, Initial residual = 7.01984e-06, Final residual = 3.48354e-07, No Iterations 2
smoothSolver:  Solving for k, Initial residual = 2.35648e-05, Final residual = 5.35807e-07, No Iterations 3
ExecutionTime = 93.93 s  ClockTime = 94 s

Time = 287

smoothSolver:  Solving for Ux, Initial residual = 8.57176e-06, Final residual = 7.13335e-07, No Iterations 2
smoothSolver:  Solving for Uy, Initial residual = 1.70261e-05, Final residual = 4.35195e-07, No Iterations 3
smoothSolver:  Solving for Uz, Initial residual = 3.52077e-06, Final residual = 9.83098e-07, No Iterations 1
DICPCG:  Solving for p, Initial residual = 0.000128356, Final residual = 1.13238e-07, No Iterations 315
DICPCG:  Solving for p, Initial residual = 1.1431e-05, Final residual = 1.12274e-08, No Iterations 231
time step continuity errors : sum local = 1.00497e-08, global = -1.38e-09, cumulative = 1.64118e-05
smoothSolver:  Solving for epsilon, Initial residual = 6.79393e-06, Final residual = 3.37639e-07, No Iterations 2
smoothSolver:  Solving for k, Initial residual = 2.28758e-05, Final residual = 5.20978e-07, No Iterations 3
ExecutionTime = 94.27 s  ClockTime = 95 s

Time = 288

smoothSolver:  Solving for Ux, Initial residual = 8.30882e-06, Final residual = 6.9624e-07, No Iterations 2
smoothSolver:  Solving for Uy, Initial residual = 1.63414e-05, Final residual = 4.19823e-07, No Iterations 3
smoothSolver:  Solving for Uz, Initial residual = 3.49196e-06, Final residual = 9.81072e-07, No Iterations 1
DICPCG:  Solving for p, Initial residual = 0.000122684, Final residual = 1.1025e-07, No Iterations 315
DICPCG:  Solving for p, Initial residual = 1.09651e-05, Final residual = 1.07731e-08, No Iterations 121
time step continuity errors : sum local = 9.64329e-09, global = -6.02297e-10, cumulative = 1.64112e-05
smoothSolver:  Solving for epsilon, Initial residual = 6.58049e-06, Final residual = 3.27297e-07, No Iterations 2
smoothSolver:  Solving for k, Initial residual = 2.22142e-05, Final residual = 5.06593e-07, No Iterations 3
ExecutionTime = 94.56 s  ClockTime = 95 s

Time = 289

smoothSolver:  Solving for Ux, Initial residual = 8.07229e-06, Final residual = 6.80246e-07, No Iterations 2
smoothSolver:  Solving for Uy, Initial residual = 1.56507e-05, Final residual = 4.03921e-07, No Iterations 3
smoothSolver:  Solving for Uz, Initial residual = 3.4883e-06, Final residual = 9.86505e-07, No Iterations 1
DICPCG:  Solving for p, Initial residual = 0.00011746, Final residual = 1.07175e-07, No Iterations 315
DICPCG:  Solving for p, Initial residual = 1.04954e-05, Final residual = 1.01194e-08, No Iterations 120
time step continuity errors : sum local = 9.05848e-09, global = -7.49592e-10, cumulative = 1.64104e-05
smoothSolver:  Solving for epsilon, Initial residual = 6.3775e-06, Final residual = 3.17317e-07, No Iterations 2
smoothSolver:  Solving for k, Initial residual = 2.15792e-05, Final residual = 4.92648e-07, No Iterations 3
ExecutionTime = 94.85 s  ClockTime = 95 s

Time = 290

smoothSolver:  Solving for Ux, Initial residual = 7.86716e-06, Final residual = 6.65844e-07, No Iterations 2
smoothSolver:  Solving for Uy, Initial residual = 1.50036e-05, Final residual = 3.88815e-07, No Iterations 3
smoothSolver:  Solving for Uz, Initial residual = 3.48168e-06, Final residual = 9.89839e-07, No Iterations 1
DICPCG:  Solving for p, Initial residual = 0.000112765, Final residual = 1.0397e-07, No Iterations 315
DICPCG:  Solving for p, Initial residual = 1.00545e-05, Final residual = 9.32325e-09, No Iterations 120
time step continuity errors : sum local = 8.34607e-09, global = -8.01282e-10, cumulative = 1.64096e-05
smoothSolver:  Solving for epsilon, Initial residual = 6.18304e-06, Final residual = 3.07674e-07, No Iterations 2
smoothSolver:  Solving for k, Initial residual = 2.09695e-05, Final residual = 4.7911e-07, No Iterations 3
ExecutionTime = 95.13 s  ClockTime = 96 s

Time = 291

smoothSolver:  Solving for Ux, Initial residual = 7.69336e-06, Final residual = 6.53262e-07, No Iterations 2
smoothSolver:  Solving for Uy, Initial residual = 1.44318e-05, Final residual = 3.75342e-07, No Iterations 3
smoothSolver:  Solving for Uz, Initial residual = 3.4564e-06, Final residual = 9.86732e-07, No Iterations 1
DICPCG:  Solving for p, Initial residual = 0.000108634, Final residual = 9.70616e-08, No Iterations 315
DICPCG:  Solving for p, Initial residual = 9.68197e-06, Final residual = 9.58504e-09, No Iterations 119
time step continuity errors : sum local = 8.58069e-09, global = -8.95831e-10, cumulative = 1.64087e-05
smoothSolver:  Solving for epsilon, Initial residual = 5.99598e-06, Final residual = 2.98352e-07, No Iterations 2
smoothSolver:  Solving for k, Initial residual = 2.0383e-05, Final residual = 4.65962e-07, No Iterations 3
ExecutionTime = 95.4 s  ClockTime = 96 s

Time = 292

smoothSolver:  Solving for Ux, Initial residual = 7.54719e-06, Final residual = 6.42368e-07, No Iterations 2
smoothSolver:  Solving for Uy, Initial residual = 1.39433e-05, Final residual = 3.63748e-07, No Iterations 3
smoothSolver:  Solving for Uz, Initial residual = 3.40706e-06, Final residual = 9.75875e-07, No Iterations 1
DICPCG:  Solving for p, Initial residual = 0.000105028, Final residual = 9.44282e-08, No Iterations 315
DICPCG:  Solving for p, Initial residual = 9.38808e-06, Final residual = 9.15174e-09, No Iterations 119
time step continuity errors : sum local = 8.19306e-09, global = -9.26261e-10, cumulative = 1.64078e-05
smoothSolver:  Solving for epsilon, Initial residual = 5.81518e-06, Final residual = 2.89347e-07, No Iterations 2
smoothSolver:  Solving for k, Initial residual = 1.9818e-05, Final residual = 4.53179e-07, No Iterations 3
ExecutionTime = 95.66 s  ClockTime = 96 s

Time = 293

smoothSolver:  Solving for Ux, Initial residual = 7.42278e-06, Final residual = 6.32911e-07, No Iterations 2
smoothSolver:  Solving for Uy, Initial residual = 1.3531e-05, Final residual = 3.53887e-07, No Iterations 3
smoothSolver:  Solving for Uz, Initial residual = 3.33782e-06, Final residual = 9.58494e-07, No Iterations 1
DICPCG:  Solving for p, Initial residual = 0.000101848, Final residual = 9.57292e-08, No Iterations 314
DICPCG:  Solving for p, Initial residual = 9.15468e-06, Final residual = 9.81503e-09, No Iterations 118
time step continuity errors : sum local = 8.78714e-09, global = -1.00917e-09, cumulative = 1.64068e-05
smoothSolver:  Solving for epsilon, Initial residual = 5.64027e-06, Final residual = 2.80651e-07, No Iterations 2
smoothSolver:  Solving for k, Initial residual = 1.92724e-05, Final residual = 4.40747e-07, No Iterations 3
ExecutionTime = 95.94 s  ClockTime = 96 s

Time = 294

smoothSolver:  Solving for Ux, Initial residual = 7.31374e-06, Final residual = 6.24565e-07, No Iterations 2
smoothSolver:  Solving for Uy, Initial residual = 1.31773e-05, Final residual = 3.45359e-07, No Iterations 3
smoothSolver:  Solving for Uz, Initial residual = 3.25522e-06, Final residual = 9.36672e-07, No Iterations 1
DICPCG:  Solving for p, Initial residual = 9.89952e-05, Final residual = 9.32021e-08, No Iterations 314
DICPCG:  Solving for p, Initial residual = 8.94782e-06, Final residual = 9.47746e-09, No Iterations 118
time step continuity errors : sum local = 8.48519e-09, global = -1.01856e-09, cumulative = 1.64058e-05
smoothSolver:  Solving for epsilon, Initial residual = 5.47134e-06, Final residual = 2.72235e-07, No Iterations 2
smoothSolver:  Solving for k, Initial residual = 1.87441e-05, Final residual = 4.2866e-07, No Iterations 3
ExecutionTime = 96.22 s  ClockTime = 97 s

Time = 295

smoothSolver:  Solving for Ux, Initial residual = 7.21403e-06, Final residual = 6.16983e-07, No Iterations 2
smoothSolver:  Solving for Uy, Initial residual = 1.28615e-05, Final residual = 3.37676e-07, No Iterations 3
smoothSolver:  Solving for Uz, Initial residual = 3.16757e-06, Final residual = 9.12776e-07, No Iterations 1
DICPCG:  Solving for p, Initial residual = 9.63505e-05, Final residual = 9.16708e-08, No Iterations 306
DICPCG:  Solving for p, Initial residual = 8.75699e-06, Final residual = 9.55032e-09, No Iterations 119
time step continuity errors : sum local = 8.55067e-09, global = -9.86746e-10, cumulative = 1.64048e-05
smoothSolver:  Solving for epsilon, Initial residual = 5.30826e-06, Final residual = 2.6408e-07, No Iterations 2
smoothSolver:  Solving for k, Initial residual = 1.82313e-05, Final residual = 4.16895e-07, No Iterations 3
ExecutionTime = 96.48 s  ClockTime = 97 s

Time = 296

smoothSolver:  Solving for Ux, Initial residual = 7.11982e-06, Final residual = 6.09974e-07, No Iterations 2
smoothSolver:  Solving for Uy, Initial residual = 1.25655e-05, Final residual = 3.30388e-07, No Iterations 3
smoothSolver:  Solving for Uz, Initial residual = 3.08183e-06, Final residual = 8.88919e-07, No Iterations 1
DICPCG:  Solving for p, Initial residual = 9.38345e-05, Final residual = 8.85352e-08, No Iterations 304
DICPCG:  Solving for p, Initial residual = 8.55894e-06, Final residual = 9.90392e-09, No Iterations 118
time step continuity errors : sum local = 8.86753e-09, global = -1.031e-09, cumulative = 1.64038e-05
smoothSolver:  Solving for epsilon, Initial residual = 5.15055e-06, Final residual = 2.56174e-07, No Iterations 2
smoothSolver:  Solving for k, Initial residual = 1.7733e-05, Final residual = 4.05451e-07, No Iterations 3
ExecutionTime = 96.78 s  ClockTime = 97 s

Time = 297

smoothSolver:  Solving for Ux, Initial residual = 7.02995e-06, Final residual = 6.03373e-07, No Iterations 2
smoothSolver:  Solving for Uy, Initial residual = 1.22764e-05, Final residual = 3.23184e-07, No Iterations 3
smoothSolver:  Solving for Uz, Initial residual = 3.0024e-06, Final residual = 8.66532e-07, No Iterations 1
DICPCG:  Solving for p, Initial residual = 9.14022e-05, Final residual = 8.52304e-08, No Iterations 294
DICPCG:  Solving for p, Initial residual = 8.36072e-06, Final residual = 9.29312e-09, No Iterations 119
time step continuity errors : sum local = 8.32089e-09, global = -9.50231e-10, cumulative = 1.64028e-05
smoothSolver:  Solving for epsilon, Initial residual = 4.99776e-06, Final residual = 2.48504e-07, No Iterations 2
smoothSolver:  Solving for k, Initial residual = 1.72486e-05, Final residual = 3.94311e-07, No Iterations 3
ExecutionTime = 97.06 s  ClockTime = 97 s

Time = 298

smoothSolver:  Solving for Ux, Initial residual = 6.94264e-06, Final residual = 5.97039e-07, No Iterations 2
smoothSolver:  Solving for Uy, Initial residual = 1.19879e-05, Final residual = 3.15941e-07, No Iterations 3
smoothSolver:  Solving for Uz, Initial residual = 2.9306e-06, Final residual = 8.46352e-07, No Iterations 1
DICPCG:  Solving for p, Initial residual = 8.90226e-05, Final residual = 8.07114e-08, No Iterations 293
DICPCG:  Solving for p, Initial residual = 8.15726e-06, Final residual = 9.8814e-09, No Iterations 117
time step continuity errors : sum local = 8.84788e-09, global = -1.0482e-09, cumulative = 1.64018e-05
smoothSolver:  Solving for epsilon, Initial residual = 4.84964e-06, Final residual = 2.41062e-07, No Iterations 2
smoothSolver:  Solving for k, Initial residual = 1.67774e-05, Final residual = 3.83472e-07, No Iterations 3
ExecutionTime = 97.34 s  ClockTime = 98 s

Time = 299

smoothSolver:  Solving for Ux, Initial residual = 6.85817e-06, Final residual = 5.90943e-07, No Iterations 2
smoothSolver:  Solving for Uy, Initial residual = 1.16995e-05, Final residual = 3.08644e-07, No Iterations 3
smoothSolver:  Solving for Uz, Initial residual = 2.86625e-06, Final residual = 8.28387e-07, No Iterations 1
DICPCG:  Solving for p, Initial residual = 8.66808e-05, Final residual = 8.51518e-08, No Iterations 292
DICPCG:  Solving for p, Initial residual = 7.95139e-06, Final residual = 9.92255e-09, No Iterations 99
time step continuity errors : sum local = 8.88497e-09, global = -1.0556e-09, cumulative = 1.64007e-05
smoothSolver:  Solving for epsilon, Initial residual = 4.70595e-06, Final residual = 9.95092e-07, No Iterations 1
smoothSolver:  Solving for k, Initial residual = 1.65322e-05, Final residual = 3.78175e-07, No Iterations 3
ExecutionTime = 97.58 s  ClockTime = 98 s

Time = 300

smoothSolver:  Solving for Ux, Initial residual = 6.77792e-06, Final residual = 5.85024e-07, No Iterations 2
smoothSolver:  Solving for Uy, Initial residual = 1.143e-05, Final residual = 9.9156e-07, No Iterations 2
smoothSolver:  Solving for Uz, Initial residual = 2.80964e-06, Final residual = 8.12572e-07, No Iterations 1
DICPCG:  Solving for p, Initial residual = 8.42273e-05, Final residual = 8.05206e-08, No Iterations 293
DICPCG:  Solving for p, Initial residual = 7.70372e-06, Final residual = 9.3926e-09, No Iterations 117
time step continuity errors : sum local = 8.41066e-09, global = -8.65146e-10, cumulative = 1.63998e-05
smoothSolver:  Solving for epsilon, Initial residual = 4.8565e-06, Final residual = 2.42015e-07, No Iterations 2
smoothSolver:  Solving for k, Initial residual = 1.6182e-05, Final residual = 3.70257e-07, No Iterations 3
ExecutionTime = 97.93 s  ClockTime = 98 s

Time = 301

smoothSolver:  Solving for Ux, Initial residual = 6.69618e-06, Final residual = 5.78813e-07, No Iterations 2
smoothSolver:  Solving for Uy, Initial residual = 1.1208e-05, Final residual = 9.74263e-07, No Iterations 2
smoothSolver:  Solving for Uz, Initial residual = 2.74504e-06, Final residual = 7.9465e-07, No Iterations 1
DICPCG:  Solving for p, Initial residual = 8.18281e-05, Final residual = 8.02908e-08, No Iterations 294
DICPCG:  Solving for p, Initial residual = 7.46646e-06, Final residual = 9.55394e-09, No Iterations 118
time step continuity errors : sum local = 8.55537e-09, global = -7.68867e-10, cumulative = 1.63991e-05
smoothSolver:  Solving for epsilon, Initial residual = 4.62789e-06, Final residual = 9.82719e-07, No Iterations 1
smoothSolver:  Solving for k, Initial residual = 1.58691e-05, Final residual = 3.6331e-07, No Iterations 3
ExecutionTime = 98.24 s  ClockTime = 99 s

Time = 302

smoothSolver:  Solving for Ux, Initial residual = 6.6197e-06, Final residual = 5.7268e-07, No Iterations 2
smoothSolver:  Solving for Uy, Initial residual = 1.1024e-05, Final residual = 9.58923e-07, No Iterations 2
smoothSolver:  Solving for Uz, Initial residual = 2.68244e-06, Final residual = 7.77077e-07, No Iterations 1
DICPCG:  Solving for p, Initial residual = 7.95641e-05, Final residual = 7.93462e-08, No Iterations 298
DICPCG:  Solving for p, Initial residual = 7.25116e-06, Final residual = 9.61184e-09, No Iterations 117
time step continuity errors : sum local = 8.60745e-09, global = -7.38044e-10, cumulative = 1.63983e-05
smoothSolver:  Solving for epsilon, Initial residual = 4.72416e-06, Final residual = 2.36841e-07, No Iterations 2
smoothSolver:  Solving for k, Initial residual = 1.54753e-05, Final residual = 3.54253e-07, No Iterations 3
ExecutionTime = 98.54 s  ClockTime = 99 s

Time = 303

smoothSolver:  Solving for Ux, Initial residual = 6.54753e-06, Final residual = 5.66707e-07, No Iterations 2
smoothSolver:  Solving for Uy, Initial residual = 1.08252e-05, Final residual = 9.43114e-07, No Iterations 2
smoothSolver:  Solving for Uz, Initial residual = 2.6188e-06, Final residual = 7.5934e-07, No Iterations 1
DICPCG:  Solving for p, Initial residual = 7.74293e-05, Final residual = 7.52601e-08, No Iterations 294
DICPCG:  Solving for p, Initial residual = 7.05394e-06, Final residual = 9.97013e-09, No Iterations 117
time step continuity errors : sum local = 8.92852e-09, global = -7.39195e-10, cumulative = 1.63976e-05
smoothSolver:  Solving for epsilon, Initial residual = 4.4655e-06, Final residual = 9.51692e-07, No Iterations 1
smoothSolver:  Solving for k, Initial residual = 1.5131e-05, Final residual = 3.46439e-07, No Iterations 3
ExecutionTime = 98.85 s  ClockTime = 99 s

Time = 304

smoothSolver:  Solving for Ux, Initial residual = 6.48093e-06, Final residual = 5.60894e-07, No Iterations 2
smoothSolver:  Solving for Uy, Initial residual = 1.06431e-05, Final residual = 9.27365e-07, No Iterations 2
smoothSolver:  Solving for Uz, Initial residual = 2.56004e-06, Final residual = 7.42799e-07, No Iterations 1
DICPCG:  Solving for p, Initial residual = 7.54609e-05, Final residual = 7.19993e-08, No Iterations 293
DICPCG:  Solving for p, Initial residual = 6.88373e-06, Final residual = 9.47279e-09, No Iterations 117
time step continuity errors : sum local = 8.48336e-09, global = -7.00793e-10, cumulative = 1.63969e-05
smoothSolver:  Solving for epsilon, Initial residual = 4.53279e-06, Final residual = 9.65854e-07, No Iterations 1
smoothSolver:  Solving for k, Initial residual = 1.4929e-05, Final residual = 3.42027e-07, No Iterations 3
ExecutionTime = 99.12 s  ClockTime = 99 s

Time = 305

smoothSolver:  Solving for Ux, Initial residual = 6.41847e-06, Final residual = 5.55213e-07, No Iterations 2
smoothSolver:  Solving for Uy, Initial residual = 1.04504e-05, Final residual = 9.1075e-07, No Iterations 2
smoothSolver:  Solving for Uz, Initial residual = 2.50428e-06, Final residual = 7.27158e-07, No Iterations 1
DICPCG:  Solving for p, Initial residual = 7.36485e-05, Final residual = 7.17669e-08, No Iterations 292
DICPCG:  Solving for p, Initial residual = 6.73178e-06, Final residual = 9.56145e-09, No Iterations 116
time step continuity errors : sum local = 8.56298e-09, global = -6.88796e-10, cumulative = 1.63962e-05
smoothSolver:  Solving for epsilon, Initial residual = 4.5482e-06, Final residual = 9.71833e-07, No Iterations 1
smoothSolver:  Solving for k, Initial residual = 1.46828e-05, Final residual = 3.36428e-07, No Iterations 3
ExecutionTime = 99.4 s  ClockTime = 100 s

Time = 306

smoothSolver:  Solving for Ux, Initial residual = 6.35892e-06, Final residual = 5.49591e-07, No Iterations 2
smoothSolver:  Solving for Uy, Initial residual = 1.02483e-05, Final residual = 8.93342e-07, No Iterations 2
smoothSolver:  Solving for Uz, Initial residual = 2.45161e-06, Final residual = 7.12418e-07, No Iterations 1
DICPCG:  Solving for p, Initial residual = 7.19586e-05, Final residual = 6.82981e-08, No Iterations 291
DICPCG:  Solving for p, Initial residual = 6.59058e-06, Final residual = 9.71235e-09, No Iterations 115
time step continuity errors : sum local = 8.69834e-09, global = -6.81656e-10, cumulative = 1.63955e-05
smoothSolver:  Solving for epsilon, Initial residual = 4.52965e-06, Final residual = 9.7067e-07, No Iterations 1
smoothSolver:  Solving for k, Initial residual = 1.44031e-05, Final residual = 3.29964e-07, No Iterations 3
ExecutionTime = 99.68 s  ClockTime = 100 s

Time = 307

smoothSolver:  Solving for Ux, Initial residual = 6.30085e-06, Final residual = 5.43986e-07, No Iterations 2
smoothSolver:  Solving for Uy, Initial residual = 1.00412e-05, Final residual = 8.75438e-07, No Iterations 2
smoothSolver:  Solving for Uz, Initial residual = 2.40172e-06, Final residual = 6.98442e-07, No Iterations 1
DICPCG:  Solving for p, Initial residual = 7.0353e-05, Final residual = 6.83595e-08, No Iterations 284
DICPCG:  Solving for p, Initial residual = 6.45499e-06, Final residual = 9.94471e-09, No Iterations 115
time step continuity errors : sum local = 8.90667e-09, global = -7.21356e-10, cumulative = 1.63948e-05
smoothSolver:  Solving for epsilon, Initial residual = 4.48694e-06, Final residual = 9.63911e-07, No Iterations 1
smoothSolver:  Solving for k, Initial residual = 1.40985e-05, Final residual = 3.22846e-07, No Iterations 3
ExecutionTime = 99.94 s  ClockTime = 100 s

Time = 308

smoothSolver:  Solving for Ux, Initial residual = 6.24283e-06, Final residual = 5.38289e-07, No Iterations 2
smoothSolver:  Solving for Uy, Initial residual = 9.83386e-06, Final residual = 8.5755e-07, No Iterations 2
smoothSolver:  Solving for Uz, Initial residual = 2.3541e-06, Final residual = 6.851e-07, No Iterations 1
DICPCG:  Solving for p, Initial residual = 6.88001e-05, Final residual = 6.58228e-08, No Iterations 283
DICPCG:  Solving for p, Initial residual = 6.31886e-06, Final residual = 9.72851e-09, No Iterations 89
time step continuity errors : sum local = 8.71325e-09, global = -6.23962e-10, cumulative = 1.63942e-05
smoothSolver:  Solving for epsilon, Initial residual = 4.42636e-06, Final residual = 9.52851e-07, No Iterations 1
smoothSolver:  Solving for k, Initial residual = 1.37758e-05, Final residual = 3.15228e-07, No Iterations 3
ExecutionTime = 100.21 s  ClockTime = 101 s

Time = 309

smoothSolver:  Solving for Ux, Initial residual = 6.18427e-06, Final residual = 5.32416e-07, No Iterations 2
smoothSolver:  Solving for Uy, Initial residual = 9.6302e-06, Final residual = 8.40006e-07, No Iterations 2
smoothSolver:  Solving for Uz, Initial residual = 2.30813e-06, Final residual = 6.72172e-07, No Iterations 1
DICPCG:  Solving for p, Initial residual = 6.72872e-05, Final residual = 6.33784e-08, No Iterations 282
DICPCG:  Solving for p, Initial residual = 6.18091e-06, Final residual = 9.82272e-09, No Iterations 88
time step continuity errors : sum local = 8.79784e-09, global = -5.06801e-10, cumulative = 1.63937e-05
smoothSolver:  Solving for epsilon, Initial residual = 4.35261e-06, Final residual = 9.38476e-07, No Iterations 1
smoothSolver:  Solving for k, Initial residual = 1.34401e-05, Final residual = 3.07239e-07, No Iterations 3
ExecutionTime = 100.45 s  ClockTime = 101 s

Time = 310

smoothSolver:  Solving for Ux, Initial residual = 6.12461e-06, Final residual = 5.26354e-07, No Iterations 2
smoothSolver:  Solving for Uy, Initial residual = 9.43304e-06, Final residual = 8.23038e-07, No Iterations 2
smoothSolver:  Solving for Uz, Initial residual = 2.26333e-06, Final residual = 6.59532e-07, No Iterations 1
DICPCG:  Solving for p, Initial residual = 6.58025e-05, Final residual = 6.28108e-08, No Iterations 282
DICPCG:  Solving for p, Initial residual = 6.04252e-06, Final residual = 9.7639e-09, No Iterations 88
time step continuity errors : sum local = 8.74537e-09, global = -4.32898e-10, cumulative = 1.63932e-05
smoothSolver:  Solving for epsilon, Initial residual = 4.26864e-06, Final residual = 9.21553e-07, No Iterations 1
smoothSolver:  Solving for k, Initial residual = 1.30954e-05, Final residual = 2.98989e-07, No Iterations 3
ExecutionTime = 100.68 s  ClockTime = 101 s

Time = 311

smoothSolver:  Solving for Ux, Initial residual = 6.06292e-06, Final residual = 5.20025e-07, No Iterations 2
smoothSolver:  Solving for Uy, Initial residual = 9.24366e-06, Final residual = 8.06766e-07, No Iterations 2
smoothSolver:  Solving for Uz, Initial residual = 2.21941e-06, Final residual = 6.47056e-07, No Iterations 1
DICPCG:  Solving for p, Initial residual = 6.43396e-05, Final residual = 6.24923e-08, No Iterations 283
DICPCG:  Solving for p, Initial residual = 5.90537e-06, Final residual = 9.72186e-09, No Iterations 88
time step continuity errors : sum local = 8.70792e-09, global = -3.91772e-10, cumulative = 1.63929e-05
smoothSolver:  Solving for epsilon, Initial residual = 4.17711e-06, Final residual = 9.0269e-07, No Iterations 1
smoothSolver:  Solving for k, Initial residual = 1.27453e-05, Final residual = 9.91226e-07, No Iterations 2
ExecutionTime = 100.96 s  ClockTime = 101 s

Time = 312

smoothSolver:  Solving for Ux, Initial residual = 5.99818e-06, Final residual = 5.13385e-07, No Iterations 2
smoothSolver:  Solving for Uy, Initial residual = 9.05253e-06, Final residual = 7.90733e-07, No Iterations 2
smoothSolver:  Solving for Uz, Initial residual = 2.17501e-06, Final residual = 6.34466e-07, No Iterations 1
DICPCG:  Solving for p, Initial residual = 6.28985e-05, Final residual = 6.28457e-08, No Iterations 285
DICPCG:  Solving for p, Initial residual = 5.76725e-06, Final residual = 9.66252e-09, No Iterations 88
time step continuity errors : sum local = 8.65497e-09, global = -3.46518e-10, cumulative = 1.63925e-05
smoothSolver:  Solving for epsilon, Initial residual = 4.02113e-06, Final residual = 8.69602e-07, No Iterations 1
smoothSolver:  Solving for k, Initial residual = 1.23495e-05, Final residual = 9.60653e-07, No Iterations 2
ExecutionTime = 101.21 s  ClockTime = 101 s

Time = 313

smoothSolver:  Solving for Ux, Initial residual = 5.93106e-06, Final residual = 5.06483e-07, No Iterations 2
smoothSolver:  Solving for Uy, Initial residual = 8.87081e-06, Final residual = 7.75303e-07, No Iterations 2
smoothSolver:  Solving for Uz, Initial residual = 2.1316e-06, Final residual = 6.22059e-07, No Iterations 1
DICPCG:  Solving for p, Initial residual = 6.14802e-05, Final residual = 6.00217e-08, No Iterations 292
DICPCG:  Solving for p, Initial residual = 5.6307e-06, Final residual = 9.6447e-09, No Iterations 88
time step continuity errors : sum local = 8.6392e-09, global = -2.91329e-10, cumulative = 1.63922e-05
smoothSolver:  Solving for epsilon, Initial residual = 3.88297e-06, Final residual = 8.39627e-07, No Iterations 1
smoothSolver:  Solving for k, Initial residual = 1.19723e-05, Final residual = 9.30917e-07, No Iterations 2
ExecutionTime = 101.47 s  ClockTime = 102 s

Time = 314

smoothSolver:  Solving for Ux, Initial residual = 5.86129e-06, Final residual = 4.99326e-07, No Iterations 2
smoothSolver:  Solving for Uy, Initial residual = 8.69541e-06, Final residual = 7.60289e-07, No Iterations 2
smoothSolver:  Solving for Uz, Initial residual = 2.08908e-06, Final residual = 6.09822e-07, No Iterations 1
DICPCG:  Solving for p, Initial residual = 6.00969e-05, Final residual = 5.79028e-08, No Iterations 293
DICPCG:  Solving for p, Initial residual = 5.49927e-06, Final residual = 9.79049e-09, No Iterations 88
time step continuity errors : sum local = 8.76998e-09, global = -2.77144e-10, cumulative = 1.63919e-05
smoothSolver:  Solving for epsilon, Initial residual = 3.75557e-06, Final residual = 8.11661e-07, No Iterations 1
smoothSolver:  Solving for k, Initial residual = 1.16107e-05, Final residual = 9.02042e-07, No Iterations 2
ExecutionTime = 101.72 s  ClockTime = 102 s

Time = 315

smoothSolver:  Solving for Ux, Initial residual = 5.78891e-06, Final residual = 4.91938e-07, No Iterations 2
smoothSolver:  Solving for Uy, Initial residual = 8.52414e-06, Final residual = 7.45481e-07, No Iterations 2
smoothSolver:  Solving for Uz, Initial residual = 2.04748e-06, Final residual = 5.97845e-07, No Iterations 1
DICPCG:  Solving for p, Initial residual = 5.87515e-05, Final residual = 5.82444e-08, No Iterations 293
DICPCG:  Solving for p, Initial residual = 5.37243e-06, Final residual = 9.90991e-09, No Iterations 88
time step continuity errors : sum local = 8.87714e-09, global = -2.78361e-10, cumulative = 1.63917e-05
smoothSolver:  Solving for epsilon, Initial residual = 3.63587e-06, Final residual = 7.85242e-07, No Iterations 1
smoothSolver:  Solving for k, Initial residual = 1.1263e-05, Final residual = 8.74068e-07, No Iterations 2
ExecutionTime = 102.02 s  ClockTime = 102 s

Time = 316

smoothSolver:  Solving for Ux, Initial residual = 5.7135e-06, Final residual = 4.84333e-07, No Iterations 2
smoothSolver:  Solving for Uy, Initial residual = 8.35488e-06, Final residual = 7.30766e-07, No Iterations 2
smoothSolver:  Solving for Uz, Initial residual = 2.00678e-06, Final residual = 5.8608e-07, No Iterations 1
DICPCG:  Solving for p, Initial residual = 5.74438e-05, Final residual = 5.67348e-08, No Iterations 293
DICPCG:  Solving for p, Initial residual = 5.25013e-06, Final residual = 9.91934e-09, No Iterations 61
time step continuity errors : sum local = 8.88578e-09, global = -5.48175e-10, cumulative = 1.63911e-05
smoothSolver:  Solving for epsilon, Initial residual = 3.52239e-06, Final residual = 7.60134e-07, No Iterations 1
smoothSolver:  Solving for k, Initial residual = 1.09281e-05, Final residual = 8.47031e-07, No Iterations 2
ExecutionTime = 102.28 s  ClockTime = 103 s

Time = 317

smoothSolver:  Solving for Ux, Initial residual = 5.63508e-06, Final residual = 4.76549e-07, No Iterations 2
smoothSolver:  Solving for Uy, Initial residual = 8.18648e-06, Final residual = 7.16062e-07, No Iterations 2
smoothSolver:  Solving for Uz, Initial residual = 1.96702e-06, Final residual = 5.74539e-07, No Iterations 1
DICPCG:  Solving for p, Initial residual = 5.61736e-05, Final residual = 5.44687e-08, No Iterations 293
DICPCG:  Solving for p, Initial residual = 5.13104e-06, Final residual = 9.97058e-09, No Iterations 61
time step continuity errors : sum local = 8.93186e-09, global = -5.36456e-10, cumulative = 1.63906e-05
smoothSolver:  Solving for epsilon, Initial residual = 3.41433e-06, Final residual = 7.36195e-07, No Iterations 1
smoothSolver:  Solving for k, Initial residual = 1.06052e-05, Final residual = 8.20943e-07, No Iterations 2
ExecutionTime = 102.53 s  ClockTime = 103 s

Time = 318

smoothSolver:  Solving for Ux, Initial residual = 5.55385e-06, Final residual = 4.68609e-07, No Iterations 2
smoothSolver:  Solving for Uy, Initial residual = 8.01888e-06, Final residual = 7.01373e-07, No Iterations 2
smoothSolver:  Solving for Uz, Initial residual = 1.92808e-06, Final residual = 5.63224e-07, No Iterations 1
DICPCG:  Solving for p, Initial residual = 5.49389e-05, Final residual = 5.18715e-08, No Iterations 293
DICPCG:  Solving for p, Initial residual = 5.01559e-06, Final residual = 9.85029e-09, No Iterations 86
time step continuity errors : sum local = 8.82428e-09, global = -3.03376e-10, cumulative = 1.63903e-05
smoothSolver:  Solving for epsilon, Initial residual = 3.31121e-06, Final residual = 7.13323e-07, No Iterations 1
smoothSolver:  Solving for k, Initial residual = 1.02937e-05, Final residual = 7.95796e-07, No Iterations 2
ExecutionTime = 102.79 s  ClockTime = 103 s

Time = 319

smoothSolver:  Solving for Ux, Initial residual = 5.46992e-06, Final residual = 4.60531e-07, No Iterations 2
smoothSolver:  Solving for Uy, Initial residual = 7.85199e-06, Final residual = 6.8672e-07, No Iterations 2
smoothSolver:  Solving for Uz, Initial residual = 1.88992e-06, Final residual = 5.52073e-07, No Iterations 1
DICPCG:  Solving for p, Initial residual = 5.3737e-05, Final residual = 4.97975e-08, No Iterations 293
DICPCG:  Solving for p, Initial residual = 4.90335e-06, Final residual = 9.71585e-09, No Iterations 85
time step continuity errors : sum local = 8.70402e-09, global = -3.16306e-10, cumulative = 1.639e-05
smoothSolver:  Solving for epsilon, Initial residual = 3.21273e-06, Final residual = 6.91499e-07, No Iterations 1
smoothSolver:  Solving for k, Initial residual = 9.99317e-06, Final residual = 7.71565e-07, No Iterations 2
ExecutionTime = 103.05 s  ClockTime = 103 s


SIMPLE solution converged in 319 iterations

End

Finalising parallel run
/*---------------------------------------------------------------------------*\
| =========                 |                                                 |
| \\      /  F ield         | OpenFOAM: The Open Source CFD Toolbox           |
|  \\    /   O peration     | Version:  2312                                  |
|   \\  /    A nd           | Website:  www.openfoam.com                      |
|    \\/     M anipulation  |                                                 |
\*---------------------------------------------------------------------------*/
Build  : _9a9aeb73-20260127 OPENFOAM=2312 patch=260127 version=2312
Arch   : "LSB;label=32;scalar=64"
Exec   : reconstructPar
Date   : Jun 07 2026
Time   : 17:18:12
Host   : PC17
PID    : 14224
I/O    : uncollated
Case   : /home/kng/OpenFOAM/cfd-master-hcmut
nProcs : 1
trapFpe: Floating point exception trapping enabled (FOAM_SIGFPE).
fileModificationChecking : Monitoring run-time modified files using timeStampMaster (fileModificationSkew 5, maxFileModificationPolls 20)
allowSystemOperations : Allowing user-supplied system call operations

// * * * * * * * * * * * * * * * * * * * * * * * * * * * * * * * * * * * * * //
Create time



Reconstructing fields
region=region0

Time = 100

Reconstructing FV fields

    Reconstructing volScalarFields

        epsilon
        k
        nut
        p

    Reconstructing volVectorFields

        U

    Reconstructing surfaceScalarFields

        phi

Reconstructing point fields

No point fields

No lagrangian fields

No FA fields

Time = 200

Reconstructing FV fields

    Reconstructing volScalarFields

        epsilon
        k
        nut
        p

    Reconstructing volVectorFields

        U

    Reconstructing surfaceScalarFields

        phi

Reconstructing point fields

No point fields

No lagrangian fields

No FA fields

Time = 300

Reconstructing FV fields

    Reconstructing volScalarFields

        epsilon
        k
        nut
        p

    Reconstructing volVectorFields

        U

    Reconstructing surfaceScalarFields

        phi

Reconstructing point fields

No point fields

No lagrangian fields

No FA fields

Time = 319

Reconstructing FV fields

    Reconstructing volScalarFields

        epsilon
        k
        nut
        p

    Reconstructing volVectorFields

        U

    Reconstructing surfaceScalarFields

        phi

Reconstructing point fields

No point fields

No lagrangian fields

No FA fields


End

Cleaning up any time directories without results
Done.
Started on:  Sun, 07 Jun 2026 17:15:54 +0000
Started on:  Sun, 07 Jun 2026 17:15:54 +0000
Finished on: Sun, 07 Jun 2026 17:18:15 +0000
Finished on: Sun, 07 Jun 2026 17:18:15 +0000
Duration:    141 seconds (wall-clock time, including time waiting for participants)
Duration:    141 seconds (wall-clock time, including time waiting for participants)
