iteration,MSE_STD,MSE_DYN,MSE_CON
1.0,73187.18480149774,264198.238861652,284154.47981689544
2.0,34660.43354542752,155038.44410034345,35883.650201694705
3.0,34660.43354542752,44473.76797043133,35883.650201694705
4.0,34660.43354542752,37020.20937329028,3400.1405627453646
5.0,34660.43354542752,37020.20937329028,3400.1405627453646
6.0,34660.43354542752,37020.20937329028,158.9977451671859
7.0,4397.863405011012,22335.248111519406,158.9977451671859
8.0,4397.863405011012,22335.248111519406,158.9977451671859
9.0,251.27546435343882,22335.248111519406,158.9977451671859
10.0,251.27546435343882,22335.248111519406,158.9977451671859
11.0,251.27546435343882,22335.248111519406,39.05307871728357
12.0,251.27546435343882,218.94056004018813,39.05307871728357
13.0,251.27546435343882,218.94056004018813,39.05307871728357
14.0,251.27546435343882,218.94056004018813,39.05307871728357
15.0,243.26379242732173,218.94056004018813,39.05307871728357
16.0,243.26379242732173,218.94056004018813,39.05307871728357
17.0,231.66226670982127,218.94056004018813,29.103615185430936
18.0,231.66226670982127,218.94056004018813,29.103615185430936
19.0,231.66226670982127,218.94056004018813,8.711079179792337
20.0,89.73661894763434,218.94056004018813,8.711079179792337
21.0,89.73661894763434,218.94056004018813,8.711079179792337
22.0,15.845764335550468,218.94056004018813,8.711079179792337
23.0,15.845764335550468,218.94056004018813,8.711079179792337
24.0,15.845764335550468,218.94056004018813,8.711079179792337
25.0,15.845764335550468,218.94056004018813,8.711079179792337
26.0,15.845764335550468,218.94056004018813,8.711079179792337
27.0,15.845764335550468,218.94056004018813,8.711079179792337
28.0,2.696793055027899,218.94056004018813,8.711079179792337
29.0,1.935749944596547,218.94056004018813,0.7608606778959024
30.0,1.1292354058988503,218.94056004018813,0.7608606778959024
31.0,1.1292354058988503,218.94056004018813,0.7608606778959024
32.0,1.1292354058988503,218.94056004018813,0.7608606778959024
33.0,1.1292354058988503,218.94056004018813,0.7608606778959024
34.0,0.8046869228835777,218.94056004018813,0.7608606778959024
35.0,0.5696915795186916,218.94056004018813,0.4023534725022524
36.0,0.4794378106554112,218.94056004018813,0.4023534725022524
37.0,0.4794378106554112,218.94056004018813,0.4023534725022524
38.0,0.4794378106554112,3.78253528312114,0.4023534725022524
39.0,0.4794378106554112,3.78253528312114,0.4023534725022524
40.0,0.30172255018364613,3.78253528312114,0.4023534725022524
41.0,0.30172255018364613,3.78253528312114,0.4023534725022524
42.0,0.2406563578628647,3.78253528312114,0.3628847647966404
43.0,0.2406563578628647,3.78253528312114,0.260334279605695
44.0,0.2406563578628647,3.78253528312114,0.260334279605695
45.0,0.2406563578628647,3.78253528312114,0.260334279605695
46.0,0.22243826404661693,3.78253528312114,0.260334279605695
47.0,0.22243826404661693,3.78253528312114,0.260334279605695
48.0,0.21910685924275614,3.78253528312114,0.260334279605695
49.0,0.16988257307514656,3.78253528312114,0.20961752878184794
50.0,0.16988257307514656,3.78253528312114,0.184591624640808
51.0,0.16988257307514656,3.78253528312114,0.184591624640808
52.0,0.16988257307514656,3.78253528312114,0.12568411182253955
53.0,0.16988257307514656,3.78253528312114,0.12568411182253955
54.0,0.16988257307514656,3.78253528312114,0.12568411182253955
55.0,0.16988257307514656,3.78253528312114,0.12568411182253955
56.0,0.16988257307514656,3.78253528312114,0.12568411182253955
57.0,0.14099588026197118,3.78253528312114,0.06579143794869616
58.0,0.14099588026197118,3.78253528312114,0.06579143794869616
59.0,0.14099588026197118,3.78253528312114,0.06579143794869616
60.0,0.14099588026197118,3.78253528312114,0.06579143794869616
61.0,0.12536345860239223,3.78253528312114,0.06111394807366355
62.0,0.11337991148742513,3.78253528312114,0.06111394807366355
63.0,0.10033561563757529,3.78253528312114,0.06111394807366355
64.0,0.09759927291410457,3.78253528312114,0.06111394807366355
65.0,0.09759927291410457,3.78253528312114,0.06111394807366355
66.0,0.09727985984950029,3.78253528312114,0.06111394807366355
67.0,0.08873741214925304,3.78253528312114,0.06029165742521567
68.0,0.08873741214925304,3.78253528312114,0.06029165742521567
69.0,0.08626214243801271,3.78253528312114,0.06029165742521567
70.0,0.08473233167869355,3.78253528312114,0.04187107748626725
71.0,0.07831533964007041,3.78253528312114,0.04187107748626725
72.0,0.04645880604537451,3.78253528312114,0.032511835184992406
73.0,0.03903182856414625,3.78253528312114,0.029623391987593412
74.0,0.03903182856414625,3.78253528312114,0.029623391987593412
75.0,0.03024622332136795,3.78253528312114,0.029623391987593412
76.0,0.03024622332136795,3.78253528312114,0.029623391987593412
77.0,0.02711173820067473,3.78253528312114,0.01910852887526315
78.0,0.02711173820067473,3.78253528312114,0.01910852887526315
79.0,0.021426151487479575,3.78253528312114,0.01910852887526315
80.0,0.01728435866837106,3.78253528312114,0.01910852887526315
81.0,0.01728435866837106,3.78253528312114,0.01910852887526315
82.0,0.01728435866837106,3.78253528312114,0.01910852887526315
83.0,0.01728435866837106,3.78253528312114,0.01910852887526315
84.0,0.01728435866837106,3.78253528312114,0.01862134980035247
85.0,0.016856275076092202,3.78253528312114,0.01065410523511359
86.0,0.016856275076092202,3.78253528312114,0.01065410523511359
87.0,0.016856275076092202,3.78253528312114,0.01065410523511359
88.0,0.016856275076092202,3.78253528312114,0.01065410523511359
89.0,0.01580817417358532,3.78253528312114,0.01065410523511359
90.0,0.01580817417358532,3.78253528312114,0.00742075516527065
91.0,0.0135856180845379,3.78253528312114,0.00742075516527065
92.0,0.0135856180845379,3.78253528312114,0.00742075516527065
93.0,0.0135856180845379,3.78253528312114,0.00742075516527065
94.0,0.0135856180845379,3.78253528312114,0.00742075516527065
95.0,0.0135856180845379,3.78253528312114,0.00742075516527065
96.0,0.012722863363957799,3.78253528312114,0.00742075516527065
97.0,0.012524430803557586,3.78253528312114,0.00742075516527065
98.0,0.012524430803557586,3.78253528312114,0.00742075516527065
99.0,0.010636719517075193,3.78253528312114,0.00742075516527065
100.0,0.010636719517075193,3.78253528312114,0.00742075516527065
101.0,0.009879511783953474,1.3778192609391977,0.00742075516527065
102.0,0.009879511783953474,1.3778192609391977,0.00742075516527065
103.0,0.00891957519890781,1.3778192609391977,0.00742075516527065
104.0,0.008573440475823361,1.3778192609391977,0.0074109316476297276
105.0,0.008573440475823361,1.3778192609391977,0.0074109316476297276
106.0,0.008005153031865667,1.3778192609391977,0.00739931800101908
107.0,0.008005153031865667,1.3778192609391977,0.00739931800101908
108.0,0.007721706946915848,1.3778192609391977,0.00739931800101908
109.0,0.007721706946915848,1.3778192609391977,0.00739931800101908
110.0,0.007721706946915848,1.3778192609391977,0.00739931800101908
111.0,0.007721706946915848,1.3778192609391977,0.00739931800101908
112.0,0.007582400074144902,1.3778192609391977,0.00739931800101908
113.0,0.007454151021137285,1.3778192609391977,0.00739931800101908
114.0,0.007441645078919197,0.7869191594174759,0.00739931800101908
115.0,0.007441645078919197,0.7869191594174759,0.007392739320072699
116.0,0.007441645078919197,0.7869191594174759,0.007392739320072699
117.0,0.007440792916944278,0.7869191594174759,0.007392739320072699
118.0,0.007440792916944278,0.762149830763884,0.007392739320072699
119.0,0.007440792916944278,0.762149830763884,0.007392739320072699
120.0,0.007440792916944278,0.762149830763884,0.007392739320072699
121.0,0.007440792916944278,0.762149830763884,0.007392739320072699
122.0,0.007440792916944278,0.762149830763884,0.007392739320072699
123.0,0.007440792916944278,0.762149830763884,0.007392739320072699
124.0,0.007440792916944278,0.762149830763884,0.007392739320072699
125.0,0.007415025192931046,0.762149830763884,0.007392739320072699
126.0,0.007392758652628579,0.762149830763884,0.007392739320072699
127.0,0.007392758652628579,0.762149830763884,0.007392739320072699
128.0,0.007392758652628579,0.762149830763884,0.007392384733438173
129.0,0.007390392200424518,0.762149830763884,0.007392384733438173
130.0,0.007390392200424518,0.762149830763884,0.007392384733438173
131.0,0.007390392200424518,0.762149830763884,0.007392361883805398
132.0,0.007390392200424518,0.762149830763884,0.007392361883805398
133.0,0.007390392200424518,0.762149830763884,0.007392361883805398
134.0,0.007390392200424518,0.762149830763884,0.007392140517767726
135.0,0.007390392200424518,0.762149830763884,0.007392140517767726
136.0,0.007390392200424518,0.762149830763884,0.007392140517767726
137.0,0.007390392200424518,0.762149830763884,0.007392140517767726
138.0,0.007389832145641769,0.762149830763884,0.007392140517767726
139.0,0.007389832145641769,0.762149830763884,0.007392140517767726
140.0,0.007389832145641769,0.762149830763884,0.007392140517767726
141.0,0.007389832145641769,0.762149830763884,0.007392140517767726
142.0,0.007389832145641769,0.762149830763884,0.007391644383345318
143.0,0.007389832145641769,0.762149830763884,0.007391644383345318
144.0,0.007389832145641769,0.762149830763884,0.007391644383345318
145.0,0.0073896858418965,0.762149830763884,0.007391186360434985
146.0,0.0073896858418965,0.762149830763884,0.007390556649613442
147.0,0.0073896858418965,0.762149830763884,0.007390556649613442
148.0,0.007389666442940644,0.762149830763884,0.007390556649613442
149.0,0.007389666442940644,0.75371800596824,0.007390556649613442
150.0,0.007389666442940644,0.75371800596824,0.007390556649613442
151.0,0.007389666442940644,0.75371800596824,0.007390556649613442
152.0,0.007389666442940644,0.75371800596824,0.007390556649613442
153.0,0.007389666442940644,0.75371800596824,0.007390315576256097
154.0,0.007389666442940644,0.75371800596824,0.007390315576256097
155.0,0.007389666442940644,0.7159207600705086,0.007390315576256097
156.0,0.007389666442940644,0.7159207600705086,0.007390315576256097
157.0,0.007389666442940644,0.7159207600705086,0.007390315576256097
158.0,0.007389666442940644,0.7159207600705086,0.007390315576256097
159.0,0.007389666442940644,0.7159207600705086,0.007389974310724806
160.0,0.007389666442940644,0.7159207600705086,0.007389974310724806
161.0,0.007389661853034699,0.7159207600705086,0.007389820296124018
162.0,0.007389661853034699,0.7159207600705086,0.007389797806911827
163.0,0.007389661853034699,0.7159207600705086,0.007389797806911827
164.0,0.007389656231016631,0.7159207600705086,0.007389797806911827
165.0,0.007389656231016631,0.7159207600705086,0.007389797806911827
166.0,0.00738965508208462,0.7159207600705086,0.0073896980273514086
167.0,0.0073896523462232706,0.7159207600705086,0.0073896980273514086
168.0,0.0073896523462232706,0.7159207600705086,0.0073896980273514086
169.0,0.0073896523462232706,0.7159207600705086,0.0073896980273514086
170.0,0.0073896523462232706,0.7159207600705086,0.0073896980273514086
171.0,0.0073896523462232706,0.7159207600705086,0.0073896980273514086
172.0,0.0073896523462232706,0.7159207600705086,0.0073896980273514086
173.0,0.0073896523462232706,0.7159207600705086,0.00738967675444698
174.0,0.007389652102616417,0.7159207600705086,0.00738967675444698
175.0,0.007389652102616417,0.7159207600705086,0.00738967675444698
176.0,0.007389652102616417,0.7159207600705086,0.00738967675444698
177.0,0.007389652102616417,0.7159207600705086,0.00738967675444698
178.0,0.007389652102616417,0.7159207600705086,0.0073896699532547865
179.0,0.007389652102616417,0.7159207600705086,0.007389659104345198
180.0,0.007389652102616417,0.7159207600705086,0.007389659104345198
181.0,0.007389651998555632,0.7159207600705086,0.007389659104345198
182.0,0.007389651998555632,0.7159207600705086,0.007389659104345198
183.0,0.007389651871105948,0.7159207600705086,0.007389659104345198
184.0,0.007389651781288403,0.7159207600705086,0.007389659104345198
185.0,0.007389651781288403,0.7159207600705086,0.007389659104345198
186.0,0.007389651761563861,0.7159207600705086,0.007389659104345198
187.0,0.007389651676298891,0.7159207600705086,0.007389659104345198
188.0,0.007389651624965624,0.7159207600705086,0.007389659104345198
189.0,0.007389651624965624,0.7159207600705086,0.007389656286242065
190.0,0.0073896514494503915,0.7159207600705086,0.007389656286242065
191.0,0.007389651414196136,0.7159207600705086,0.007389656286242065
192.0,0.007389651414196136,0.7159207600705086,0.007389654647506913
193.0,0.007389651414196136,0.7159207600705086,0.007389654647506913
194.0,0.007389651414196136,0.7159207600705086,0.007389654647506913
195.0,0.00738965129021829,0.7159207600705086,0.007389654647506913
196.0,0.007389651100057961,0.7159207600705086,0.007389654647506913
197.0,0.007389651040298247,0.7159207600705086,0.007389654647506913
198.0,0.007389651034409133,0.7159207600705086,0.007389654647506913
199.0,0.007389650958008564,0.7159207600705086,0.007389654647506913
200.0,0.0073896509135458,0.7159207600705086,0.007389654560977158
201.0,0.00738965081440003,0.7159207600705086,0.007389654560977158
202.0,0.007389650801089815,0.7159207600705086,0.007389654121762597
203.0,0.007389650752307484,0.7159207600705086,0.007389654121762597
204.0,0.0073896507217753125,0.7159207600705086,0.007389653980369365
205.0,0.007389650649625419,0.7159207600705086,0.007389653980369365
206.0,0.007389650649625419,0.7159207600705086,0.007389653384409769
207.0,0.007389650630268755,0.7010251469937979,0.007389653384409769
208.0,0.00738965047391517,0.7010251469937979,0.007389653339875695
209.0,0.007389650361496895,0.7010251469937979,0.007389653339875695
210.0,0.007389650260016651,0.6916058079064633,0.007389653339875695
211.0,0.007389650231744348,0.6916058079064633,0.007389653339875695
212.0,0.007389650231744348,0.6916058079064633,0.007389653339875695
213.0,0.007389650203503017,0.6916058079064633,0.007389653339875695
214.0,0.007389650203503017,0.6916058079064633,0.007389653339875695
215.0,0.007389650203503017,0.6916058079064633,0.007389653081667794
216.0,0.007389650203503017,0.6916058079064633,0.007389653081667794
217.0,0.00738965014873076,0.6916058079064633,0.007389652455509743
218.0,0.00738965014873076,0.6916058079064633,0.007389652455509743
219.0,0.00738965014873076,0.6916058079064633,0.007389652149804227
220.0,0.00738965014873076,0.6916058079064633,0.007389652149804227
221.0,0.007389650133170252,0.6916058079064633,0.007389652149804227
222.0,0.007389650052357876,0.6297691053771022,0.007389652149804227
223.0,0.007389650015440243,0.5861495044541042,0.007389652111243043
224.0,0.007389649972252726,0.5555559027291951,0.007389652111243043
225.0,0.007389649972252726,0.5341747653896223,0.007389651634893806
226.0,0.007389649972252726,0.5192955200670762,0.007389651634893806
227.0,0.007389649972252726,0.4576302849587437,0.007389651634893806
228.0,0.007389649972252726,0.4280545419075234,0.007389651517240053
229.0,0.0073896499646083896,0.4280545419075234,0.007389651517240053
230.0,0.007389649953262327,0.4280545419075234,0.007389651483411473
231.0,0.007389649943395777,0.4280545419075234,0.007389651355527178
232.0,0.007389649937291391,0.4280545419075234,0.0073896510724062075
233.0,0.007389649937291391,0.4280545419075234,0.007389650878237542
234.0,0.007389649937291391,0.3705709906578657,0.007389650809851882
235.0,0.007389649937291391,0.3705709906578657,0.0073896507625887935
236.0,0.007389649937291391,0.3705709906578657,0.0073896507625887935
237.0,0.007389649934727752,0.3705709906578657,0.0073896504375353805
238.0,0.007389649927189417,0.3705709906578657,0.0073896504375353805
239.0,0.007389649927189417,0.3705709906578657,0.0073896504375353805
240.0,0.007389649925599673,0.3705709906578657,0.0073896504375353805
241.0,0.007389649925599673,0.3705709906578657,0.0073896504375353805
242.0,0.007389649923968149,0.3705709906578657,0.0073896504375353805
243.0,0.0073896499231254015,0.04819360676448208,0.007389650425419382
244.0,0.007389649922251,0.04819360676448208,0.007389650425419382
245.0,0.007389649922248534,0.04819360676448208,0.007389650425419382
246.0,0.007389649918787665,0.04819360676448208,0.007389650404872112
247.0,0.007389649918787665,0.04819360676448208,0.007389650404872112
248.0,0.007389649918787665,0.04819360676448208,0.007389650337881244
249.0,0.00738964991731335,0.04819360676448208,0.007389649957583429
250.0,0.007389649913222631,0.04819360676448208,0.007389649957583429
251.0,0.007389649908894874,0.04819360676448208,0.0073896499142172235
252.0,0.007389649906362235,0.04819360676448208,0.0073896499142172235
253.0,0.007389649906362235,0.04819360676448208,0.0073896499142172235
254.0,0.007389649906362235,0.04819360676448208,0.0073896499142172235
255.0,0.007389649906362235,0.04819360676448208,0.0073896499142172235
256.0,0.007389649906362235,0.04819360676448208,0.0073896499142172235
257.0,0.007389649902069395,0.04819360676448208,0.0073896499142172235
258.0,0.007389649902069395,0.04819360676448208,0.0073896499142172235
259.0,0.007389649902069395,0.04819360676448208,0.0073896499142172235
260.0,0.0073896499012482565,0.04819360676448208,0.0073896499142172235
261.0,0.007389649900788299,0.04819360676448208,0.0073896499142172235
262.0,0.007389649900788299,0.04819360676448208,0.0073896499142172235
263.0,0.007389649900788299,0.04819360676448208,0.0073896499142172235
264.0,0.007389649900761999,0.04819360676448208,0.0073896499142172235
265.0,0.007389649900761999,0.04819360676448208,0.007389649910955218
266.0,0.007389649900761999,0.04819360676448208,0.007389649908607009
267.0,0.007389649900761999,0.04819360676448208,0.007389649908607009
268.0,0.007389649900761999,0.04819360676448208,0.007389649908607009
269.0,0.007389649900761999,0.04819360676448208,0.007389649900711522
270.0,0.007389649900761999,0.04819360676448208,0.007389649900711522
271.0,0.007389649900761999,0.04819360676448208,0.007389649900711522
272.0,0.007389649900722183,0.04819360676448208,0.007389649900711522
273.0,0.0073896499004725245,0.04819360676448208,0.007389649900711522
274.0,0.0073896499004725245,0.04819360676448208,0.007389649900711522
275.0,0.0073896499004725245,0.04819360676448208,0.007389649900711522
276.0,0.0073896499004725245,0.04819360676448208,0.007389649900711522
277.0,0.0073896499004725245,0.04819360676448208,0.007389649900711522
278.0,0.0073896499004725245,0.04819360676448208,0.007389649900711522
279.0,0.0073896499004725245,0.04819360676448208,0.007389649900711522
280.0,0.007389649900466714,0.04819360676448208,0.007389649900711522
281.0,0.007389649900466714,0.04819360676448208,0.007389649900711522
282.0,0.007389649900466714,0.04819360676448208,0.007389649900711522
283.0,0.007389649900466714,0.04819360676448208,0.007389649900711522
284.0,0.007389649900435187,0.04819360676448208,0.007389649900600384
285.0,0.007389649900435187,0.04819360676448208,0.007389649900600384
286.0,0.007389649900435187,0.046915571214989966,0.007389649900600384
287.0,0.007389649900406548,0.046915571214989966,0.007389649900550446
288.0,0.007389649900406548,0.046915571214989966,0.007389649900550446
289.0,0.007389649900406548,0.02199202679395041,0.007389649900550446
290.0,0.007389649900406548,0.02199202679395041,0.0073896499004282995
291.0,0.007389649900406548,0.02199202679395041,0.0073896499004282995
292.0,0.007389649900406548,0.02199202679395041,0.0073896499004282995
293.0,0.007389649900406548,0.02199202679395041,0.0073896499004282995
294.0,0.007389649900406548,0.02199202679395041,0.0073896499004282995
295.0,0.007389649900406548,0.02199202679395041,0.0073896499004282995
296.0,0.007389649900406548,0.02199202679395041,0.007389649900422784
297.0,0.007389649900406548,0.02199202679395041,0.007389649900422784
298.0,0.007389649900405717,0.02199202679395041,0.0073896499004047055
299.0,0.007389649900405717,0.02001617588371343,0.007389649900395778
300.0,0.007389649900401808,0.02001617588371343,0.007389649900395778
301.0,0.007389649900401808,0.02001617588371343,0.00738964990039
302.0,0.007389649900401808,0.02001617588371343,0.00738964990039
303.0,0.007389649900401808,0.02001617588371343,0.00738964990039
304.0,0.007389649900401808,0.02001617588371343,0.00738964990039
305.0,0.007389649900387749,0.02001617588371343,0.00738964990039
306.0,0.00738964990038374,0.02001617588371343,0.007389649900378496
307.0,0.00738964990038374,0.02001617588371343,0.007389649900378496
308.0,0.00738964990038374,0.02001617588371343,0.007389649900378496
309.0,0.00738964990038374,0.02001617588371343,0.007389649900378496
310.0,0.00738964990038374,0.015985540123943938,0.007389649900378496
311.0,0.00738964990038374,0.015985540123943938,0.007389649900378496
312.0,0.00738964990038374,0.01537651128536505,0.007389649900378496
313.0,0.007389649900380217,0.01537651128536505,0.007389649900378496
314.0,0.007389649900380217,0.01537651128536505,0.007389649900378496
315.0,0.007389649900380024,0.01537651128536505,0.007389649900378496
316.0,0.007389649900380024,0.01537651128536505,0.007389649900378496
317.0,0.0073896499003789145,0.01537651128536505,0.007389649900378496
318.0,0.007389649900376763,0.01537651128536505,0.007389649900378496
319.0,0.007389649900376763,0.01537651128536505,0.007389649900378496
320.0,0.007389649900376763,0.01537651128536505,0.0073896499003772076
321.0,0.007389649900376763,0.01537651128536505,0.0073896499003772076
322.0,0.007389649900376763,0.01537651128536505,0.007389649900377122
323.0,0.007389649900376763,0.01537651128536505,0.007389649900377122
324.0,0.007389649900376763,0.01537651128536505,0.007389649900377122
325.0,0.007389649900376763,0.01537651128536505,0.007389649900377122
326.0,0.007389649900376763,0.01537651128536505,0.007389649900377122
327.0,0.007389649900376763,0.01537651128536505,0.007389649900377122
328.0,0.007389649900376763,0.01537651128536505,0.007389649900377122
329.0,0.007389649900376763,0.01537651128536505,0.007389649900377122
330.0,0.007389649900376763,0.01537651128536505,0.007389649900377122
331.0,0.007389649900376674,0.01537651128536505,0.007389649900377092
332.0,0.007389649900376674,0.014329379628100923,0.007389649900377092
333.0,0.007389649900376674,0.014329379628100923,0.007389649900377038
334.0,0.007389649900376674,0.014313690989096675,0.007389649900377038
335.0,0.007389649900376674,0.013660553233659108,0.007389649900377038
336.0,0.007389649900376674,0.012412218862049686,0.007389649900377038
337.0,0.007389649900376674,0.012351686212971998,0.007389649900377038
338.0,0.007389649900376674,0.011507034283852005,0.007389649900377038
339.0,0.007389649900376674,0.0111446391982952,0.007389649900377038
340.0,0.007389649900376674,0.011066150740937895,0.007389649900377038
341.0,0.007389649900376674,0.011066150740937895,0.007389649900377038
342.0,0.007389649900376674,0.010888263732758828,0.007389649900377038
343.0,0.007389649900376668,0.010888263732758828,0.007389649900377038
344.0,0.0073896499003766455,0.010888263732758828,0.007389649900377038
345.0,0.0073896499003766455,0.010888263732758828,0.0073896499003767956
346.0,0.0073896499003766455,0.010516340616807618,0.007389649900376753
347.0,0.0073896499003766455,0.010516340616807618,0.007389649900376753
348.0,0.0073896499003766455,0.010354643837562837,0.007389649900376753
349.0,0.0073896499003766455,0.010354643837562837,0.007389649900376753
350.0,0.0073896499003766455,0.010354643837562837,0.007389649900376753
351.0,0.0073896499003766455,0.010354643837562837,0.007389649900376753
352.0,0.0073896499003766455,0.010354643837562837,0.007389649900376753
353.0,0.0073896499003766455,0.010354643837562837,0.007389649900376753
354.0,0.007389649900376639,0.010354643837562837,0.007389649900376753
355.0,0.007389649900376639,0.010354643837562837,0.007389649900376753
356.0,0.007389649900376639,0.010139446562583063,0.007389649900376753
357.0,0.007389649900376639,0.010139446562583063,0.007389649900376751
358.0,0.007389649900376639,0.009868557329999212,0.007389649900376725
359.0,0.007389649900376639,0.009868557329999212,0.007389649900376702
360.0,0.007389649900376639,0.009868557329999212,0.00738964990037668
361.0,0.007389649900376639,0.009868557329999212,0.00738964990037668
362.0,0.007389649900376639,0.00984901692737555,0.00738964990037668
363.0,0.007389649900376639,0.00984901692737555,0.00738964990037668
364.0,0.007389649900376634,0.009811331561506558,0.00738964990037668
365.0,0.007389649900376634,0.009785845708994592,0.00738964990037668
366.0,0.00738964990037662,0.009782118670088508,0.007389649900376662
367.0,0.00738964990037662,0.008251967386943043,0.007389649900376654
368.0,0.00738964990037662,0.008251967386943043,0.007389649900376654
369.0,0.00738964990037662,0.008251967386943043,0.007389649900376654
370.0,0.00738964990037662,0.008251967386943043,0.007389649900376654
371.0,0.00738964990037662,0.007926386851486594,0.007389649900376654
372.0,0.00738964990037662,0.007926386851486594,0.007389649900376654
373.0,0.00738964990037662,0.007926386851486594,0.007389649900376654
374.0,0.00738964990037662,0.007826122533338708,0.0073896499003766524
375.0,0.00738964990037662,0.007826122533338708,0.0073896499003766524
376.0,0.00738964990037662,0.007826122533338708,0.0073896499003766524
377.0,0.00738964990037662,0.007826122533338708,0.0073896499003766524
378.0,0.00738964990037662,0.007826122533338708,0.007389649900376646
379.0,0.00738964990037662,0.00782405764121535,0.007389649900376646
380.0,0.00738964990037662,0.00782405764121535,0.007389649900376646
381.0,0.00738964990037662,0.007649875635377617,0.007389649900376646
382.0,0.00738964990037662,0.007649875635377617,0.007389649900376641
383.0,0.00738964990037662,0.007649875635377617,0.007389649900376641
384.0,0.00738964990037662,0.007649875635377617,0.007389649900376641
385.0,0.007389649900376618,0.007649875635377617,0.007389649900376628
386.0,0.007389649900376618,0.007649875635377617,0.007389649900376628
387.0,0.007389649900376614,0.007444568532223548,0.007389649900376628
388.0,0.007389649900376614,0.007444568532223548,0.007389649900376628
389.0,0.007389649900376614,0.007444568532223548,0.007389649900376628
390.0,0.007389649900376614,0.007441635899866409,0.007389649900376628
391.0,0.007389649900376614,0.007441635899866409,0.007389649900376628
392.0,0.007389649900376614,0.0074415838020733,0.007389649900376628
393.0,0.007389649900376614,0.0074415838020733,0.007389649900376628
394.0,0.007389649900376614,0.007417557828881774,0.007389649900376628
395.0,0.007389649900376611,0.007417557828881774,0.007389649900376628
396.0,0.007389649900376611,0.007417557828881774,0.007389649900376628
397.0,0.007389649900376611,0.007417557828881774,0.007389649900376625
398.0,0.007389649900376611,0.007417557828881774,0.007389649900376625
399.0,0.007389649900376611,0.007417557828881774,0.007389649900376625
400.0,0.007389649900376611,0.007417557828881774,0.007389649900376625
401.0,0.007389649900376604,0.007417557828881774,0.007389649900376625
402.0,0.007389649900376604,0.007417557828881774,0.007389649900376625
403.0,0.007389649900376604,0.0074139023421258545,0.007389649900376625
404.0,0.007389649900376604,0.007407652400821751,0.007389649900376625
405.0,0.007389649900376604,0.007407652400821751,0.007389649900376625
406.0,0.007389649900376604,0.007407652400821751,0.007389649900376625
407.0,0.007389649900376604,0.007407652400821751,0.007389649900376625
408.0,0.007389649900376604,0.007407652400821751,0.007389649900376625
409.0,0.007389649900376604,0.007400651215865198,0.007389649900376625
410.0,0.007389649900376604,0.007400651215865198,0.007389649900376625
411.0,0.007389649900376604,0.007398301001733219,0.007389649900376625
412.0,0.007389649900376604,0.007398301001733219,0.007389649900376625
413.0,0.007389649900376604,0.007398301001733219,0.007389649900376625
414.0,0.007389649900376604,0.007398301001733219,0.007389649900376625
415.0,0.007389649900376604,0.007398301001733219,0.007389649900376625
416.0,0.007389649900376597,0.007398301001733219,0.007389649900376625
417.0,0.007389649900376597,0.007398301001733219,0.007389649900376623
418.0,0.007389649900376597,0.007398301001733219,0.007389649900376623
419.0,0.007389649900376597,0.007398301001733219,0.007389649900376623
420.0,0.007389649900376597,0.007398301001733219,0.007389649900376623
421.0,0.007389649900376597,0.007398301001733219,0.007389649900376623
422.0,0.007389649900376597,0.007398301001733219,0.007389649900376623
423.0,0.007389649900376597,0.007398301001733219,0.007389649900376623
424.0,0.007389649900376597,0.007398301001733219,0.007389649900376623
425.0,0.007389649900376597,0.007398301001733219,0.007389649900376623
426.0,0.007389649900376597,0.007398301001733219,0.007389649900376623
427.0,0.007389649900376597,0.007398301001733219,0.007389649900376623
428.0,0.007389649900376597,0.007398074659308315,0.007389649900376623
429.0,0.007389649900376597,0.007398074659308315,0.007389649900376623
430.0,0.007389649900376597,0.007397527952115687,0.007389649900376623
431.0,0.007389649900376597,0.0073974066338107275,0.007389649900376623
432.0,0.007389649900376597,0.0073974066338107275,0.007389649900376623
433.0,0.007389649900376597,0.0073974066338107275,0.007389649900376623
434.0,0.007389649900376597,0.0073974066338107275,0.007389649900376623
435.0,0.007389649900376597,0.0073974066338107275,0.00738964990037662
436.0,0.007389649900376597,0.0073974066338107275,0.00738964990037662
437.0,0.007389649900376597,0.007397068898286465,0.00738964990037662
438.0,0.007389649900376597,0.007397068898286465,0.00738964990037662
439.0,0.007389649900376597,0.007397068898286465,0.00738964990037662
440.0,0.007389649900376597,0.007397068898286465,0.007389649900376614
441.0,0.007389649900376597,0.007397068898286465,0.007389649900376614
442.0,0.007389649900376597,0.007397044263935554,0.007389649900376614
443.0,0.007389649900376597,0.007397044263935554,0.007389649900376614
444.0,0.007389649900376597,0.007397044263935554,0.007389649900376614
445.0,0.007389649900376597,0.007397044263935554,0.007389649900376614
446.0,0.007389649900376597,0.007397044263935554,0.007389649900376614
447.0,0.007389649900376597,0.007397044263935554,0.007389649900376614
448.0,0.007389649900376597,0.007397044263935554,0.007389649900376614
449.0,0.007389649900376597,0.007397035281360049,0.007389649900376614
450.0,0.007389649900376597,0.007397035281360049,0.007389649900376613
451.0,0.007389649900376597,0.007397035281360049,0.007389649900376613
452.0,0.007389649900376597,0.0073970324129821645,0.007389649900376613
453.0,0.007389649900376597,0.0073970324129821645,0.007389649900376613
454.0,0.007389649900376597,0.007396483674858692,0.007389649900376613
455.0,0.007389649900376597,0.007395979878295935,0.007389649900376613
456.0,0.007389649900376597,0.007395672032074748,0.007389649900376613
457.0,0.007389649900376597,0.007394366777117848,0.007389649900376613
458.0,0.007389649900376597,0.007394286153686079,0.007389649900376613
459.0,0.007389649900376597,0.007394286153686079,0.007389649900376613
460.0,0.007389649900376597,0.007394286153686079,0.007389649900376613
461.0,0.007389649900376597,0.007394286153686079,0.007389649900376613
462.0,0.007389649900376597,0.007394286153686079,0.007389649900376599
463.0,0.007389649900376597,0.007393952465131302,0.007389649900376599
464.0,0.007389649900376597,0.007393952465131302,0.007389649900376599
465.0,0.007389649900376597,0.007393952465131302,0.007389649900376599
466.0,0.007389649900376597,0.007393645066347891,0.007389649900376599
467.0,0.007389649900376597,0.007393645066347891,0.007389649900376599
468.0,0.007389649900376597,0.007393645066347891,0.007389649900376599
469.0,0.007389649900376597,0.007393483278842357,0.007389649900376599
470.0,0.007389649900376597,0.007393483278842357,0.007389649900376599
471.0,0.007389649900376597,0.007393483278842357,0.007389649900376599
472.0,0.007389649900376597,0.007393483278842357,0.007389649900376599
473.0,0.007389649900376597,0.007393483278842357,0.007389649900376599
474.0,0.007389649900376597,0.007393483278842357,0.007389649900376599
475.0,0.007389649900376597,0.007393483278842357,0.007389649900376599
476.0,0.007389649900376597,0.007393483278842357,0.007389649900376599
477.0,0.007389649900376597,0.007393483278842357,0.007389649900376599
478.0,0.007389649900376597,0.007393396034763712,0.007389649900376599
479.0,0.007389649900376597,0.007393136452326825,0.007389649900376599
480.0,0.007389649900376597,0.007393136452326825,0.007389649900376599
481.0,0.007389649900376597,0.007393136452326825,0.007389649900376599
482.0,0.007389649900376597,0.007393136452326825,0.007389649900376599
483.0,0.007389649900376597,0.007393071195011407,0.007389649900376599
484.0,0.007389649900376597,0.007392257018106018,0.007389649900376599
485.0,0.007389649900376597,0.007392257018106018,0.007389649900376599
486.0,0.007389649900376597,0.007391803423775683,0.007389649900376599
487.0,0.007389649900376597,0.007391803423775683,0.007389649900376599
488.0,0.007389649900376597,0.0073915647820588844,0.007389649900376599
489.0,0.007389649900376597,0.007391179970207908,0.007389649900376599
490.0,0.007389649900376597,0.007390629549718012,0.007389649900376599
491.0,0.007389649900376597,0.007390629549718012,0.007389649900376599
492.0,0.007389649900376597,0.007390629549718012,0.007389649900376599
493.0,0.007389649900376597,0.007390629549718012,0.007389649900376599
494.0,0.007389649900376597,0.0073905430782017,0.007389649900376599
495.0,0.007389649900376597,0.0073905430782017,0.007389649900376599
496.0,0.007389649900376597,0.0073905430782017,0.007389649900376599
497.0,0.007389649900376597,0.007390100537548025,0.007389649900376599
498.0,0.007389649900376597,0.007390074795128613,0.007389649900376599
499.0,0.007389649900376597,0.007390074795128613,0.007389649900376599
500.0,0.007389649900376596,0.007390074795128613,0.007389649900376599
501.0,0.007389649900376596,0.007390074795128613,0.007389649900376599
502.0,0.007389649900376596,0.007390074795128613,0.007389649900376599
503.0,0.007389649900376596,0.007390071035229624,0.007389649900376599
504.0,0.007389649900376596,0.007389713630616135,0.007389649900376599
505.0,0.007389649900376596,0.00738966665615424,0.007389649900376599
506.0,0.007389649900376596,0.00738966665615424,0.007389649900376599
507.0,0.007389649900376596,0.00738966665615424,0.007389649900376599
508.0,0.007389649900376596,0.00738966665615424,0.007389649900376599
509.0,0.007389649900376596,0.00738966665615424,0.007389649900376599
510.0,0.007389649900376596,0.00738966665615424,0.007389649900376599
511.0,0.007389649900376596,0.00738966665615424,0.007389649900376599
512.0,0.007389649900376596,0.00738966665615424,0.007389649900376599
513.0,0.007389649900376596,0.00738966665615424,0.007389649900376599
514.0,0.007389649900376596,0.00738966665615424,0.007389649900376599
515.0,0.007389649900376596,0.00738966665615424,0.007389649900376599
516.0,0.007389649900376596,0.00738966665615424,0.007389649900376599
517.0,0.007389649900376596,0.00738966665615424,0.007389649900376599
518.0,0.007389649900376596,0.00738966665615424,0.007389649900376599
519.0,0.007389649900376596,0.00738966665615424,0.007389649900376599
520.0,0.007389649900376596,0.007389666187966122,0.007389649900376599
521.0,0.007389649900376596,0.007389666187966122,0.007389649900376599
522.0,0.007389649900376596,0.007389666187966122,0.007389649900376599
523.0,0.007389649900376596,0.007389666187966122,0.007389649900376599
524.0,0.007389649900376596,0.007389666187966122,0.007389649900376599
525.0,0.007389649900376596,0.007389666187966122,0.007389649900376599
526.0,0.007389649900376596,0.007389666187966122,0.007389649900376599
527.0,0.007389649900376596,0.007389666187966122,0.007389649900376599
528.0,0.007389649900376596,0.007389666187966122,0.007389649900376599
529.0,0.007389649900376596,0.007389666187966122,0.007389649900376599
530.0,0.007389649900376596,0.007389666187966122,0.007389649900376599
531.0,0.007389649900376596,0.007389666187966122,0.007389649900376599
532.0,0.007389649900376596,0.007389666187966122,0.007389649900376599
533.0,0.007389649900376596,0.007389666187966122,0.007389649900376599
534.0,0.007389649900376596,0.007389666187966122,0.007389649900376599
535.0,0.007389649900376596,0.007389666187966122,0.007389649900376599
536.0,0.007389649900376596,0.007389666187966122,0.007389649900376599
537.0,0.007389649900376596,0.007389666187966122,0.007389649900376599
538.0,0.007389649900376596,0.007389666187966122,0.007389649900376599
539.0,0.007389649900376596,0.007389666187966122,0.007389649900376599
540.0,0.007389649900376596,0.007389666187966122,0.007389649900376599
541.0,0.007389649900376596,0.007389666187966122,0.007389649900376599
542.0,0.007389649900376596,0.007389666187966122,0.007389649900376599
543.0,0.007389649900376596,0.007389666187966122,0.007389649900376599
544.0,0.007389649900376596,0.007389666187966122,0.007389649900376599
545.0,0.007389649900376596,0.007389666187966122,0.007389649900376599
546.0,0.007389649900376596,0.007389665692590187,0.007389649900376599
547.0,0.007389649900376596,0.007389665692590187,0.007389649900376599
548.0,0.007389649900376596,0.007389665692590187,0.007389649900376599
549.0,0.007389649900376596,0.007389665692590187,0.007389649900376599
550.0,0.007389649900376596,0.007389665692590187,0.007389649900376599
551.0,0.007389649900376596,0.007389665692590187,0.007389649900376599
552.0,0.007389649900376596,0.007389665692590187,0.007389649900376599
553.0,0.007389649900376596,0.007389664058252342,0.007389649900376599
554.0,0.007389649900376596,0.0073896629536755595,0.007389649900376599
555.0,0.007389649900376596,0.0073896629536755595,0.007389649900376599
556.0,0.007389649900376596,0.007389659092671013,0.007389649900376599
557.0,0.007389649900376596,0.007389659092671013,0.007389649900376599
558.0,0.007389649900376596,0.007389659092671013,0.007389649900376599
559.0,0.007389649900376596,0.007389659092671013,0.007389649900376599
560.0,0.007389649900376596,0.007389658306454106,0.007389649900376599
561.0,0.007389649900376596,0.007389658306454106,0.007389649900376599
562.0,0.007389649900376596,0.007389658306454106,0.007389649900376599
563.0,0.007389649900376596,0.007389658306454106,0.007389649900376599
564.0,0.007389649900376596,0.007389658306454106,0.007389649900376599
565.0,0.007389649900376596,0.007389657241206502,0.007389649900376599
566.0,0.007389649900376596,0.007389657224208804,0.007389649900376599
567.0,0.007389649900376596,0.007389657224208804,0.007389649900376599
568.0,0.007389649900376596,0.007389657224208804,0.007389649900376599
569.0,0.007389649900376596,0.007389657098505815,0.007389649900376599
570.0,0.007389649900376596,0.007389657098505815,0.007389649900376599
571.0,0.007389649900376596,0.007389657081950311,0.007389649900376599
572.0,0.007389649900376596,0.007389657058040124,0.007389649900376599
573.0,0.007389649900376596,0.007389657058040124,0.007389649900376599
574.0,0.007389649900376596,0.007389657058040124,0.007389649900376599
575.0,0.007389649900376596,0.007389657058040124,0.007389649900376599
576.0,0.007389649900376596,0.007389657006385967,0.007389649900376599
577.0,0.007389649900376596,0.007389657006385967,0.007389649900376599
578.0,0.007389649900376596,0.007389657006385967,0.007389649900376599
579.0,0.007389649900376596,0.0073896569958165174,0.007389649900376599
580.0,0.007389649900376596,0.0073896569958165174,0.007389649900376599
581.0,0.007389649900376596,0.0073896569958165174,0.007389649900376599
582.0,0.007389649900376596,0.007389656995408768,0.007389649900376599
583.0,0.007389649900376596,0.007389656995408768,0.007389649900376599
584.0,0.007389649900376596,0.007389656263585532,0.007389649900376599
585.0,0.007389649900376596,0.007389656263585532,0.007389649900376599
586.0,0.007389649900376596,0.007389654726132512,0.007389649900376599
587.0,0.007389649900376596,0.007389654534393081,0.007389649900376599
588.0,0.007389649900376596,0.007389654534393081,0.007389649900376599
589.0,0.007389649900376596,0.007389654534393081,0.007389649900376599
590.0,0.007389649900376596,0.007389654433673503,0.007389649900376599
591.0,0.007389649900376596,0.007389654433673503,0.007389649900376599
592.0,0.007389649900376596,0.00738965408946425,0.007389649900376599
593.0,0.007389649900376596,0.007389653672357083,0.007389649900376599
594.0,0.007389649900376596,0.007389653672357083,0.007389649900376599
595.0,0.007389649900376596,0.00738965338052633,0.007389649900376599
596.0,0.007389649900376596,0.00738965338052633,0.007389649900376599
597.0,0.007389649900376596,0.007389653377792107,0.007389649900376599
598.0,0.007389649900376596,0.007389652940673238,0.007389649900376599
599.0,0.007389649900376596,0.007389652617072419,0.007389649900376599
600.0,0.007389649900376596,0.007389650674300568,0.007389649900376599
601.0,0.007389649900376596,0.0073896502349001395,0.007389649900376599
602.0,0.007389649900376596,0.0073896502349001395,0.007389649900376599
603.0,0.007389649900376596,0.0073896502349001395,0.007389649900376599
604.0,0.007389649900376596,0.007389650233836411,0.007389649900376599
605.0,0.007389649900376596,0.007389650233836411,0.007389649900376599
606.0,0.007389649900376596,0.007389650233836411,0.007389649900376599
607.0,0.007389649900376596,0.007389650233836411,0.007389649900376599
608.0,0.007389649900376596,0.007389650233836411,0.007389649900376599
609.0,0.007389649900376596,0.007389650233836411,0.007389649900376599
610.0,0.007389649900376596,0.007389650233836411,0.007389649900376599
611.0,0.007389649900376596,0.007389650002517781,0.007389649900376599
612.0,0.007389649900376596,0.007389650002517781,0.007389649900376599
613.0,0.007389649900376596,0.007389650002517781,0.007389649900376599
614.0,0.007389649900376596,0.007389650002517781,0.007389649900376599
615.0,0.007389649900376596,0.007389650002517781,0.007389649900376599
616.0,0.007389649900376596,0.007389650002517781,0.007389649900376599
617.0,0.007389649900376596,0.007389650002517781,0.007389649900376599
618.0,0.007389649900376596,0.007389650002517781,0.007389649900376599
619.0,0.007389649900376596,0.007389650002517781,0.007389649900376599
620.0,0.007389649900376596,0.007389650002517781,0.007389649900376599
621.0,0.007389649900376596,0.007389649958077555,0.007389649900376599
622.0,0.007389649900376596,0.007389649958077555,0.007389649900376599
623.0,0.007389649900376596,0.007389649958077555,0.007389649900376599
624.0,0.007389649900376596,0.007389649958077555,0.007389649900376599
625.0,0.007389649900376596,0.007389649958077555,0.007389649900376599
626.0,0.007389649900376596,0.007389649958077555,0.007389649900376599
627.0,0.007389649900376596,0.007389649948561248,0.007389649900376599
628.0,0.007389649900376596,0.007389649948561248,0.007389649900376599
629.0,0.007389649900376596,0.007389649948561248,0.007389649900376599
630.0,0.007389649900376596,0.007389649948561248,0.007389649900376599
631.0,0.007389649900376596,0.007389649948561248,0.007389649900376599
632.0,0.007389649900376596,0.007389649948561248,0.007389649900376599
633.0,0.007389649900376596,0.007389649948561248,0.007389649900376599
634.0,0.007389649900376596,0.007389649948561248,0.007389649900376599
635.0,0.007389649900376596,0.007389649948561248,0.007389649900376596
636.0,0.007389649900376596,0.007389649948561248,0.007389649900376596
637.0,0.007389649900376596,0.007389649948561248,0.007389649900376596
638.0,0.007389649900376596,0.007389649902417959,0.007389649900376596
639.0,0.007389649900376596,0.007389649902417959,0.007389649900376596
640.0,0.007389649900376596,0.007389649902417959,0.007389649900376596
641.0,0.007389649900376596,0.007389649902417959,0.007389649900376596
642.0,0.007389649900376596,0.007389649902417959,0.007389649900376596
643.0,0.007389649900376596,0.007389649902417959,0.007389649900376596
644.0,0.007389649900376596,0.007389649900634883,0.007389649900376596
645.0,0.007389649900376596,0.007389649900634883,0.007389649900376596
646.0,0.007389649900376596,0.007389649900634883,0.007389649900376596
647.0,0.007389649900376596,0.007389649900634883,0.007389649900376596
648.0,0.007389649900376596,0.007389649900634883,0.007389649900376596
649.0,0.007389649900376596,0.007389649900634883,0.007389649900376596
650.0,0.007389649900376596,0.007389649900634883,0.007389649900376596
651.0,0.007389649900376596,0.007389649900634883,0.007389649900376596
652.0,0.007389649900376596,0.0073896499005372,0.007389649900376596
653.0,0.007389649900376596,0.0073896499005372,0.007389649900376596
654.0,0.007389649900376596,0.0073896499005372,0.007389649900376596
655.0,0.007389649900376596,0.0073896499005372,0.007389649900376596
656.0,0.007389649900376596,0.0073896499005372,0.007389649900376596
657.0,0.007389649900376596,0.007389649900489189,0.007389649900376596
658.0,0.007389649900376596,0.007389649900489189,0.007389649900376596
659.0,0.007389649900376596,0.0073896499004763175,0.007389649900376596
660.0,0.007389649900376596,0.0073896499004763175,0.007389649900376596
661.0,0.007389649900376596,0.0073896499004763175,0.007389649900376596
662.0,0.007389649900376596,0.0073896499004763175,0.007389649900376596
663.0,0.007389649900376596,0.0073896499004763175,0.007389649900376596
664.0,0.007389649900376596,0.0073896499004763175,0.007389649900376596
665.0,0.007389649900376596,0.0073896499004763175,0.007389649900376596
666.0,0.007389649900376596,0.0073896499004763175,0.007389649900376596
667.0,0.007389649900376596,0.0073896499004763175,0.007389649900376596
668.0,0.007389649900376596,0.0073896499004763175,0.007389649900376596
669.0,0.007389649900376596,0.0073896499004763175,0.007389649900376596
670.0,0.007389649900376596,0.0073896499004763175,0.007389649900376596
671.0,0.007389649900376596,0.007389649900472769,0.007389649900376596
672.0,0.007389649900376596,0.007389649900469362,0.007389649900376596
673.0,0.007389649900376596,0.007389649900468886,0.007389649900376596
674.0,0.007389649900376596,0.007389649900468886,0.007389649900376596
675.0,0.007389649900376596,0.0073896499004680516,0.007389649900376596
676.0,0.007389649900376594,0.0073896499004680516,0.007389649900376596
677.0,0.007389649900376594,0.0073896499004680516,0.007389649900376596
678.0,0.007389649900376594,0.0073896499004680516,0.007389649900376596
679.0,0.007389649900376594,0.0073896499004680516,0.007389649900376596
680.0,0.007389649900376594,0.007389649900459775,0.007389649900376596
681.0,0.007389649900376594,0.007389649900459775,0.007389649900376596
682.0,0.007389649900376594,0.007389649900459775,0.007389649900376596
683.0,0.007389649900376594,0.007389649900459775,0.007389649900376596
684.0,0.007389649900376594,0.007389649900459775,0.007389649900376596
685.0,0.007389649900376594,0.007389649900459775,0.007389649900376596
686.0,0.007389649900376594,0.007389649900459775,0.007389649900376596
687.0,0.007389649900376594,0.007389649900459775,0.007389649900376596
688.0,0.007389649900376594,0.007389649900459775,0.007389649900376596
689.0,0.007389649900376593,0.007389649900459775,0.007389649900376596
690.0,0.007389649900376593,0.0073896499004532275,0.007389649900376596
691.0,0.007389649900376593,0.0073896499004532275,0.007389649900376596
692.0,0.007389649900376593,0.0073896499004532275,0.007389649900376596
693.0,0.007389649900376593,0.0073896499004532275,0.007389649900376596
694.0,0.007389649900376593,0.00738964990045096,0.007389649900376596
695.0,0.007389649900376593,0.00738964990045096,0.007389649900376596
696.0,0.007389649900376593,0.00738964990045017,0.007389649900376596
697.0,0.007389649900376593,0.007389649900449103,0.007389649900376596
698.0,0.007389649900376593,0.007389649900437731,0.007389649900376596
699.0,0.007389649900376593,0.007389649900430711,0.007389649900376596
700.0,0.007389649900376593,0.007389649900430711,0.007389649900376596
701.0,0.007389649900376593,0.007389649900425886,0.007389649900376596
702.0,0.007389649900376593,0.007389649900425886,0.007389649900376596
703.0,0.007389649900376593,0.007389649900424033,0.007389649900376596
704.0,0.007389649900376593,0.007389649900407548,0.007389649900376596
705.0,0.007389649900376593,0.007389649900407548,0.007389649900376596
706.0,0.007389649900376593,0.007389649900407548,0.007389649900376596
707.0,0.007389649900376593,0.007389649900407548,0.007389649900376596
708.0,0.007389649900376593,0.007389649900407548,0.007389649900376596
709.0,0.007389649900376593,0.007389649900407548,0.007389649900376596
710.0,0.007389649900376593,0.007389649900407548,0.007389649900376596
711.0,0.007389649900376593,0.007389649900407548,0.007389649900376596
712.0,0.007389649900376593,0.007389649900407548,0.007389649900376596
713.0,0.007389649900376593,0.007389649900406283,0.007389649900376596
714.0,0.007389649900376593,0.007389649900406087,0.007389649900376596
715.0,0.007389649900376593,0.007389649900405,0.007389649900376596
716.0,0.007389649900376593,0.007389649900400446,0.007389649900376596
717.0,0.007389649900376593,0.0073896499003993565,0.007389649900376596
718.0,0.007389649900376593,0.007389649900391955,0.007389649900376596
719.0,0.007389649900376593,0.007389649900389586,0.007389649900376596
720.0,0.007389649900376593,0.007389649900389586,0.007389649900376596
721.0,0.007389649900376593,0.007389649900389586,0.007389649900376596
722.0,0.007389649900376593,0.007389649900388386,0.007389649900376596
723.0,0.007389649900376593,0.007389649900385752,0.007389649900376596
724.0,0.007389649900376593,0.007389649900384076,0.007389649900376596
725.0,0.007389649900376593,0.007389649900383248,0.007389649900376596
726.0,0.007389649900376593,0.007389649900383248,0.007389649900376596
727.0,0.007389649900376593,0.007389649900383248,0.007389649900376596
728.0,0.007389649900376593,0.007389649900383248,0.007389649900376596
729.0,0.007389649900376593,0.00738964990037853,0.007389649900376596
730.0,0.007389649900376593,0.00738964990037853,0.007389649900376596
731.0,0.007389649900376593,0.00738964990037853,0.007389649900376596
732.0,0.007389649900376593,0.00738964990037853,0.007389649900376596
733.0,0.007389649900376593,0.00738964990037853,0.007389649900376596
734.0,0.007389649900376593,0.00738964990037853,0.007389649900376596
735.0,0.007389649900376593,0.00738964990037853,0.007389649900376596
736.0,0.007389649900376593,0.00738964990037853,0.007389649900376596
737.0,0.007389649900376593,0.00738964990037853,0.007389649900376596
738.0,0.007389649900376593,0.007389649900378256,0.007389649900376596
739.0,0.007389649900376593,0.007389649900377039,0.007389649900376596
740.0,0.007389649900376593,0.007389649900377039,0.007389649900376596
741.0,0.007389649900376593,0.007389649900377039,0.007389649900376596
742.0,0.007389649900376593,0.007389649900377039,0.007389649900376596
743.0,0.007389649900376593,0.007389649900377039,0.007389649900376596
744.0,0.007389649900376593,0.007389649900377039,0.007389649900376596
745.0,0.007389649900376593,0.007389649900377039,0.007389649900376596
746.0,0.007389649900376593,0.007389649900377039,0.007389649900376596
747.0,0.007389649900376593,0.007389649900377039,0.007389649900376596
748.0,0.007389649900376593,0.007389649900376952,0.007389649900376596
749.0,0.007389649900376593,0.007389649900376952,0.007389649900376596
750.0,0.007389649900376593,0.007389649900376952,0.007389649900376596
751.0,0.007389649900376593,0.007389649900376952,0.007389649900376596
752.0,0.007389649900376593,0.007389649900376801,0.007389649900376596
753.0,0.007389649900376593,0.007389649900376801,0.007389649900376596
754.0,0.007389649900376593,0.007389649900376801,0.007389649900376596
755.0,0.007389649900376593,0.007389649900376801,0.007389649900376596
756.0,0.007389649900376593,0.007389649900376801,0.007389649900376596
757.0,0.007389649900376593,0.007389649900376801,0.007389649900376596
758.0,0.007389649900376593,0.007389649900376801,0.007389649900376596
759.0,0.007389649900376593,0.007389649900376801,0.007389649900376596
760.0,0.007389649900376593,0.007389649900376801,0.007389649900376596
761.0,0.007389649900376593,0.007389649900376801,0.007389649900376596
762.0,0.007389649900376593,0.007389649900376801,0.007389649900376596
763.0,0.007389649900376593,0.007389649900376801,0.007389649900376596
764.0,0.007389649900376593,0.007389649900376801,0.007389649900376596
765.0,0.007389649900376593,0.0073896499003768,0.007389649900376596
766.0,0.007389649900376593,0.0073896499003768,0.007389649900376596
767.0,0.007389649900376593,0.007389649900376795,0.007389649900376596
768.0,0.007389649900376593,0.007389649900376795,0.007389649900376596
769.0,0.007389649900376593,0.007389649900376795,0.007389649900376596
770.0,0.007389649900376593,0.007389649900376795,0.007389649900376596
771.0,0.007389649900376593,0.007389649900376771,0.007389649900376596
772.0,0.007389649900376593,0.007389649900376689,0.007389649900376596
773.0,0.007389649900376593,0.007389649900376689,0.007389649900376596
774.0,0.007389649900376593,0.007389649900376688,0.007389649900376596
775.0,0.007389649900376593,0.007389649900376688,0.007389649900376596
776.0,0.007389649900376593,0.007389649900376688,0.007389649900376596
777.0,0.007389649900376593,0.007389649900376688,0.007389649900376596
778.0,0.007389649900376593,0.007389649900376688,0.007389649900376596
779.0,0.007389649900376593,0.007389649900376688,0.007389649900376596
780.0,0.007389649900376593,0.007389649900376688,0.007389649900376596
781.0,0.007389649900376593,0.007389649900376688,0.007389649900376596
782.0,0.007389649900376593,0.007389649900376688,0.007389649900376596
783.0,0.007389649900376593,0.007389649900376688,0.007389649900376596
784.0,0.007389649900376593,0.007389649900376688,0.007389649900376596
785.0,0.007389649900376593,0.007389649900376688,0.007389649900376596
786.0,0.007389649900376593,0.007389649900376688,0.007389649900376596
787.0,0.007389649900376593,0.007389649900376688,0.007389649900376596
788.0,0.007389649900376593,0.007389649900376688,0.007389649900376596
789.0,0.007389649900376593,0.007389649900376675,0.007389649900376596
790.0,0.007389649900376593,0.007389649900376675,0.007389649900376596
791.0,0.007389649900376593,0.007389649900376675,0.007389649900376596
792.0,0.007389649900376593,0.007389649900376675,0.007389649900376596
793.0,0.007389649900376593,0.007389649900376675,0.007389649900376596
794.0,0.007389649900376593,0.007389649900376651,0.007389649900376596
795.0,0.007389649900376593,0.007389649900376651,0.007389649900376596
796.0,0.007389649900376593,0.007389649900376651,0.007389649900376596
797.0,0.007389649900376593,0.007389649900376651,0.007389649900376596
798.0,0.007389649900376593,0.007389649900376651,0.007389649900376596
799.0,0.007389649900376593,0.007389649900376651,0.007389649900376596
800.0,0.007389649900376593,0.007389649900376651,0.007389649900376596
801.0,0.007389649900376593,0.007389649900376651,0.007389649900376596
802.0,0.007389649900376593,0.007389649900376651,0.007389649900376596
803.0,0.007389649900376593,0.007389649900376651,0.007389649900376596
804.0,0.007389649900376593,0.007389649900376643,0.007389649900376596
805.0,0.007389649900376593,0.007389649900376643,0.007389649900376596
806.0,0.007389649900376593,0.007389649900376643,0.007389649900376596
807.0,0.007389649900376593,0.007389649900376643,0.007389649900376596
808.0,0.007389649900376593,0.007389649900376643,0.007389649900376596
809.0,0.007389649900376593,0.007389649900376643,0.007389649900376596
810.0,0.007389649900376593,0.007389649900376643,0.007389649900376596
811.0,0.007389649900376593,0.007389649900376643,0.007389649900376596
812.0,0.007389649900376593,0.007389649900376643,0.007389649900376596
813.0,0.007389649900376593,0.007389649900376643,0.007389649900376596
814.0,0.007389649900376593,0.007389649900376643,0.007389649900376596
815.0,0.007389649900376593,0.007389649900376643,0.007389649900376596
816.0,0.007389649900376593,0.007389649900376633,0.007389649900376596
817.0,0.007389649900376593,0.007389649900376633,0.007389649900376596
818.0,0.007389649900376593,0.007389649900376631,0.007389649900376596
819.0,0.007389649900376593,0.007389649900376631,0.007389649900376596
820.0,0.007389649900376593,0.007389649900376631,0.007389649900376596
821.0,0.007389649900376593,0.007389649900376631,0.007389649900376596
822.0,0.007389649900376593,0.007389649900376631,0.007389649900376596
823.0,0.007389649900376593,0.007389649900376631,0.007389649900376596
824.0,0.007389649900376593,0.007389649900376631,0.007389649900376596
825.0,0.007389649900376593,0.007389649900376629,0.007389649900376596
826.0,0.007389649900376593,0.007389649900376613,0.007389649900376596
827.0,0.007389649900376593,0.007389649900376613,0.007389649900376596
828.0,0.007389649900376593,0.007389649900376613,0.007389649900376596
829.0,0.007389649900376593,0.007389649900376613,0.007389649900376596
830.0,0.007389649900376593,0.007389649900376613,0.007389649900376596
831.0,0.007389649900376593,0.007389649900376613,0.007389649900376596
832.0,0.007389649900376593,0.007389649900376613,0.007389649900376596
833.0,0.007389649900376593,0.007389649900376613,0.007389649900376596
834.0,0.007389649900376593,0.007389649900376613,0.007389649900376596
835.0,0.007389649900376593,0.007389649900376613,0.007389649900376596
836.0,0.007389649900376593,0.007389649900376613,0.007389649900376596
837.0,0.007389649900376593,0.007389649900376613,0.007389649900376596
838.0,0.007389649900376593,0.007389649900376613,0.007389649900376596
839.0,0.007389649900376593,0.007389649900376613,0.007389649900376596
840.0,0.007389649900376593,0.007389649900376613,0.007389649900376596
841.0,0.007389649900376593,0.007389649900376613,0.007389649900376596
842.0,0.007389649900376593,0.007389649900376613,0.007389649900376596
843.0,0.007389649900376593,0.007389649900376613,0.007389649900376596
844.0,0.007389649900376593,0.007389649900376613,0.007389649900376596
845.0,0.007389649900376593,0.007389649900376613,0.007389649900376596
846.0,0.007389649900376593,0.007389649900376613,0.007389649900376596
847.0,0.007389649900376593,0.007389649900376613,0.007389649900376596
848.0,0.007389649900376593,0.007389649900376613,0.007389649900376596
849.0,0.007389649900376593,0.007389649900376613,0.007389649900376596
850.0,0.007389649900376593,0.007389649900376613,0.007389649900376596
851.0,0.007389649900376593,0.007389649900376613,0.007389649900376596
852.0,0.007389649900376593,0.007389649900376613,0.007389649900376596
853.0,0.007389649900376593,0.007389649900376613,0.007389649900376596
854.0,0.007389649900376593,0.007389649900376613,0.007389649900376596
855.0,0.007389649900376593,0.007389649900376613,0.007389649900376596
856.0,0.007389649900376593,0.007389649900376613,0.007389649900376596
857.0,0.007389649900376593,0.007389649900376613,0.007389649900376596
858.0,0.007389649900376593,0.007389649900376613,0.007389649900376596
859.0,0.007389649900376593,0.007389649900376613,0.007389649900376596
860.0,0.007389649900376593,0.007389649900376613,0.007389649900376596
861.0,0.007389649900376593,0.007389649900376613,0.007389649900376596
862.0,0.007389649900376593,0.007389649900376613,0.007389649900376596
863.0,0.007389649900376593,0.007389649900376613,0.007389649900376596
864.0,0.007389649900376593,0.0073896499003766125,0.007389649900376596
865.0,0.007389649900376593,0.0073896499003766125,0.007389649900376596
866.0,0.007389649900376593,0.0073896499003766125,0.007389649900376596
867.0,0.007389649900376593,0.0073896499003766125,0.007389649900376596
868.0,0.007389649900376593,0.0073896499003766125,0.007389649900376596
869.0,0.007389649900376593,0.0073896499003766125,0.007389649900376596
870.0,0.007389649900376593,0.0073896499003766125,0.007389649900376596
871.0,0.007389649900376593,0.0073896499003766125,0.007389649900376596
872.0,0.007389649900376593,0.0073896499003766125,0.007389649900376596
873.0,0.007389649900376593,0.0073896499003766125,0.007389649900376596
874.0,0.007389649900376593,0.0073896499003766125,0.007389649900376596
875.0,0.007389649900376593,0.0073896499003766125,0.007389649900376596
876.0,0.007389649900376593,0.0073896499003766125,0.007389649900376596
877.0,0.007389649900376593,0.0073896499003766125,0.007389649900376596
878.0,0.007389649900376593,0.0073896499003766125,0.007389649900376596
879.0,0.007389649900376593,0.0073896499003766125,0.007389649900376596
880.0,0.007389649900376593,0.0073896499003766125,0.007389649900376596
881.0,0.007389649900376593,0.0073896499003766125,0.007389649900376596
882.0,0.007389649900376593,0.0073896499003766125,0.007389649900376596
883.0,0.007389649900376593,0.0073896499003766125,0.007389649900376596
884.0,0.007389649900376593,0.0073896499003766125,0.007389649900376596
885.0,0.007389649900376593,0.0073896499003766125,0.007389649900376596
886.0,0.007389649900376593,0.0073896499003766125,0.007389649900376596
887.0,0.007389649900376593,0.0073896499003766125,0.007389649900376596
888.0,0.007389649900376593,0.0073896499003766125,0.007389649900376596
889.0,0.007389649900376593,0.0073896499003766125,0.007389649900376596
890.0,0.007389649900376593,0.0073896499003766125,0.007389649900376596
891.0,0.007389649900376593,0.007389649900376611,0.007389649900376596
892.0,0.007389649900376593,0.007389649900376611,0.007389649900376596
893.0,0.007389649900376593,0.007389649900376611,0.007389649900376596
894.0,0.007389649900376593,0.007389649900376611,0.007389649900376596
895.0,0.007389649900376593,0.007389649900376611,0.007389649900376596
896.0,0.007389649900376593,0.007389649900376611,0.007389649900376596
897.0,0.007389649900376593,0.007389649900376611,0.007389649900376596
898.0,0.007389649900376593,0.007389649900376611,0.007389649900376596
899.0,0.007389649900376593,0.007389649900376611,0.007389649900376596
900.0,0.007389649900376593,0.007389649900376611,0.007389649900376596
901.0,0.007389649900376593,0.007389649900376611,0.007389649900376596
902.0,0.007389649900376593,0.007389649900376611,0.007389649900376596
903.0,0.007389649900376593,0.007389649900376611,0.007389649900376596
904.0,0.007389649900376593,0.007389649900376603,0.007389649900376596
905.0,0.007389649900376593,0.007389649900376603,0.007389649900376596
906.0,0.007389649900376593,0.007389649900376603,0.007389649900376596
907.0,0.007389649900376593,0.007389649900376603,0.007389649900376596
908.0,0.007389649900376593,0.007389649900376603,0.007389649900376596
909.0,0.007389649900376593,0.007389649900376603,0.007389649900376596
910.0,0.007389649900376593,0.007389649900376603,0.007389649900376596
911.0,0.007389649900376593,0.007389649900376603,0.007389649900376596
912.0,0.007389649900376593,0.007389649900376603,0.007389649900376596
913.0,0.007389649900376593,0.007389649900376603,0.007389649900376596
914.0,0.007389649900376593,0.007389649900376603,0.007389649900376596
915.0,0.007389649900376593,0.007389649900376603,0.007389649900376596
916.0,0.007389649900376593,0.007389649900376603,0.007389649900376596
917.0,0.007389649900376593,0.007389649900376603,0.007389649900376596
918.0,0.007389649900376593,0.007389649900376603,0.007389649900376596
919.0,0.007389649900376593,0.007389649900376603,0.007389649900376596
920.0,0.007389649900376593,0.007389649900376603,0.007389649900376596
921.0,0.007389649900376593,0.007389649900376603,0.007389649900376596
922.0,0.007389649900376593,0.007389649900376603,0.007389649900376596
923.0,0.007389649900376593,0.007389649900376603,0.007389649900376596
924.0,0.007389649900376593,0.007389649900376603,0.007389649900376596
925.0,0.007389649900376593,0.007389649900376603,0.007389649900376596
926.0,0.007389649900376593,0.007389649900376603,0.007389649900376596
927.0,0.007389649900376593,0.007389649900376603,0.007389649900376596
928.0,0.007389649900376593,0.007389649900376603,0.007389649900376596
929.0,0.007389649900376593,0.007389649900376603,0.007389649900376596
930.0,0.007389649900376593,0.007389649900376603,0.007389649900376596
931.0,0.007389649900376593,0.007389649900376603,0.007389649900376596
932.0,0.007389649900376593,0.007389649900376603,0.007389649900376596
933.0,0.007389649900376593,0.007389649900376603,0.007389649900376596
934.0,0.007389649900376593,0.007389649900376603,0.007389649900376596
935.0,0.007389649900376593,0.007389649900376603,0.007389649900376596
936.0,0.007389649900376593,0.007389649900376603,0.007389649900376596
937.0,0.007389649900376593,0.007389649900376603,0.007389649900376596
938.0,0.007389649900376593,0.007389649900376603,0.007389649900376596
939.0,0.007389649900376593,0.007389649900376603,0.007389649900376596
940.0,0.007389649900376593,0.007389649900376599,0.007389649900376596
941.0,0.007389649900376593,0.007389649900376599,0.007389649900376596
942.0,0.007389649900376593,0.007389649900376599,0.007389649900376596
943.0,0.007389649900376593,0.007389649900376599,0.007389649900376596
944.0,0.007389649900376593,0.007389649900376599,0.007389649900376596
945.0,0.007389649900376593,0.007389649900376599,0.007389649900376596
946.0,0.007389649900376593,0.007389649900376599,0.007389649900376596
947.0,0.007389649900376593,0.007389649900376599,0.007389649900376596
948.0,0.007389649900376593,0.007389649900376599,0.007389649900376596
949.0,0.007389649900376593,0.007389649900376599,0.007389649900376596
950.0,0.007389649900376593,0.007389649900376599,0.007389649900376596
951.0,0.007389649900376593,0.007389649900376599,0.007389649900376596
952.0,0.007389649900376593,0.007389649900376599,0.007389649900376596
953.0,0.007389649900376593,0.007389649900376599,0.007389649900376596
954.0,0.007389649900376593,0.007389649900376599,0.007389649900376596
955.0,0.007389649900376593,0.007389649900376599,0.007389649900376596
956.0,0.007389649900376593,0.007389649900376599,0.007389649900376596
957.0,0.007389649900376593,0.007389649900376599,0.007389649900376596
958.0,0.007389649900376593,0.007389649900376592,0.007389649900376596
959.0,0.007389649900376593,0.007389649900376592,0.007389649900376596
960.0,0.007389649900376593,0.007389649900376592,0.007389649900376596
961.0,0.007389649900376593,0.007389649900376592,0.007389649900376596
962.0,0.007389649900376593,0.007389649900376592,0.007389649900376596
963.0,0.007389649900376593,0.007389649900376592,0.007389649900376596
964.0,0.007389649900376593,0.007389649900376592,0.007389649900376596
965.0,0.007389649900376593,0.007389649900376592,0.007389649900376596
966.0,0.007389649900376593,0.007389649900376592,0.007389649900376596
967.0,0.007389649900376593,0.007389649900376592,0.007389649900376596
968.0,0.007389649900376593,0.007389649900376592,0.007389649900376596
969.0,0.007389649900376593,0.007389649900376592,0.007389649900376596
970.0,0.007389649900376593,0.007389649900376592,0.007389649900376596
971.0,0.007389649900376593,0.007389649900376592,0.007389649900376596
972.0,0.007389649900376593,0.007389649900376592,0.007389649900376596
973.0,0.007389649900376593,0.007389649900376592,0.007389649900376596
974.0,0.007389649900376593,0.007389649900376592,0.007389649900376596
975.0,0.007389649900376593,0.007389649900376592,0.007389649900376596
976.0,0.007389649900376593,0.007389649900376592,0.007389649900376596
977.0,0.007389649900376593,0.007389649900376592,0.007389649900376596
978.0,0.007389649900376593,0.007389649900376592,0.007389649900376596
979.0,0.007389649900376593,0.007389649900376592,0.007389649900376596
980.0,0.007389649900376593,0.007389649900376592,0.007389649900376596
981.0,0.007389649900376593,0.007389649900376592,0.007389649900376596
982.0,0.007389649900376593,0.007389649900376592,0.007389649900376596
983.0,0.007389649900376593,0.007389649900376592,0.007389649900376596
984.0,0.007389649900376593,0.007389649900376592,0.007389649900376596
985.0,0.007389649900376593,0.007389649900376592,0.007389649900376596
986.0,0.007389649900376593,0.007389649900376592,0.007389649900376596
987.0,0.007389649900376593,0.007389649900376592,0.007389649900376596
988.0,0.007389649900376593,0.007389649900376592,0.007389649900376596
989.0,0.007389649900376593,0.007389649900376592,0.007389649900376596
990.0,0.007389649900376593,0.007389649900376592,0.007389649900376596
991.0,0.007389649900376593,0.007389649900376592,0.007389649900376596
992.0,0.007389649900376593,0.007389649900376592,0.007389649900376596
993.0,0.007389649900376593,0.007389649900376592,0.007389649900376596
994.0,0.007389649900376593,0.007389649900376592,0.007389649900376596
995.0,0.007389649900376593,0.007389649900376592,0.007389649900376596
996.0,0.007389649900376593,0.007389649900376592,0.007389649900376596
997.0,0.007389649900376593,0.007389649900376592,0.007389649900376596
998.0,0.007389649900376593,0.007389649900376592,0.007389649900376596
999.0,0.007389649900376593,0.007389649900376592,0.007389649900376596
1000.0,0.007389649900376593,0.007389649900376592,0.007389649900376596
1001.0,0.007389649900376593,0.007389649900376592,0.007389649900376596
1002.0,0.007389649900376593,0.007389649900376592,0.007389649900376596
1003.0,0.007389649900376593,0.007389649900376592,0.007389649900376596
1004.0,0.007389649900376593,0.007389649900376592,0.007389649900376596
1005.0,0.007389649900376593,0.007389649900376592,0.007389649900376596
1006.0,0.007389649900376593,0.007389649900376592,0.007389649900376596
1007.0,0.007389649900376593,0.007389649900376592,0.007389649900376596
1008.0,0.007389649900376593,0.007389649900376592,0.007389649900376596
1009.0,0.007389649900376593,0.007389649900376592,0.007389649900376596
1010.0,0.007389649900376593,0.007389649900376592,0.007389649900376596
1011.0,0.007389649900376593,0.007389649900376592,0.007389649900376596
1012.0,0.007389649900376593,0.007389649900376592,0.007389649900376596
1013.0,0.007389649900376593,0.007389649900376592,0.007389649900376596
1014.0,0.007389649900376593,0.007389649900376592,0.007389649900376596
1015.0,0.007389649900376593,0.007389649900376592,0.007389649900376596
1016.0,0.007389649900376593,0.007389649900376592,0.007389649900376596
1017.0,0.007389649900376593,0.007389649900376592,0.007389649900376596
1018.0,0.007389649900376593,0.007389649900376592,0.007389649900376596
1019.0,0.007389649900376593,0.007389649900376592,0.007389649900376596
1020.0,0.007389649900376593,0.007389649900376592,0.007389649900376596
1021.0,0.007389649900376593,0.007389649900376592,0.007389649900376596
1022.0,0.007389649900376593,0.007389649900376592,0.007389649900376596
1023.0,0.007389649900376593,0.007389649900376592,0.007389649900376596
1024.0,0.007389649900376593,0.007389649900376592,0.007389649900376596
1025.0,0.007389649900376593,0.007389649900376592,0.007389649900376596
1026.0,0.007389649900376593,0.007389649900376592,0.007389649900376596
1027.0,0.007389649900376593,0.007389649900376592,0.007389649900376596
1028.0,0.007389649900376593,0.007389649900376592,0.007389649900376596
1029.0,0.007389649900376593,0.007389649900376592,0.007389649900376596
1030.0,0.007389649900376593,0.007389649900376592,0.007389649900376596
1031.0,0.007389649900376593,0.007389649900376592,0.007389649900376596
1032.0,0.007389649900376593,0.007389649900376592,0.007389649900376596
1033.0,0.007389649900376593,0.007389649900376592,0.007389649900376596
1034.0,0.007389649900376593,0.007389649900376592,0.007389649900376596
1035.0,0.007389649900376593,0.007389649900376592,0.007389649900376596
1036.0,0.007389649900376593,0.007389649900376592,0.007389649900376596
1037.0,0.007389649900376593,0.007389649900376592,0.007389649900376596
1038.0,0.007389649900376593,0.007389649900376592,0.007389649900376596
1039.0,0.007389649900376593,0.007389649900376592,0.007389649900376596
1040.0,0.007389649900376593,0.007389649900376592,0.007389649900376596
1041.0,0.007389649900376593,0.007389649900376592,0.007389649900376596
1042.0,0.007389649900376593,0.007389649900376592,0.007389649900376596
1043.0,0.007389649900376593,0.007389649900376592,0.007389649900376596
1044.0,0.007389649900376593,0.007389649900376592,0.007389649900376596
1045.0,0.007389649900376593,0.007389649900376592,0.007389649900376596
1046.0,0.007389649900376593,0.007389649900376592,0.007389649900376596
1047.0,0.007389649900376593,0.007389649900376592,0.007389649900376596
1048.0,0.007389649900376593,0.007389649900376592,0.007389649900376596
1049.0,0.007389649900376593,0.007389649900376592,0.007389649900376596
1050.0,0.007389649900376593,0.007389649900376592,0.007389649900376596
1051.0,0.007389649900376593,0.007389649900376592,0.007389649900376596
1052.0,0.007389649900376593,0.007389649900376592,0.007389649900376596
1053.0,0.007389649900376593,0.007389649900376592,0.007389649900376596
1054.0,0.007389649900376593,0.007389649900376592,0.007389649900376596
1055.0,0.007389649900376593,0.007389649900376592,0.007389649900376596
1056.0,0.007389649900376593,0.007389649900376592,0.007389649900376596
1057.0,0.007389649900376593,0.007389649900376592,0.007389649900376596
1058.0,0.007389649900376593,0.007389649900376592,0.007389649900376596
1059.0,0.007389649900376593,0.007389649900376592,0.007389649900376596
1060.0,0.007389649900376593,0.007389649900376592,0.007389649900376596
1061.0,0.007389649900376593,0.007389649900376592,0.007389649900376596
1062.0,0.007389649900376593,0.007389649900376592,0.007389649900376596
1063.0,0.007389649900376593,0.007389649900376592,0.007389649900376596
1064.0,0.007389649900376593,0.007389649900376592,0.007389649900376596
1065.0,0.007389649900376593,0.007389649900376592,0.007389649900376596
1066.0,0.007389649900376593,0.007389649900376592,0.007389649900376596
1067.0,0.007389649900376593,0.007389649900376592,0.007389649900376596
1068.0,0.007389649900376593,0.007389649900376592,0.007389649900376596
1069.0,0.007389649900376593,0.007389649900376592,0.007389649900376596
1070.0,0.007389649900376593,0.007389649900376592,0.007389649900376596
1071.0,0.007389649900376593,0.007389649900376592,0.007389649900376596
1072.0,0.007389649900376593,0.007389649900376592,0.007389649900376596
1073.0,0.007389649900376593,0.007389649900376592,0.007389649900376596
1074.0,0.007389649900376593,0.007389649900376592,0.007389649900376596
1075.0,0.007389649900376593,0.007389649900376592,0.007389649900376596
1076.0,0.007389649900376593,0.007389649900376592,0.007389649900376596
1077.0,0.007389649900376593,0.007389649900376592,0.007389649900376596
1078.0,0.007389649900376593,0.007389649900376592,0.007389649900376596
1079.0,0.007389649900376593,0.007389649900376592,0.007389649900376596
1080.0,0.007389649900376593,0.007389649900376592,0.007389649900376596
1081.0,0.007389649900376593,0.007389649900376592,0.007389649900376596
1082.0,0.007389649900376593,0.007389649900376592,0.007389649900376596
1083.0,0.007389649900376593,0.007389649900376592,0.007389649900376596
1084.0,0.007389649900376593,0.007389649900376592,0.007389649900376596
1085.0,0.007389649900376593,0.007389649900376592,0.007389649900376596
1086.0,0.007389649900376593,0.007389649900376592,0.007389649900376596
1087.0,0.007389649900376593,0.007389649900376592,0.007389649900376596
1088.0,0.007389649900376593,0.007389649900376592,0.007389649900376596
1089.0,0.007389649900376593,0.007389649900376592,0.007389649900376596
1090.0,0.007389649900376593,0.007389649900376592,0.007389649900376596
1091.0,0.007389649900376593,0.007389649900376592,0.007389649900376596
1092.0,0.007389649900376593,0.007389649900376592,0.007389649900376596
1093.0,0.007389649900376593,0.007389649900376592,0.007389649900376596
1094.0,0.007389649900376593,0.007389649900376592,0.007389649900376596
1095.0,0.007389649900376593,0.007389649900376592,0.007389649900376596
1096.0,0.007389649900376593,0.007389649900376592,0.007389649900376596
1097.0,0.007389649900376593,0.007389649900376592,0.007389649900376596
1098.0,0.007389649900376593,0.007389649900376592,0.007389649900376596
1099.0,0.007389649900376593,0.007389649900376592,0.007389649900376596
1100.0,0.007389649900376593,0.007389649900376592,0.007389649900376596
1101.0,0.007389649900376593,0.007389649900376592,0.007389649900376596
1102.0,0.007389649900376593,0.007389649900376592,0.007389649900376596
1103.0,0.007389649900376593,0.007389649900376592,0.007389649900376596
1104.0,0.007389649900376593,0.007389649900376592,0.007389649900376596
1105.0,0.007389649900376593,0.007389649900376592,0.007389649900376596
1106.0,0.007389649900376593,0.007389649900376592,0.007389649900376596
1107.0,0.007389649900376593,0.007389649900376592,0.007389649900376596
1108.0,0.007389649900376593,0.007389649900376592,0.007389649900376596
1109.0,0.007389649900376593,0.007389649900376592,0.007389649900376596
1110.0,0.007389649900376593,0.007389649900376592,0.007389649900376596
1111.0,0.007389649900376593,0.007389649900376592,0.007389649900376596
1112.0,0.007389649900376593,0.007389649900376592,0.007389649900376596
1113.0,0.007389649900376593,0.007389649900376592,0.007389649900376596
1114.0,0.007389649900376593,0.007389649900376592,0.007389649900376596
1115.0,0.007389649900376593,0.007389649900376592,0.007389649900376596
1116.0,0.007389649900376593,0.007389649900376592,0.007389649900376592
1117.0,0.007389649900376593,0.007389649900376592,0.007389649900376592
1118.0,0.007389649900376593,0.007389649900376592,0.007389649900376592
1119.0,0.007389649900376593,0.007389649900376592,0.007389649900376592
1120.0,0.007389649900376593,0.007389649900376592,0.007389649900376592
1121.0,0.007389649900376593,0.007389649900376592,0.007389649900376592
1122.0,0.007389649900376593,0.007389649900376592,0.007389649900376592
1123.0,0.007389649900376593,0.007389649900376592,0.007389649900376592
1124.0,0.007389649900376593,0.007389649900376592,0.007389649900376592
1125.0,0.007389649900376593,0.007389649900376592,0.007389649900376592
1126.0,0.007389649900376593,0.007389649900376592,0.007389649900376592
1127.0,0.007389649900376593,0.007389649900376592,0.007389649900376592
1128.0,0.007389649900376593,0.007389649900376592,0.007389649900376592
1129.0,0.007389649900376593,0.007389649900376592,0.007389649900376592
1130.0,0.007389649900376593,0.007389649900376592,0.007389649900376592
1131.0,0.007389649900376593,0.007389649900376592,0.007389649900376592
1132.0,0.007389649900376593,0.007389649900376592,0.007389649900376592
1133.0,0.007389649900376593,0.007389649900376592,0.007389649900376592
1134.0,0.007389649900376593,0.007389649900376592,0.007389649900376592
1135.0,0.007389649900376593,0.007389649900376592,0.007389649900376592
1136.0,0.007389649900376593,0.007389649900376592,0.007389649900376592
1137.0,0.007389649900376593,0.007389649900376592,0.007389649900376592
1138.0,0.007389649900376593,0.007389649900376592,0.007389649900376592
1139.0,0.007389649900376592,0.007389649900376592,0.007389649900376592
1140.0,0.007389649900376592,0.007389649900376592,0.007389649900376592
1141.0,0.007389649900376592,0.007389649900376592,0.007389649900376592
1142.0,0.007389649900376592,0.007389649900376592,0.007389649900376592
1143.0,0.007389649900376592,0.007389649900376592,0.007389649900376592
1144.0,0.007389649900376592,0.007389649900376592,0.007389649900376592
1145.0,0.007389649900376592,0.007389649900376592,0.007389649900376592
1146.0,0.007389649900376592,0.007389649900376592,0.007389649900376592
1147.0,0.007389649900376592,0.007389649900376592,0.007389649900376592
1148.0,0.007389649900376592,0.007389649900376592,0.007389649900376592
1149.0,0.007389649900376592,0.007389649900376592,0.007389649900376592
1150.0,0.007389649900376592,0.007389649900376592,0.007389649900376592
1151.0,0.007389649900376592,0.007389649900376592,0.007389649900376592
1152.0,0.007389649900376592,0.007389649900376592,0.007389649900376592
1153.0,0.007389649900376592,0.007389649900376592,0.007389649900376592
1154.0,0.007389649900376592,0.007389649900376592,0.007389649900376592
1155.0,0.007389649900376592,0.007389649900376592,0.007389649900376592
1156.0,0.007389649900376592,0.007389649900376592,0.007389649900376592
1157.0,0.007389649900376592,0.007389649900376592,0.007389649900376592
1158.0,0.007389649900376592,0.007389649900376592,0.007389649900376592
1159.0,0.007389649900376592,0.007389649900376592,0.007389649900376592
1160.0,0.007389649900376592,0.007389649900376592,0.007389649900376592
1161.0,0.007389649900376592,0.007389649900376592,0.007389649900376592
1162.0,0.007389649900376592,0.007389649900376592,0.007389649900376592
1163.0,0.007389649900376592,0.007389649900376592,0.007389649900376592
1164.0,0.007389649900376592,0.007389649900376592,0.007389649900376592
1165.0,0.007389649900376592,0.007389649900376592,0.007389649900376592
1166.0,0.007389649900376592,0.007389649900376592,0.007389649900376592
1167.0,0.007389649900376592,0.007389649900376592,0.007389649900376592
1168.0,0.007389649900376592,0.007389649900376592,0.007389649900376592
1169.0,0.007389649900376592,0.007389649900376592,0.007389649900376592
1170.0,0.007389649900376592,0.007389649900376592,0.007389649900376592
1171.0,0.007389649900376592,0.007389649900376592,0.007389649900376592
1172.0,0.007389649900376592,0.007389649900376592,0.007389649900376592
1173.0,0.007389649900376592,0.007389649900376592,0.007389649900376592
1174.0,0.007389649900376592,0.007389649900376592,0.007389649900376592
1175.0,0.007389649900376592,0.007389649900376592,0.007389649900376592
1176.0,0.007389649900376592,0.007389649900376592,0.007389649900376592
1177.0,0.007389649900376592,0.007389649900376592,0.007389649900376592
1178.0,0.007389649900376592,0.007389649900376592,0.007389649900376592
1179.0,0.007389649900376592,0.007389649900376592,0.007389649900376592
1180.0,0.007389649900376592,0.007389649900376592,0.007389649900376592
1181.0,0.007389649900376592,0.007389649900376592,0.007389649900376592
1182.0,0.007389649900376592,0.007389649900376592,0.007389649900376592
1183.0,0.007389649900376592,0.007389649900376592,0.007389649900376592
1184.0,0.007389649900376592,0.007389649900376592,0.007389649900376592
1185.0,0.007389649900376592,0.007389649900376592,0.007389649900376592
1186.0,0.007389649900376592,0.007389649900376592,0.007389649900376592
1187.0,0.007389649900376592,0.007389649900376592,0.007389649900376592
1188.0,0.007389649900376592,0.007389649900376592,0.007389649900376592
1189.0,0.007389649900376592,0.007389649900376592,0.007389649900376592
1190.0,0.007389649900376592,0.007389649900376592,0.007389649900376592
1191.0,0.007389649900376592,0.007389649900376592,0.007389649900376592
1192.0,0.007389649900376592,0.007389649900376592,0.007389649900376592
1193.0,0.007389649900376592,0.007389649900376592,0.007389649900376592
1194.0,0.007389649900376592,0.007389649900376592,0.007389649900376592
1195.0,0.007389649900376592,0.007389649900376592,0.007389649900376592
1196.0,0.007389649900376592,0.007389649900376592,0.007389649900376592
1197.0,0.007389649900376592,0.007389649900376592,0.007389649900376592
1198.0,0.007389649900376592,0.007389649900376592,0.007389649900376592
1199.0,0.007389649900376592,0.007389649900376592,0.007389649900376592
1200.0,0.007389649900376592,0.007389649900376592,0.007389649900376592
1201.0,0.007389649900376592,0.007389649900376592,0.007389649900376592
1202.0,0.007389649900376592,0.007389649900376592,0.007389649900376592
1203.0,0.007389649900376592,0.007389649900376592,0.007389649900376592
1204.0,0.007389649900376592,0.007389649900376592,0.007389649900376592
1205.0,0.007389649900376592,0.007389649900376592,0.007389649900376592
1206.0,0.007389649900376592,0.007389649900376592,0.007389649900376592
1207.0,0.007389649900376592,0.007389649900376592,0.007389649900376592
1208.0,0.007389649900376592,0.007389649900376592,0.007389649900376592
1209.0,0.007389649900376592,0.007389649900376592,0.007389649900376592
1210.0,0.007389649900376592,0.007389649900376592,0.007389649900376592
1211.0,0.007389649900376592,0.007389649900376592,0.007389649900376592
1212.0,0.007389649900376592,0.007389649900376592,0.007389649900376592
1213.0,0.007389649900376592,0.007389649900376592,0.007389649900376592
1214.0,0.007389649900376592,0.007389649900376592,0.007389649900376592
1215.0,0.007389649900376592,0.007389649900376592,0.007389649900376592
1216.0,0.007389649900376592,0.007389649900376592,0.007389649900376592
1217.0,0.007389649900376592,0.007389649900376592,0.007389649900376592
1218.0,0.007389649900376592,0.007389649900376592,0.007389649900376592
1219.0,0.007389649900376592,0.007389649900376592,0.007389649900376592
1220.0,0.007389649900376592,0.007389649900376592,0.007389649900376592
1221.0,0.007389649900376592,0.007389649900376592,0.007389649900376592
1222.0,0.007389649900376592,0.007389649900376592,0.007389649900376592
1223.0,0.007389649900376592,0.007389649900376592,0.007389649900376592
1224.0,0.007389649900376592,0.007389649900376592,0.007389649900376592
1225.0,0.007389649900376592,0.007389649900376589,0.007389649900376592
1226.0,0.007389649900376592,0.007389649900376589,0.007389649900376592
1227.0,0.007389649900376592,0.007389649900376589,0.007389649900376592
1228.0,0.007389649900376592,0.007389649900376589,0.007389649900376592
1229.0,0.007389649900376592,0.007389649900376589,0.007389649900376592
1230.0,0.007389649900376592,0.007389649900376589,0.007389649900376592
1231.0,0.007389649900376592,0.007389649900376589,0.007389649900376592
1232.0,0.007389649900376592,0.007389649900376589,0.007389649900376592
1233.0,0.007389649900376592,0.007389649900376589,0.007389649900376592
1234.0,0.007389649900376592,0.007389649900376589,0.007389649900376592
1235.0,0.007389649900376592,0.007389649900376589,0.007389649900376592
1236.0,0.007389649900376592,0.007389649900376589,0.007389649900376592
1237.0,0.007389649900376592,0.007389649900376589,0.007389649900376592
1238.0,0.007389649900376592,0.007389649900376589,0.007389649900376592
1239.0,0.007389649900376592,0.007389649900376589,0.007389649900376592
1240.0,0.007389649900376592,0.007389649900376589,0.007389649900376592
1241.0,0.007389649900376592,0.007389649900376589,0.007389649900376592
1242.0,0.007389649900376592,0.007389649900376589,0.007389649900376592
1243.0,0.007389649900376592,0.007389649900376589,0.007389649900376592
1244.0,0.007389649900376592,0.007389649900376589,0.007389649900376592
1245.0,0.007389649900376592,0.007389649900376589,0.007389649900376592
1246.0,0.007389649900376592,0.007389649900376589,0.007389649900376592
1247.0,0.007389649900376592,0.007389649900376589,0.007389649900376592
1248.0,0.007389649900376592,0.007389649900376589,0.007389649900376592
1249.0,0.007389649900376592,0.007389649900376589,0.007389649900376592
1250.0,0.007389649900376592,0.007389649900376589,0.007389649900376592
1251.0,0.007389649900376592,0.007389649900376589,0.007389649900376592
1252.0,0.007389649900376592,0.007389649900376589,0.007389649900376592
1253.0,0.007389649900376592,0.007389649900376589,0.007389649900376592
1254.0,0.007389649900376592,0.007389649900376589,0.007389649900376592
1255.0,0.007389649900376592,0.007389649900376589,0.007389649900376592
1256.0,0.007389649900376592,0.007389649900376589,0.007389649900376592
1257.0,0.007389649900376592,0.007389649900376589,0.007389649900376592
1258.0,0.007389649900376592,0.007389649900376589,0.007389649900376592
1259.0,0.007389649900376592,0.007389649900376589,0.007389649900376592
1260.0,0.007389649900376592,0.007389649900376589,0.007389649900376592
1261.0,0.007389649900376592,0.007389649900376589,0.007389649900376592
1262.0,0.007389649900376592,0.007389649900376589,0.007389649900376592
1263.0,0.007389649900376592,0.007389649900376589,0.007389649900376592
1264.0,0.007389649900376592,0.007389649900376589,0.007389649900376592
1265.0,0.007389649900376592,0.007389649900376589,0.007389649900376592
1266.0,0.007389649900376592,0.007389649900376589,0.007389649900376592
1267.0,0.007389649900376592,0.007389649900376589,0.007389649900376592
1268.0,0.007389649900376592,0.007389649900376589,0.007389649900376592
1269.0,0.007389649900376592,0.007389649900376589,0.007389649900376592
1270.0,0.007389649900376592,0.007389649900376589,0.007389649900376592
1271.0,0.007389649900376592,0.007389649900376589,0.007389649900376592
1272.0,0.007389649900376592,0.007389649900376589,0.007389649900376592
1273.0,0.007389649900376592,0.007389649900376589,0.007389649900376592
1274.0,0.007389649900376592,0.007389649900376589,0.007389649900376592
1275.0,0.007389649900376592,0.007389649900376589,0.007389649900376592
1276.0,0.007389649900376592,0.007389649900376589,0.007389649900376592
1277.0,0.007389649900376592,0.007389649900376589,0.007389649900376592
1278.0,0.007389649900376592,0.007389649900376589,0.007389649900376592
1279.0,0.007389649900376592,0.007389649900376589,0.007389649900376592
1280.0,0.007389649900376592,0.007389649900376589,0.007389649900376592
1281.0,0.007389649900376592,0.007389649900376589,0.007389649900376592
1282.0,0.007389649900376592,0.007389649900376589,0.007389649900376592
1283.0,0.007389649900376592,0.007389649900376589,0.007389649900376592
1284.0,0.007389649900376592,0.007389649900376589,0.007389649900376592
1285.0,0.007389649900376592,0.007389649900376589,0.007389649900376592
1286.0,0.007389649900376592,0.007389649900376589,0.007389649900376592
1287.0,0.007389649900376592,0.007389649900376589,0.007389649900376592
1288.0,0.007389649900376592,0.007389649900376589,0.007389649900376592
1289.0,0.007389649900376592,0.007389649900376589,0.007389649900376592
1290.0,0.007389649900376592,0.007389649900376589,0.007389649900376592
1291.0,0.007389649900376592,0.007389649900376589,0.007389649900376592
1292.0,0.007389649900376592,0.007389649900376589,0.007389649900376592
1293.0,0.007389649900376592,0.007389649900376589,0.007389649900376592
1294.0,0.007389649900376592,0.007389649900376589,0.007389649900376592
1295.0,0.007389649900376592,0.007389649900376589,0.007389649900376592
1296.0,0.007389649900376592,0.007389649900376589,0.007389649900376592
1297.0,0.007389649900376592,0.007389649900376589,0.007389649900376592
1298.0,0.007389649900376592,0.007389649900376589,0.007389649900376592
1299.0,0.007389649900376592,0.007389649900376589,0.007389649900376592
1300.0,0.007389649900376592,0.007389649900376589,0.007389649900376592
1301.0,0.007389649900376592,0.007389649900376589,0.007389649900376592
1302.0,0.007389649900376592,0.007389649900376589,0.007389649900376592
1303.0,0.007389649900376592,0.007389649900376589,0.007389649900376592
1304.0,0.007389649900376592,0.007389649900376589,0.007389649900376592
1305.0,0.007389649900376592,0.007389649900376589,0.007389649900376592
1306.0,0.007389649900376592,0.007389649900376589,0.007389649900376592
1307.0,0.007389649900376592,0.007389649900376589,0.007389649900376592
1308.0,0.007389649900376592,0.007389649900376589,0.007389649900376592
1309.0,0.007389649900376592,0.007389649900376589,0.007389649900376592
1310.0,0.007389649900376592,0.007389649900376589,0.007389649900376592
1311.0,0.007389649900376592,0.007389649900376589,0.007389649900376592
1312.0,0.007389649900376592,0.007389649900376589,0.007389649900376592
1313.0,0.007389649900376592,0.007389649900376589,0.007389649900376592
1314.0,0.007389649900376592,0.007389649900376589,0.007389649900376592
1315.0,0.007389649900376592,0.007389649900376589,0.007389649900376592
1316.0,0.007389649900376592,0.007389649900376589,0.007389649900376592
1317.0,0.007389649900376592,0.007389649900376589,0.007389649900376592
1318.0,0.007389649900376592,0.007389649900376589,0.007389649900376592
1319.0,0.007389649900376592,0.007389649900376589,0.007389649900376592
1320.0,0.007389649900376592,0.007389649900376589,0.007389649900376592
1321.0,0.007389649900376592,0.007389649900376589,0.007389649900376592
1322.0,0.007389649900376592,0.007389649900376589,0.007389649900376592
1323.0,0.007389649900376592,0.007389649900376589,0.007389649900376592
1324.0,0.007389649900376592,0.007389649900376589,0.007389649900376592
1325.0,0.007389649900376592,0.007389649900376589,0.007389649900376592
1326.0,0.007389649900376592,0.007389649900376589,0.007389649900376592
1327.0,0.007389649900376592,0.007389649900376589,0.007389649900376592
1328.0,0.007389649900376592,0.007389649900376589,0.007389649900376592
1329.0,0.007389649900376592,0.007389649900376589,0.007389649900376592
1330.0,0.007389649900376592,0.007389649900376589,0.007389649900376592
1331.0,0.007389649900376592,0.007389649900376589,0.007389649900376592
1332.0,0.007389649900376592,0.007389649900376589,0.007389649900376592
1333.0,0.007389649900376592,0.007389649900376589,0.007389649900376592
1334.0,0.007389649900376592,0.007389649900376589,0.007389649900376592
1335.0,0.007389649900376592,0.007389649900376589,0.007389649900376592
1336.0,0.007389649900376592,0.007389649900376589,0.007389649900376592
1337.0,0.007389649900376592,0.007389649900376589,0.007389649900376592
1338.0,0.007389649900376592,0.007389649900376589,0.007389649900376592
1339.0,0.007389649900376592,0.007389649900376589,0.007389649900376592
1340.0,0.007389649900376592,0.007389649900376589,0.007389649900376592
1341.0,0.007389649900376592,0.007389649900376589,0.007389649900376592
1342.0,0.007389649900376592,0.007389649900376589,0.007389649900376592
1343.0,0.007389649900376592,0.007389649900376589,0.007389649900376592
1344.0,0.007389649900376592,0.007389649900376589,0.007389649900376592
1345.0,0.007389649900376592,0.007389649900376589,0.007389649900376592
1346.0,0.007389649900376592,0.007389649900376589,0.007389649900376592
1347.0,0.007389649900376592,0.007389649900376589,0.007389649900376592
1348.0,0.007389649900376592,0.007389649900376589,0.007389649900376592
1349.0,0.007389649900376592,0.007389649900376589,0.007389649900376592
1350.0,0.007389649900376592,0.007389649900376589,0.007389649900376592
1351.0,0.007389649900376592,0.007389649900376589,0.007389649900376592
1352.0,0.007389649900376592,0.007389649900376589,0.007389649900376592
1353.0,0.007389649900376592,0.007389649900376589,0.007389649900376592
1354.0,0.007389649900376592,0.007389649900376589,0.007389649900376592
1355.0,0.007389649900376592,0.007389649900376589,0.007389649900376592
1356.0,0.007389649900376592,0.007389649900376589,0.007389649900376592
1357.0,0.007389649900376592,0.007389649900376589,0.007389649900376592
1358.0,0.007389649900376592,0.007389649900376589,0.007389649900376592
1359.0,0.007389649900376592,0.007389649900376589,0.007389649900376592
1360.0,0.007389649900376592,0.007389649900376589,0.007389649900376592
1361.0,0.007389649900376592,0.007389649900376589,0.007389649900376592
1362.0,0.007389649900376592,0.007389649900376589,0.007389649900376592
1363.0,0.007389649900376592,0.007389649900376589,0.007389649900376592
1364.0,0.007389649900376592,0.007389649900376589,0.007389649900376592
1365.0,0.007389649900376592,0.007389649900376589,0.007389649900376592
1366.0,0.007389649900376592,0.007389649900376589,0.007389649900376592
1367.0,0.007389649900376592,0.007389649900376589,0.007389649900376592
1368.0,0.007389649900376592,0.007389649900376589,0.007389649900376592
1369.0,0.007389649900376592,0.007389649900376589,0.007389649900376592
1370.0,0.007389649900376592,0.007389649900376589,0.007389649900376592
1371.0,0.007389649900376592,0.007389649900376589,0.007389649900376592
1372.0,0.007389649900376592,0.007389649900376589,0.007389649900376592
1373.0,0.007389649900376592,0.007389649900376589,0.007389649900376592
1374.0,0.007389649900376592,0.007389649900376589,0.007389649900376592
1375.0,0.007389649900376592,0.007389649900376589,0.007389649900376592
1376.0,0.007389649900376592,0.007389649900376589,0.007389649900376592
1377.0,0.007389649900376592,0.007389649900376589,0.007389649900376592
1378.0,0.007389649900376592,0.007389649900376589,0.007389649900376592
1379.0,0.007389649900376592,0.007389649900376589,0.007389649900376592
1380.0,0.007389649900376592,0.007389649900376589,0.007389649900376592
1381.0,0.007389649900376592,0.007389649900376589,0.007389649900376592
1382.0,0.007389649900376592,0.007389649900376589,0.007389649900376592
1383.0,0.007389649900376592,0.007389649900376589,0.007389649900376592
1384.0,0.007389649900376592,0.007389649900376589,0.007389649900376592
1385.0,0.007389649900376592,0.007389649900376589,0.007389649900376592
1386.0,0.007389649900376592,0.007389649900376589,0.007389649900376592
1387.0,0.007389649900376592,0.007389649900376589,0.007389649900376592
1388.0,0.007389649900376592,0.007389649900376589,0.007389649900376592
1389.0,0.007389649900376592,0.007389649900376589,0.007389649900376592
1390.0,0.007389649900376592,0.007389649900376589,0.007389649900376592
1391.0,0.007389649900376592,0.007389649900376589,0.007389649900376592
1392.0,0.007389649900376592,0.007389649900376589,0.007389649900376592
1393.0,0.007389649900376592,0.007389649900376589,0.007389649900376592
1394.0,0.007389649900376592,0.007389649900376589,0.007389649900376592
1395.0,0.007389649900376592,0.007389649900376589,0.007389649900376592
1396.0,0.007389649900376592,0.007389649900376589,0.007389649900376592
1397.0,0.007389649900376592,0.007389649900376589,0.007389649900376592
1398.0,0.007389649900376592,0.007389649900376589,0.007389649900376592
1399.0,0.007389649900376592,0.007389649900376589,0.007389649900376592
1400.0,0.007389649900376592,0.007389649900376589,0.007389649900376592
1401.0,0.007389649900376592,0.007389649900376589,0.007389649900376592
1402.0,0.007389649900376592,0.007389649900376589,0.007389649900376592
1403.0,0.007389649900376592,0.007389649900376589,0.007389649900376592
1404.0,0.007389649900376592,0.007389649900376589,0.007389649900376592
1405.0,0.007389649900376592,0.007389649900376589,0.007389649900376592
1406.0,0.007389649900376592,0.007389649900376589,0.007389649900376592
1407.0,0.007389649900376592,0.007389649900376589,0.007389649900376592
1408.0,0.007389649900376592,0.007389649900376589,0.007389649900376592
1409.0,0.007389649900376592,0.007389649900376589,0.007389649900376592
1410.0,0.007389649900376592,0.007389649900376589,0.007389649900376592
1411.0,0.007389649900376592,0.007389649900376589,0.007389649900376592
1412.0,0.007389649900376592,0.007389649900376589,0.007389649900376592
1413.0,0.007389649900376592,0.007389649900376589,0.007389649900376592
1414.0,0.007389649900376592,0.007389649900376589,0.007389649900376592
1415.0,0.007389649900376592,0.007389649900376589,0.007389649900376592
1416.0,0.007389649900376592,0.007389649900376589,0.007389649900376592
1417.0,0.007389649900376592,0.007389649900376589,0.007389649900376592
1418.0,0.007389649900376592,0.007389649900376589,0.007389649900376592
1419.0,0.007389649900376592,0.007389649900376589,0.007389649900376592
1420.0,0.007389649900376592,0.007389649900376589,0.007389649900376592
1421.0,0.007389649900376592,0.007389649900376589,0.007389649900376592
1422.0,0.007389649900376592,0.007389649900376589,0.007389649900376592
1423.0,0.007389649900376592,0.007389649900376589,0.007389649900376592
1424.0,0.007389649900376592,0.007389649900376589,0.007389649900376592
1425.0,0.007389649900376592,0.007389649900376589,0.007389649900376592
1426.0,0.007389649900376592,0.007389649900376589,0.007389649900376592
1427.0,0.007389649900376592,0.007389649900376589,0.007389649900376592
1428.0,0.007389649900376592,0.007389649900376589,0.007389649900376592
1429.0,0.007389649900376592,0.007389649900376589,0.007389649900376592
1430.0,0.007389649900376592,0.007389649900376589,0.007389649900376592
1431.0,0.007389649900376592,0.007389649900376589,0.007389649900376592
1432.0,0.007389649900376592,0.007389649900376589,0.007389649900376592
1433.0,0.007389649900376592,0.007389649900376589,0.007389649900376592
1434.0,0.007389649900376592,0.007389649900376589,0.007389649900376592
1435.0,0.007389649900376592,0.007389649900376589,0.007389649900376592
1436.0,0.007389649900376592,0.007389649900376589,0.007389649900376592
1437.0,0.007389649900376592,0.007389649900376589,0.007389649900376592
1438.0,0.007389649900376592,0.007389649900376589,0.007389649900376592
1439.0,0.007389649900376592,0.007389649900376589,0.007389649900376592
1440.0,0.007389649900376592,0.007389649900376589,0.007389649900376592
1441.0,0.007389649900376592,0.007389649900376589,0.007389649900376592
1442.0,0.007389649900376592,0.007389649900376589,0.007389649900376592
1443.0,0.007389649900376592,0.007389649900376589,0.007389649900376592
1444.0,0.007389649900376592,0.007389649900376589,0.007389649900376592
1445.0,0.007389649900376592,0.007389649900376589,0.007389649900376592
1446.0,0.007389649900376592,0.007389649900376589,0.007389649900376592
1447.0,0.007389649900376592,0.007389649900376589,0.007389649900376592
1448.0,0.007389649900376592,0.007389649900376589,0.007389649900376592
1449.0,0.007389649900376592,0.007389649900376589,0.007389649900376592
1450.0,0.007389649900376592,0.007389649900376589,0.007389649900376592
1451.0,0.007389649900376592,0.007389649900376589,0.007389649900376592
1452.0,0.007389649900376592,0.007389649900376589,0.007389649900376592
1453.0,0.007389649900376592,0.007389649900376589,0.007389649900376592
1454.0,0.007389649900376592,0.007389649900376589,0.007389649900376592
1455.0,0.007389649900376592,0.007389649900376589,0.007389649900376592
1456.0,0.007389649900376592,0.007389649900376589,0.007389649900376592
1457.0,0.007389649900376592,0.007389649900376589,0.007389649900376592
1458.0,0.007389649900376592,0.007389649900376589,0.007389649900376592
1459.0,0.007389649900376592,0.007389649900376589,0.007389649900376592
1460.0,0.007389649900376592,0.007389649900376589,0.007389649900376592
1461.0,0.007389649900376592,0.007389649900376589,0.007389649900376592
1462.0,0.007389649900376592,0.007389649900376589,0.007389649900376592
1463.0,0.007389649900376592,0.007389649900376589,0.007389649900376592
1464.0,0.007389649900376592,0.007389649900376589,0.007389649900376592
1465.0,0.007389649900376592,0.007389649900376589,0.007389649900376592
1466.0,0.007389649900376592,0.007389649900376589,0.007389649900376592
1467.0,0.007389649900376592,0.007389649900376589,0.007389649900376592
1468.0,0.007389649900376592,0.007389649900376589,0.007389649900376592
1469.0,0.007389649900376592,0.007389649900376589,0.007389649900376592
1470.0,0.007389649900376592,0.007389649900376589,0.007389649900376592
1471.0,0.007389649900376592,0.007389649900376589,0.007389649900376592
1472.0,0.007389649900376592,0.007389649900376589,0.007389649900376592
1473.0,0.007389649900376592,0.007389649900376589,0.007389649900376592
1474.0,0.007389649900376592,0.007389649900376589,0.007389649900376592
1475.0,0.007389649900376592,0.007389649900376589,0.007389649900376592
1476.0,0.007389649900376592,0.007389649900376589,0.007389649900376592
1477.0,0.007389649900376592,0.007389649900376589,0.007389649900376592
1478.0,0.007389649900376592,0.007389649900376589,0.007389649900376592
1479.0,0.007389649900376592,0.007389649900376589,0.007389649900376592
1480.0,0.007389649900376592,0.007389649900376589,0.007389649900376592
1481.0,0.007389649900376592,0.007389649900376589,0.007389649900376592
1482.0,0.007389649900376592,0.007389649900376589,0.007389649900376592
1483.0,0.007389649900376592,0.007389649900376589,0.007389649900376592
1484.0,0.007389649900376592,0.007389649900376589,0.007389649900376592
1485.0,0.007389649900376592,0.007389649900376589,0.007389649900376592
1486.0,0.007389649900376592,0.007389649900376589,0.007389649900376592
1487.0,0.007389649900376592,0.007389649900376589,0.007389649900376592
1488.0,0.007389649900376592,0.007389649900376589,0.007389649900376592
1489.0,0.007389649900376592,0.007389649900376589,0.007389649900376592
1490.0,0.007389649900376592,0.007389649900376589,0.007389649900376592
1491.0,0.007389649900376592,0.007389649900376589,0.007389649900376592
1492.0,0.007389649900376592,0.007389649900376589,0.007389649900376592
1493.0,0.007389649900376592,0.007389649900376589,0.007389649900376592
1494.0,0.007389649900376592,0.007389649900376589,0.007389649900376592
1495.0,0.007389649900376592,0.007389649900376589,0.007389649900376592
1496.0,0.007389649900376592,0.007389649900376589,0.007389649900376592
1497.0,0.007389649900376592,0.007389649900376589,0.007389649900376592
1498.0,0.007389649900376592,0.007389649900376589,0.007389649900376592
1499.0,0.007389649900376592,0.007389649900376589,0.007389649900376592
1500.0,0.007389649900376592,0.007389649900376589,0.007389649900376592
1501.0,0.007389649900376592,0.007389649900376589,0.007389649900376592
1502.0,0.007389649900376592,0.007389649900376589,0.007389649900376592
1503.0,0.007389649900376592,0.007389649900376589,0.007389649900376592
1504.0,0.007389649900376592,0.007389649900376589,0.007389649900376592
1505.0,0.007389649900376592,0.007389649900376589,0.007389649900376592
1506.0,0.007389649900376592,0.007389649900376589,0.007389649900376592
1507.0,0.007389649900376592,0.007389649900376589,0.007389649900376592
1508.0,0.007389649900376592,0.007389649900376589,0.007389649900376592
1509.0,0.007389649900376592,0.007389649900376589,0.007389649900376592
1510.0,0.007389649900376592,0.007389649900376589,0.007389649900376592
1511.0,0.007389649900376592,0.007389649900376589,0.007389649900376592
1512.0,0.007389649900376592,0.007389649900376589,0.007389649900376592
1513.0,0.007389649900376592,0.007389649900376589,0.007389649900376592
1514.0,0.007389649900376592,0.007389649900376589,0.007389649900376592
1515.0,0.007389649900376592,0.007389649900376589,0.007389649900376592
1516.0,0.007389649900376592,0.007389649900376589,0.007389649900376592
1517.0,0.007389649900376592,0.007389649900376589,0.007389649900376592
1518.0,0.007389649900376592,0.007389649900376589,0.007389649900376592
1519.0,0.007389649900376592,0.007389649900376589,0.007389649900376592
1520.0,0.007389649900376592,0.007389649900376589,0.007389649900376592
1521.0,0.007389649900376592,0.007389649900376589,0.007389649900376592
1522.0,0.007389649900376592,0.007389649900376589,0.007389649900376592
1523.0,0.007389649900376592,0.007389649900376589,0.007389649900376592
1524.0,0.007389649900376592,0.007389649900376589,0.007389649900376592
1525.0,0.007389649900376592,0.007389649900376589,0.007389649900376592
1526.0,0.007389649900376592,0.007389649900376589,0.007389649900376592
1527.0,0.007389649900376592,0.007389649900376589,0.007389649900376592
1528.0,0.007389649900376592,0.007389649900376589,0.007389649900376592
1529.0,0.007389649900376592,0.007389649900376589,0.007389649900376592
1530.0,0.007389649900376592,0.007389649900376589,0.007389649900376592
1531.0,0.007389649900376592,0.007389649900376589,0.007389649900376592
1532.0,0.007389649900376592,0.007389649900376589,0.007389649900376592
1533.0,0.007389649900376592,0.007389649900376589,0.007389649900376592
1534.0,0.007389649900376592,0.007389649900376589,0.007389649900376592
1535.0,0.007389649900376592,0.007389649900376589,0.007389649900376592
1536.0,0.007389649900376592,0.007389649900376589,0.007389649900376592
1537.0,0.007389649900376592,0.007389649900376589,0.007389649900376592
1538.0,0.007389649900376592,0.007389649900376589,0.007389649900376592
1539.0,0.007389649900376592,0.007389649900376589,0.007389649900376592
1540.0,0.007389649900376592,0.007389649900376589,0.007389649900376592
1541.0,0.007389649900376592,0.007389649900376589,0.007389649900376592
1542.0,0.007389649900376592,0.007389649900376589,0.007389649900376592
1543.0,0.007389649900376592,0.007389649900376589,0.007389649900376592
1544.0,0.007389649900376592,0.007389649900376589,0.007389649900376592
1545.0,0.007389649900376592,0.007389649900376589,0.007389649900376592
1546.0,0.007389649900376592,0.007389649900376589,0.007389649900376592
1547.0,0.007389649900376592,0.007389649900376589,0.007389649900376592
1548.0,0.007389649900376592,0.007389649900376589,0.007389649900376592
1549.0,0.007389649900376592,0.007389649900376589,0.007389649900376592
1550.0,0.007389649900376592,0.007389649900376589,0.007389649900376592
1551.0,0.007389649900376592,0.007389649900376589,0.007389649900376592
1552.0,0.007389649900376592,0.007389649900376589,0.007389649900376592
1553.0,0.007389649900376592,0.007389649900376589,0.007389649900376592
1554.0,0.007389649900376592,0.007389649900376589,0.007389649900376592
1555.0,0.007389649900376592,0.007389649900376589,0.007389649900376592
1556.0,0.007389649900376592,0.007389649900376589,0.007389649900376592
1557.0,0.007389649900376592,0.007389649900376589,0.007389649900376592
1558.0,0.007389649900376592,0.007389649900376589,0.007389649900376592
1559.0,0.007389649900376592,0.007389649900376589,0.007389649900376592
1560.0,0.007389649900376592,0.007389649900376589,0.007389649900376592
1561.0,0.007389649900376592,0.007389649900376589,0.007389649900376592
1562.0,0.007389649900376592,0.007389649900376589,0.007389649900376592
1563.0,0.007389649900376592,0.007389649900376589,0.007389649900376592
1564.0,0.007389649900376592,0.007389649900376589,0.007389649900376592
1565.0,0.007389649900376592,0.007389649900376589,0.007389649900376592
1566.0,0.007389649900376592,0.007389649900376589,0.007389649900376592
1567.0,0.007389649900376592,0.007389649900376589,0.007389649900376592
1568.0,0.007389649900376592,0.007389649900376589,0.007389649900376592
1569.0,0.007389649900376592,0.007389649900376589,0.007389649900376592
1570.0,0.007389649900376592,0.007389649900376589,0.007389649900376592
1571.0,0.007389649900376592,0.007389649900376589,0.007389649900376592
1572.0,0.007389649900376592,0.007389649900376589,0.007389649900376592
1573.0,0.007389649900376592,0.007389649900376589,0.007389649900376592
1574.0,0.007389649900376592,0.007389649900376589,0.007389649900376592
1575.0,0.007389649900376592,0.007389649900376589,0.007389649900376592
1576.0,0.007389649900376592,0.007389649900376589,0.007389649900376592
1577.0,0.007389649900376592,0.007389649900376589,0.007389649900376592
1578.0,0.007389649900376592,0.007389649900376589,0.007389649900376592
1579.0,0.007389649900376592,0.007389649900376589,0.007389649900376592
1580.0,0.007389649900376592,0.007389649900376589,0.007389649900376592
1581.0,0.007389649900376592,0.007389649900376589,0.007389649900376592
1582.0,0.007389649900376592,0.007389649900376589,0.007389649900376592
1583.0,0.007389649900376592,0.007389649900376589,0.007389649900376592
1584.0,0.007389649900376592,0.007389649900376589,0.007389649900376592
1585.0,0.007389649900376592,0.007389649900376589,0.007389649900376592
1586.0,0.007389649900376592,0.007389649900376589,0.007389649900376592
1587.0,0.007389649900376592,0.007389649900376589,0.007389649900376592
1588.0,0.007389649900376592,0.007389649900376589,0.007389649900376592
1589.0,0.007389649900376592,0.007389649900376589,0.007389649900376592
1590.0,0.007389649900376592,0.007389649900376589,0.007389649900376592
1591.0,0.007389649900376592,0.007389649900376589,0.007389649900376592
1592.0,0.007389649900376592,0.007389649900376589,0.007389649900376592
1593.0,0.007389649900376592,0.007389649900376589,0.007389649900376592
1594.0,0.007389649900376592,0.007389649900376589,0.007389649900376592
1595.0,0.007389649900376592,0.007389649900376589,0.007389649900376592
1596.0,0.007389649900376592,0.007389649900376589,0.007389649900376592
1597.0,0.007389649900376592,0.007389649900376589,0.007389649900376592
1598.0,0.007389649900376592,0.007389649900376589,0.007389649900376592
1599.0,0.007389649900376592,0.007389649900376589,0.007389649900376592
1600.0,0.007389649900376592,0.007389649900376589,0.007389649900376592
1601.0,0.007389649900376592,0.007389649900376589,0.007389649900376592
1602.0,0.007389649900376592,0.007389649900376589,0.007389649900376592
1603.0,0.007389649900376592,0.007389649900376589,0.007389649900376592
1604.0,0.007389649900376592,0.007389649900376589,0.007389649900376592
1605.0,0.007389649900376592,0.007389649900376589,0.007389649900376592
1606.0,0.007389649900376592,0.007389649900376589,0.007389649900376592
1607.0,0.007389649900376592,0.007389649900376589,0.007389649900376592
1608.0,0.007389649900376592,0.007389649900376589,0.007389649900376592
1609.0,0.007389649900376592,0.007389649900376589,0.007389649900376592
1610.0,0.007389649900376592,0.007389649900376589,0.007389649900376592
1611.0,0.007389649900376592,0.007389649900376589,0.007389649900376592
1612.0,0.007389649900376592,0.007389649900376589,0.007389649900376592
1613.0,0.007389649900376592,0.007389649900376589,0.007389649900376592
1614.0,0.007389649900376592,0.007389649900376589,0.007389649900376592
1615.0,0.007389649900376592,0.007389649900376589,0.007389649900376592
1616.0,0.007389649900376592,0.007389649900376589,0.007389649900376592
1617.0,0.007389649900376592,0.007389649900376589,0.007389649900376592
1618.0,0.007389649900376592,0.007389649900376589,0.007389649900376592
1619.0,0.007389649900376592,0.007389649900376589,0.007389649900376592
1620.0,0.007389649900376592,0.007389649900376589,0.007389649900376592
1621.0,0.007389649900376592,0.007389649900376589,0.007389649900376592
1622.0,0.007389649900376592,0.007389649900376589,0.007389649900376592
1623.0,0.007389649900376592,0.007389649900376589,0.007389649900376592
1624.0,0.007389649900376592,0.007389649900376589,0.007389649900376592
1625.0,0.007389649900376592,0.007389649900376589,0.007389649900376592
1626.0,0.007389649900376592,0.007389649900376589,0.007389649900376592
1627.0,0.007389649900376592,0.007389649900376589,0.007389649900376592
1628.0,0.007389649900376592,0.007389649900376589,0.007389649900376592
1629.0,0.007389649900376592,0.007389649900376589,0.007389649900376592
1630.0,0.007389649900376592,0.007389649900376589,0.007389649900376592
1631.0,0.007389649900376592,0.007389649900376589,0.007389649900376592
1632.0,0.007389649900376592,0.007389649900376589,0.007389649900376592
1633.0,0.007389649900376592,0.007389649900376589,0.007389649900376592
1634.0,0.007389649900376592,0.007389649900376589,0.007389649900376592
1635.0,0.007389649900376592,0.007389649900376589,0.007389649900376592
1636.0,0.007389649900376592,0.007389649900376589,0.007389649900376592
1637.0,0.007389649900376592,0.007389649900376589,0.007389649900376592
1638.0,0.007389649900376592,0.007389649900376589,0.007389649900376592
1639.0,0.007389649900376592,0.007389649900376589,0.007389649900376592
1640.0,0.007389649900376592,0.007389649900376589,0.007389649900376592
1641.0,0.007389649900376592,0.007389649900376589,0.007389649900376592
1642.0,0.007389649900376592,0.007389649900376589,0.007389649900376592
1643.0,0.007389649900376592,0.007389649900376589,0.007389649900376592
1644.0,0.007389649900376592,0.007389649900376589,0.007389649900376592
1645.0,0.007389649900376592,0.007389649900376589,0.007389649900376592
1646.0,0.007389649900376592,0.007389649900376589,0.007389649900376592
1647.0,0.007389649900376592,0.007389649900376589,0.007389649900376592
1648.0,0.007389649900376592,0.007389649900376589,0.007389649900376592
1649.0,0.007389649900376592,0.007389649900376589,0.007389649900376592
1650.0,0.007389649900376592,0.007389649900376589,0.007389649900376592
1651.0,0.007389649900376592,0.007389649900376589,0.007389649900376592
1652.0,0.007389649900376592,0.007389649900376589,0.007389649900376592
1653.0,0.007389649900376592,0.007389649900376589,0.007389649900376592
1654.0,0.007389649900376592,0.007389649900376589,0.007389649900376592
1655.0,0.007389649900376592,0.007389649900376589,0.007389649900376592
1656.0,0.007389649900376592,0.007389649900376589,0.007389649900376592
1657.0,0.007389649900376592,0.007389649900376589,0.007389649900376592
1658.0,0.007389649900376592,0.007389649900376589,0.007389649900376592
1659.0,0.007389649900376592,0.007389649900376589,0.007389649900376592
1660.0,0.007389649900376592,0.007389649900376589,0.007389649900376592
1661.0,0.007389649900376592,0.007389649900376589,0.007389649900376592
1662.0,0.007389649900376592,0.007389649900376589,0.007389649900376592
1663.0,0.007389649900376592,0.007389649900376589,0.007389649900376592
1664.0,0.007389649900376592,0.007389649900376589,0.007389649900376592
1665.0,0.007389649900376592,0.007389649900376589,0.007389649900376592
1666.0,0.007389649900376592,0.007389649900376589,0.007389649900376592
1667.0,0.007389649900376592,0.007389649900376589,0.007389649900376592
1668.0,0.007389649900376592,0.007389649900376589,0.007389649900376592
1669.0,0.007389649900376592,0.007389649900376589,0.007389649900376592
1670.0,0.007389649900376592,0.007389649900376589,0.007389649900376592
1671.0,0.007389649900376592,0.007389649900376589,0.007389649900376592
1672.0,0.007389649900376592,0.007389649900376589,0.007389649900376592
1673.0,0.007389649900376592,0.007389649900376589,0.007389649900376592
1674.0,0.007389649900376592,0.007389649900376589,0.007389649900376592
1675.0,0.007389649900376592,0.007389649900376589,0.007389649900376592
1676.0,0.007389649900376592,0.007389649900376589,0.007389649900376592
1677.0,0.007389649900376592,0.007389649900376589,0.007389649900376592
1678.0,0.007389649900376592,0.007389649900376589,0.007389649900376592
1679.0,0.007389649900376592,0.007389649900376589,0.007389649900376592
1680.0,0.007389649900376592,0.007389649900376589,0.007389649900376592
1681.0,0.007389649900376592,0.007389649900376589,0.007389649900376592
1682.0,0.007389649900376592,0.007389649900376589,0.007389649900376592
1683.0,0.007389649900376592,0.007389649900376589,0.007389649900376592
1684.0,0.007389649900376592,0.007389649900376589,0.007389649900376592
1685.0,0.007389649900376592,0.007389649900376589,0.007389649900376592
1686.0,0.007389649900376592,0.007389649900376589,0.007389649900376592
1687.0,0.007389649900376592,0.007389649900376589,0.007389649900376592
1688.0,0.007389649900376592,0.007389649900376589,0.007389649900376592
1689.0,0.007389649900376592,0.007389649900376589,0.007389649900376592
1690.0,0.007389649900376592,0.007389649900376589,0.007389649900376592
1691.0,0.007389649900376592,0.007389649900376589,0.007389649900376592
1692.0,0.007389649900376592,0.007389649900376589,0.007389649900376592
1693.0,0.007389649900376592,0.007389649900376589,0.007389649900376592
1694.0,0.007389649900376592,0.007389649900376589,0.007389649900376592
1695.0,0.007389649900376592,0.007389649900376589,0.007389649900376592
1696.0,0.007389649900376592,0.007389649900376589,0.007389649900376592
1697.0,0.007389649900376592,0.007389649900376589,0.007389649900376592
1698.0,0.007389649900376592,0.007389649900376589,0.007389649900376592
1699.0,0.007389649900376592,0.007389649900376589,0.007389649900376592
1700.0,0.007389649900376592,0.007389649900376589,0.007389649900376592
1701.0,0.007389649900376592,0.007389649900376589,0.007389649900376592
1702.0,0.007389649900376592,0.007389649900376589,0.007389649900376592
1703.0,0.007389649900376592,0.007389649900376589,0.007389649900376592
1704.0,0.007389649900376592,0.007389649900376589,0.007389649900376592
1705.0,0.007389649900376592,0.007389649900376589,0.007389649900376592
1706.0,0.007389649900376592,0.007389649900376589,0.007389649900376592
1707.0,0.007389649900376592,0.007389649900376589,0.007389649900376592
1708.0,0.007389649900376592,0.007389649900376589,0.007389649900376592
1709.0,0.007389649900376592,0.007389649900376589,0.007389649900376592
1710.0,0.007389649900376592,0.007389649900376589,0.007389649900376592
1711.0,0.007389649900376592,0.007389649900376589,0.007389649900376592
1712.0,0.007389649900376592,0.007389649900376589,0.007389649900376592
1713.0,0.007389649900376592,0.007389649900376589,0.007389649900376592
1714.0,0.007389649900376592,0.007389649900376589,0.007389649900376592
1715.0,0.007389649900376592,0.007389649900376589,0.007389649900376592
1716.0,0.007389649900376592,0.007389649900376589,0.007389649900376592
1717.0,0.007389649900376592,0.007389649900376589,0.007389649900376592
1718.0,0.007389649900376592,0.007389649900376589,0.007389649900376592
1719.0,0.007389649900376592,0.007389649900376589,0.007389649900376592
1720.0,0.007389649900376592,0.007389649900376589,0.007389649900376592
1721.0,0.007389649900376592,0.007389649900376589,0.007389649900376592
1722.0,0.007389649900376592,0.007389649900376589,0.007389649900376592
1723.0,0.007389649900376592,0.007389649900376589,0.007389649900376592
1724.0,0.007389649900376592,0.007389649900376589,0.007389649900376592
1725.0,0.007389649900376592,0.007389649900376589,0.007389649900376592
1726.0,0.007389649900376592,0.007389649900376589,0.007389649900376592
1727.0,0.007389649900376592,0.007389649900376589,0.007389649900376592
1728.0,0.007389649900376592,0.007389649900376589,0.007389649900376592
1729.0,0.007389649900376592,0.007389649900376589,0.007389649900376592
1730.0,0.007389649900376592,0.007389649900376589,0.007389649900376592
1731.0,0.007389649900376592,0.007389649900376589,0.007389649900376592
1732.0,0.007389649900376592,0.007389649900376589,0.007389649900376592
1733.0,0.007389649900376592,0.007389649900376589,0.007389649900376592
1734.0,0.007389649900376592,0.007389649900376589,0.007389649900376592
1735.0,0.007389649900376592,0.007389649900376589,0.007389649900376592
1736.0,0.007389649900376592,0.007389649900376589,0.007389649900376592
1737.0,0.007389649900376592,0.007389649900376589,0.007389649900376592
1738.0,0.007389649900376592,0.007389649900376589,0.007389649900376592
1739.0,0.007389649900376592,0.007389649900376589,0.007389649900376592
1740.0,0.007389649900376592,0.007389649900376589,0.007389649900376592
1741.0,0.007389649900376592,0.007389649900376589,0.007389649900376592
1742.0,0.007389649900376592,0.007389649900376589,0.007389649900376592
1743.0,0.007389649900376592,0.007389649900376589,0.007389649900376592
1744.0,0.007389649900376592,0.007389649900376589,0.007389649900376592
1745.0,0.007389649900376592,0.007389649900376589,0.007389649900376592
1746.0,0.007389649900376592,0.007389649900376589,0.007389649900376592
1747.0,0.007389649900376592,0.007389649900376589,0.007389649900376592
1748.0,0.007389649900376592,0.007389649900376589,0.007389649900376592
1749.0,0.007389649900376592,0.007389649900376589,0.007389649900376592
1750.0,0.007389649900376592,0.007389649900376589,0.007389649900376592
1751.0,0.007389649900376592,0.007389649900376589,0.007389649900376592
1752.0,0.007389649900376592,0.007389649900376589,0.007389649900376592
1753.0,0.007389649900376592,0.007389649900376589,0.007389649900376592
1754.0,0.007389649900376592,0.007389649900376589,0.007389649900376592
1755.0,0.007389649900376592,0.007389649900376589,0.007389649900376592
1756.0,0.007389649900376592,0.007389649900376589,0.007389649900376592
1757.0,0.007389649900376592,0.007389649900376589,0.007389649900376592
1758.0,0.007389649900376592,0.007389649900376589,0.007389649900376592
1759.0,0.007389649900376592,0.007389649900376589,0.007389649900376592
1760.0,0.007389649900376592,0.007389649900376589,0.007389649900376592
1761.0,0.007389649900376592,0.007389649900376589,0.007389649900376592
1762.0,0.007389649900376592,0.007389649900376589,0.007389649900376592
1763.0,0.007389649900376592,0.007389649900376589,0.007389649900376592
1764.0,0.007389649900376592,0.007389649900376589,0.007389649900376592
1765.0,0.007389649900376592,0.007389649900376589,0.007389649900376592
1766.0,0.007389649900376592,0.007389649900376589,0.007389649900376592
1767.0,0.007389649900376592,0.007389649900376589,0.007389649900376592
1768.0,0.007389649900376592,0.007389649900376589,0.007389649900376592
1769.0,0.007389649900376592,0.007389649900376589,0.007389649900376592
1770.0,0.007389649900376592,0.007389649900376589,0.007389649900376592
1771.0,0.007389649900376592,0.007389649900376589,0.007389649900376592
1772.0,0.007389649900376592,0.007389649900376589,0.007389649900376592
1773.0,0.007389649900376592,0.007389649900376589,0.007389649900376592
1774.0,0.007389649900376592,0.007389649900376589,0.007389649900376592
1775.0,0.007389649900376592,0.007389649900376589,0.007389649900376592
1776.0,0.007389649900376592,0.007389649900376589,0.007389649900376592
1777.0,0.007389649900376592,0.007389649900376589,0.007389649900376592
1778.0,0.007389649900376592,0.007389649900376589,0.007389649900376592
1779.0,0.007389649900376592,0.007389649900376589,0.007389649900376592
1780.0,0.007389649900376592,0.007389649900376589,0.007389649900376592
1781.0,0.007389649900376592,0.007389649900376589,0.007389649900376592
1782.0,0.007389649900376592,0.007389649900376589,0.007389649900376592
1783.0,0.007389649900376592,0.007389649900376589,0.007389649900376592
1784.0,0.007389649900376592,0.007389649900376589,0.007389649900376592
1785.0,0.007389649900376592,0.007389649900376589,0.007389649900376592
1786.0,0.007389649900376592,0.007389649900376589,0.007389649900376592
1787.0,0.007389649900376592,0.007389649900376589,0.007389649900376592
1788.0,0.007389649900376592,0.007389649900376589,0.007389649900376592
1789.0,0.007389649900376592,0.007389649900376589,0.007389649900376592
1790.0,0.007389649900376592,0.007389649900376589,0.007389649900376592
1791.0,0.007389649900376592,0.007389649900376589,0.007389649900376592
1792.0,0.007389649900376592,0.007389649900376589,0.007389649900376592
1793.0,0.007389649900376592,0.007389649900376589,0.007389649900376592
1794.0,0.007389649900376592,0.007389649900376589,0.007389649900376592
1795.0,0.007389649900376592,0.007389649900376589,0.007389649900376592
1796.0,0.007389649900376592,0.007389649900376589,0.007389649900376592
1797.0,0.007389649900376592,0.007389649900376589,0.007389649900376592
1798.0,0.007389649900376592,0.007389649900376589,0.007389649900376592
1799.0,0.007389649900376592,0.007389649900376589,0.007389649900376592
1800.0,0.007389649900376592,0.007389649900376589,0.007389649900376592
1801.0,0.007389649900376592,0.007389649900376589,0.007389649900376592
1802.0,0.007389649900376592,0.007389649900376589,0.007389649900376592
1803.0,0.007389649900376592,0.007389649900376589,0.007389649900376592
1804.0,0.007389649900376592,0.007389649900376589,0.007389649900376592
1805.0,0.007389649900376592,0.007389649900376589,0.007389649900376592
1806.0,0.007389649900376592,0.007389649900376589,0.007389649900376592
1807.0,0.007389649900376592,0.007389649900376589,0.007389649900376592
1808.0,0.007389649900376592,0.007389649900376589,0.007389649900376592
1809.0,0.007389649900376592,0.007389649900376589,0.007389649900376592
1810.0,0.007389649900376592,0.007389649900376589,0.007389649900376592
1811.0,0.007389649900376592,0.007389649900376589,0.007389649900376592
1812.0,0.007389649900376592,0.007389649900376589,0.007389649900376592
1813.0,0.007389649900376592,0.007389649900376589,0.007389649900376592
1814.0,0.007389649900376592,0.007389649900376589,0.007389649900376592
1815.0,0.007389649900376592,0.007389649900376589,0.007389649900376592
1816.0,0.007389649900376592,0.007389649900376589,0.007389649900376592
1817.0,0.007389649900376592,0.007389649900376589,0.007389649900376592
1818.0,0.007389649900376592,0.007389649900376589,0.007389649900376592
1819.0,0.007389649900376592,0.007389649900376589,0.007389649900376592
1820.0,0.007389649900376592,0.007389649900376589,0.007389649900376592
1821.0,0.007389649900376592,0.007389649900376589,0.007389649900376592
1822.0,0.007389649900376592,0.007389649900376589,0.007389649900376592
1823.0,0.007389649900376592,0.007389649900376589,0.007389649900376592
1824.0,0.007389649900376592,0.007389649900376589,0.007389649900376592
1825.0,0.007389649900376592,0.007389649900376589,0.007389649900376592
1826.0,0.007389649900376592,0.007389649900376589,0.007389649900376592
1827.0,0.007389649900376592,0.007389649900376589,0.007389649900376592
1828.0,0.007389649900376592,0.007389649900376589,0.007389649900376592
1829.0,0.007389649900376592,0.007389649900376589,0.007389649900376592
1830.0,0.007389649900376592,0.007389649900376589,0.007389649900376592
1831.0,0.007389649900376592,0.007389649900376589,0.007389649900376592
1832.0,0.007389649900376592,0.007389649900376589,0.007389649900376592
1833.0,0.007389649900376592,0.007389649900376589,0.007389649900376592
1834.0,0.007389649900376592,0.007389649900376589,0.007389649900376592
1835.0,0.007389649900376592,0.007389649900376589,0.007389649900376592
1836.0,0.007389649900376592,0.007389649900376589,0.007389649900376592
1837.0,0.007389649900376592,0.007389649900376589,0.007389649900376592
1838.0,0.007389649900376592,0.007389649900376589,0.007389649900376592
1839.0,0.007389649900376592,0.007389649900376589,0.007389649900376592
1840.0,0.007389649900376592,0.007389649900376589,0.007389649900376592
1841.0,0.007389649900376592,0.007389649900376589,0.007389649900376592
1842.0,0.007389649900376592,0.007389649900376589,0.007389649900376592
1843.0,0.007389649900376592,0.007389649900376589,0.007389649900376592
1844.0,0.007389649900376592,0.007389649900376589,0.007389649900376592
1845.0,0.007389649900376592,0.007389649900376589,0.007389649900376592
1846.0,0.007389649900376592,0.007389649900376589,0.007389649900376592
1847.0,0.007389649900376592,0.007389649900376589,0.007389649900376592
1848.0,0.007389649900376592,0.007389649900376589,0.007389649900376592
1849.0,0.007389649900376592,0.007389649900376589,0.007389649900376592
1850.0,0.007389649900376592,0.007389649900376589,0.007389649900376592
1851.0,0.007389649900376592,0.007389649900376589,0.007389649900376592
1852.0,0.007389649900376592,0.007389649900376589,0.007389649900376592
1853.0,0.007389649900376592,0.007389649900376589,0.007389649900376592
1854.0,0.007389649900376592,0.007389649900376589,0.007389649900376592
1855.0,0.007389649900376592,0.007389649900376589,0.007389649900376592
1856.0,0.007389649900376592,0.007389649900376589,0.007389649900376592
1857.0,0.007389649900376592,0.007389649900376589,0.007389649900376592
1858.0,0.007389649900376592,0.007389649900376589,0.007389649900376592
1859.0,0.007389649900376592,0.007389649900376589,0.007389649900376592
1860.0,0.007389649900376592,0.007389649900376589,0.007389649900376592
1861.0,0.007389649900376592,0.007389649900376589,0.007389649900376592
1862.0,0.007389649900376592,0.007389649900376589,0.007389649900376592
1863.0,0.007389649900376592,0.007389649900376589,0.007389649900376592
1864.0,0.007389649900376592,0.007389649900376589,0.007389649900376592
1865.0,0.007389649900376592,0.007389649900376589,0.007389649900376592
1866.0,0.007389649900376592,0.007389649900376589,0.007389649900376592
1867.0,0.007389649900376592,0.007389649900376589,0.007389649900376592
1868.0,0.007389649900376592,0.007389649900376589,0.007389649900376592
1869.0,0.007389649900376592,0.007389649900376589,0.007389649900376592
1870.0,0.007389649900376592,0.007389649900376589,0.007389649900376592
1871.0,0.007389649900376592,0.007389649900376589,0.007389649900376592
1872.0,0.007389649900376592,0.007389649900376589,0.007389649900376592
1873.0,0.007389649900376592,0.007389649900376589,0.007389649900376592
1874.0,0.007389649900376592,0.007389649900376589,0.007389649900376592
1875.0,0.007389649900376592,0.007389649900376589,0.007389649900376592
1876.0,0.007389649900376592,0.007389649900376589,0.007389649900376592
1877.0,0.007389649900376592,0.007389649900376589,0.007389649900376592
1878.0,0.007389649900376592,0.007389649900376589,0.007389649900376592
1879.0,0.007389649900376592,0.007389649900376589,0.007389649900376592
1880.0,0.007389649900376592,0.007389649900376589,0.007389649900376592
1881.0,0.007389649900376592,0.007389649900376589,0.007389649900376592
1882.0,0.007389649900376592,0.007389649900376589,0.007389649900376592
1883.0,0.007389649900376592,0.007389649900376589,0.007389649900376592
1884.0,0.007389649900376592,0.007389649900376589,0.007389649900376592
1885.0,0.007389649900376592,0.007389649900376589,0.007389649900376592
1886.0,0.007389649900376592,0.007389649900376589,0.007389649900376592
1887.0,0.007389649900376592,0.007389649900376589,0.007389649900376592
1888.0,0.007389649900376592,0.007389649900376589,0.007389649900376592
1889.0,0.007389649900376592,0.007389649900376589,0.007389649900376592
1890.0,0.007389649900376592,0.007389649900376589,0.007389649900376592
1891.0,0.007389649900376592,0.007389649900376589,0.007389649900376592
1892.0,0.007389649900376592,0.007389649900376589,0.007389649900376592
1893.0,0.007389649900376592,0.007389649900376589,0.007389649900376592
1894.0,0.007389649900376592,0.007389649900376589,0.007389649900376592
1895.0,0.007389649900376592,0.007389649900376589,0.007389649900376592
1896.0,0.007389649900376592,0.007389649900376589,0.007389649900376592
1897.0,0.007389649900376592,0.007389649900376589,0.007389649900376592
1898.0,0.007389649900376592,0.007389649900376589,0.007389649900376592
1899.0,0.007389649900376592,0.007389649900376589,0.007389649900376592
1900.0,0.007389649900376592,0.007389649900376589,0.007389649900376592
1901.0,0.007389649900376592,0.007389649900376589,0.007389649900376592
1902.0,0.007389649900376592,0.007389649900376589,0.007389649900376592
1903.0,0.007389649900376592,0.007389649900376589,0.007389649900376592
1904.0,0.007389649900376592,0.007389649900376589,0.007389649900376592
1905.0,0.007389649900376592,0.007389649900376589,0.007389649900376592
1906.0,0.007389649900376592,0.007389649900376589,0.007389649900376592
1907.0,0.007389649900376592,0.007389649900376589,0.007389649900376592
1908.0,0.007389649900376592,0.007389649900376589,0.007389649900376592
1909.0,0.007389649900376592,0.007389649900376589,0.007389649900376592
1910.0,0.007389649900376592,0.007389649900376589,0.007389649900376592
1911.0,0.007389649900376592,0.007389649900376589,0.007389649900376592
1912.0,0.007389649900376592,0.007389649900376589,0.007389649900376592
1913.0,0.007389649900376592,0.007389649900376589,0.007389649900376592
1914.0,0.007389649900376592,0.007389649900376589,0.007389649900376592
1915.0,0.007389649900376592,0.007389649900376589,0.007389649900376592
1916.0,0.007389649900376592,0.007389649900376589,0.007389649900376592
1917.0,0.007389649900376592,0.007389649900376589,0.007389649900376592
1918.0,0.007389649900376592,0.007389649900376589,0.007389649900376592
1919.0,0.007389649900376592,0.007389649900376589,0.007389649900376592
1920.0,0.007389649900376592,0.007389649900376589,0.007389649900376592
1921.0,0.007389649900376592,0.007389649900376589,0.007389649900376592
1922.0,0.007389649900376592,0.007389649900376589,0.007389649900376592
1923.0,0.007389649900376592,0.007389649900376589,0.007389649900376592
1924.0,0.007389649900376592,0.007389649900376589,0.007389649900376592
1925.0,0.007389649900376592,0.007389649900376589,0.007389649900376592
1926.0,0.007389649900376592,0.007389649900376589,0.007389649900376592
1927.0,0.007389649900376592,0.007389649900376589,0.007389649900376592
1928.0,0.007389649900376592,0.007389649900376589,0.007389649900376592
1929.0,0.007389649900376592,0.007389649900376589,0.007389649900376592
1930.0,0.007389649900376592,0.007389649900376589,0.007389649900376592
1931.0,0.007389649900376592,0.007389649900376589,0.007389649900376592
1932.0,0.007389649900376592,0.007389649900376589,0.007389649900376592
1933.0,0.007389649900376592,0.007389649900376589,0.007389649900376592
1934.0,0.007389649900376592,0.007389649900376589,0.007389649900376592
1935.0,0.007389649900376592,0.007389649900376589,0.007389649900376592
1936.0,0.007389649900376592,0.007389649900376589,0.007389649900376592
1937.0,0.007389649900376592,0.007389649900376589,0.007389649900376592
1938.0,0.007389649900376592,0.007389649900376589,0.007389649900376592
1939.0,0.007389649900376592,0.007389649900376589,0.007389649900376592
1940.0,0.007389649900376592,0.007389649900376589,0.007389649900376592
1941.0,0.007389649900376592,0.007389649900376589,0.007389649900376592
1942.0,0.007389649900376592,0.007389649900376589,0.007389649900376592
1943.0,0.007389649900376592,0.007389649900376589,0.007389649900376592
1944.0,0.007389649900376592,0.007389649900376589,0.007389649900376592
1945.0,0.007389649900376592,0.007389649900376589,0.007389649900376592
1946.0,0.007389649900376592,0.007389649900376589,0.007389649900376592
1947.0,0.007389649900376592,0.007389649900376589,0.007389649900376592
1948.0,0.007389649900376592,0.007389649900376589,0.007389649900376592
1949.0,0.007389649900376592,0.007389649900376589,0.007389649900376592
1950.0,0.007389649900376592,0.007389649900376589,0.007389649900376592
1951.0,0.007389649900376592,0.007389649900376589,0.007389649900376592
1952.0,0.007389649900376592,0.007389649900376589,0.007389649900376592
1953.0,0.007389649900376592,0.007389649900376589,0.007389649900376592
1954.0,0.007389649900376592,0.007389649900376589,0.007389649900376592
1955.0,0.007389649900376592,0.007389649900376589,0.007389649900376592
1956.0,0.007389649900376592,0.007389649900376589,0.007389649900376592
1957.0,0.007389649900376592,0.007389649900376589,0.007389649900376592
1958.0,0.007389649900376592,0.007389649900376589,0.007389649900376592
1959.0,0.007389649900376592,0.007389649900376589,0.007389649900376592
1960.0,0.007389649900376592,0.007389649900376589,0.007389649900376592
1961.0,0.007389649900376592,0.007389649900376589,0.007389649900376592
1962.0,0.007389649900376592,0.007389649900376589,0.007389649900376592
1963.0,0.007389649900376592,0.007389649900376589,0.007389649900376592
1964.0,0.007389649900376592,0.007389649900376589,0.007389649900376592
1965.0,0.007389649900376592,0.007389649900376589,0.007389649900376592
1966.0,0.007389649900376592,0.007389649900376589,0.007389649900376592
1967.0,0.007389649900376592,0.007389649900376589,0.007389649900376592
1968.0,0.007389649900376592,0.007389649900376589,0.007389649900376592
1969.0,0.007389649900376592,0.007389649900376589,0.007389649900376592
1970.0,0.007389649900376592,0.007389649900376589,0.007389649900376592
1971.0,0.007389649900376592,0.007389649900376589,0.007389649900376592
1972.0,0.007389649900376592,0.007389649900376589,0.007389649900376592
1973.0,0.007389649900376592,0.007389649900376589,0.007389649900376592
1974.0,0.007389649900376592,0.007389649900376589,0.007389649900376592
1975.0,0.007389649900376592,0.007389649900376589,0.007389649900376592
1976.0,0.007389649900376592,0.007389649900376589,0.007389649900376592
1977.0,0.007389649900376592,0.007389649900376589,0.007389649900376592
1978.0,0.007389649900376592,0.007389649900376589,0.007389649900376592
1979.0,0.007389649900376592,0.007389649900376589,0.007389649900376592
1980.0,0.007389649900376592,0.007389649900376589,0.007389649900376592
1981.0,0.007389649900376592,0.007389649900376589,0.007389649900376592
1982.0,0.007389649900376592,0.007389649900376589,0.007389649900376592
1983.0,0.007389649900376592,0.007389649900376589,0.007389649900376592
1984.0,0.007389649900376592,0.007389649900376589,0.007389649900376592
1985.0,0.007389649900376592,0.007389649900376589,0.007389649900376592
1986.0,0.007389649900376592,0.007389649900376589,0.007389649900376592
1987.0,0.007389649900376592,0.007389649900376589,0.007389649900376592
1988.0,0.007389649900376592,0.007389649900376589,0.007389649900376592
1989.0,0.007389649900376592,0.007389649900376589,0.007389649900376592
1990.0,0.007389649900376592,0.007389649900376589,0.007389649900376592
1991.0,0.007389649900376592,0.007389649900376589,0.007389649900376592
1992.0,0.007389649900376592,0.007389649900376589,0.007389649900376592
1993.0,0.007389649900376592,0.007389649900376589,0.007389649900376592
1994.0,0.007389649900376592,0.007389649900376589,0.007389649900376592
1995.0,0.007389649900376592,0.007389649900376589,0.007389649900376592
1996.0,0.007389649900376592,0.007389649900376589,0.007389649900376592
1997.0,0.007389649900376592,0.007389649900376589,0.007389649900376592
1998.0,0.007389649900376592,0.007389649900376589,0.007389649900376592
1999.0,0.007389649900376592,0.007389649900376589,0.007389649900376592
2000.0,0.007389649900376592,0.007389649900376589,0.007389649900376592
